1.319140625000000000e+01
1.407598114013671875e+01
1.368257427215576172e+01
1.366256713867187500e+01
1.320861721038818359e+01
1.344474601745605469e+01
1.317658996582031250e+01
1.317289733886718750e+01
1.216301155090332031e+01
1.317116928100585938e+01
1.265265464782714844e+01
1.235468673706054688e+01
1.233336448669433594e+01
1.209667587280273438e+01
1.203251934051513672e+01
1.226628780364990234e+01
1.217258548736572266e+01
1.143948173522949219e+01
1.156750011444091797e+01
1.106263351440429688e+01
1.159810447692871094e+01
1.039550876617431641e+01
1.080923938751220703e+01
1.080770969390869141e+01
1.035636711120605469e+01
9.981718063354492188e+00
9.615194320678710938e+00
9.227588653564453125e+00
9.055431365966796875e+00
9.575689315795898438e+00
7.649903297424316406e+00
7.731921195983886719e+00
7.552289009094238281e+00
6.914687156677246094e+00
6.658746242523193359e+00
6.463520050048828125e+00
5.861766338348388672e+00
5.539771080017089844e+00
4.943647384643554688e+00
4.849055290222167969e+00
3.753944873809814453e+00
3.781233072280883789e+00
3.573249816894531250e+00
2.911016225814819336e+00
2.742394924163818359e+00
2.456257820129394531e+00
2.131050586700439453e+00
1.967411160469055176e+00
1.748820781707763672e+00
1.631434202194213867e+00
1.479034423828125000e+00
1.429401397705078125e+00
1.721420645713806152e+00
1.584573507308959961e+00
1.519443154335021973e+00
1.355776786804199219e+00
1.720096826553344727e+00
1.557520627975463867e+00
1.545858860015869141e+00
1.654418706893920898e+00
1.769950032234191895e+00
1.523367643356323242e+00
1.596344232559204102e+00
1.806389093399047852e+00
1.494801998138427734e+00
1.350056409835815430e+00
1.389062523841857910e+00
1.189883947372436523e+00
1.195205450057983398e+00
1.210474729537963867e+00
1.355861902236938477e+00
1.135115623474121094e+00
1.150868535041809082e+00
1.112654447555541992e+00
1.043236732482910156e+00
1.129046201705932617e+00
1.094558238983154297e+00
1.229967355728149414e+00
1.135702490806579590e+00
9.422043561935424805e-01
1.041836738586425781e+00
1.169548988342285156e+00
1.041936159133911133e+00
1.020056009292602539e+00
1.249472856521606445e+00
1.268313765525817871e+00
1.119251012802124023e+00
9.694645404815673828e-01
1.074885129928588867e+00
1.029764890670776367e+00
1.064350247383117676e+00
9.793068170547485352e-01
9.733370542526245117e-01
1.046988964080810547e+00
1.185054063796997070e+00
1.066492795944213867e+00
9.979915022850036621e-01
1.071601867675781250e+00
1.071981787681579590e+00
9.411237239837646484e-01
1.192727088928222656e+00
1.024573087692260742e+00
9.013378024101257324e-01
1.010042309761047363e+00
9.297101497650146484e-01
9.278680086135864258e-01
1.093725919723510742e+00
8.346854448318481445e-01
9.618868827819824219e-01
1.041491031646728516e+00
1.097388744354248047e+00
9.887629747390747070e-01
9.011499881744384766e-01
8.637831807136535645e-01
1.062468290328979492e+00
8.982985019683837891e-01
9.481498599052429199e-01
8.162364959716796875e-01
9.733610749244689941e-01
8.605801463127136230e-01
9.485902786254882812e-01
9.308704733848571777e-01
7.385182380676269531e-01
1.019747853279113770e+00
1.024680852890014648e+00
8.753274679183959961e-01
8.768714666366577148e-01
8.869208097457885742e-01
8.032094240188598633e-01
8.888102173805236816e-01
1.004100561141967773e+00
1.013859152793884277e+00
9.622882604598999023e-01
8.897446393966674805e-01
9.501014947891235352e-01
8.580219745635986328e-01
8.964658379554748535e-01
8.933080434799194336e-01
7.804772257804870605e-01
1.174910306930541992e+00
9.405661821365356445e-01
8.594201803207397461e-01
8.970841765403747559e-01
8.661409616470336914e-01
8.969447612762451172e-01
9.706323146820068359e-01
8.407025337219238281e-01
8.084949254989624023e-01
8.034033179283142090e-01
8.597146868705749512e-01
9.208513498306274414e-01
8.310276269912719727e-01
8.917999267578125000e-01
1.023048520088195801e+00
9.268050193786621094e-01
8.877503871917724609e-01
8.497917056083679199e-01
8.768454194068908691e-01
9.405360221862792969e-01
7.810024023056030273e-01
8.088228702545166016e-01
6.913285851478576660e-01
8.896962404251098633e-01
9.324771165847778320e-01
8.149952888488769531e-01
8.597046136856079102e-01
8.040163516998291016e-01
7.464998960494995117e-01
7.411022186279296875e-01
9.313091039657592773e-01
7.902063131332397461e-01
7.528244256973266602e-01
8.808671832084655762e-01
6.979198455810546875e-01
7.677966356277465820e-01
7.726224064826965332e-01
8.781576752662658691e-01
7.846758365631103516e-01
9.696007966995239258e-01
7.585045099258422852e-01
8.011395335197448730e-01
9.603670835494995117e-01
8.426043391227722168e-01
1.040274739265441895e+00
8.589153885841369629e-01
8.702971935272216797e-01
8.182086348533630371e-01
8.451706171035766602e-01
8.540064096450805664e-01
9.224371314048767090e-01
9.004683494567871094e-01
7.874495983123779297e-01
7.346211671829223633e-01
8.563929796218872070e-01
1.073642730712890625e+00
6.663026809692382812e-01
1.039286851882934570e+00
8.236320614814758301e-01
8.396785259246826172e-01
8.117439746856689453e-01
8.985438346862792969e-01
7.270213961601257324e-01
7.798066139221191406e-01
8.174870014190673828e-01
8.456179499626159668e-01
9.466956257820129395e-01
7.879790067672729492e-01
8.366472721099853516e-01
9.312512278556823730e-01
7.720343470573425293e-01
9.693384766578674316e-01
7.508674860000610352e-01
7.236302495002746582e-01
7.280181646347045898e-01
9.075254201889038086e-01
9.329483509063720703e-01
8.753521442413330078e-01
8.817440271377563477e-01
7.696459889411926270e-01
8.466475605964660645e-01
9.750255346298217773e-01
8.514125347137451172e-01
7.665844559669494629e-01
7.787461280822753906e-01
8.394675850868225098e-01
7.036744356155395508e-01
8.810849189758300781e-01
8.553544282913208008e-01
8.888134956359863281e-01
7.656191587448120117e-01
7.026060819625854492e-01
9.683257937431335449e-01
6.911851167678833008e-01
8.326457142829895020e-01
7.758415937423706055e-01
8.852578401565551758e-01
7.671697139739990234e-01
9.298808574676513672e-01
8.991594910621643066e-01
8.307186365127563477e-01
8.251190185546875000e-01
6.381690502166748047e-01
7.084175944328308105e-01
7.369571924209594727e-01
7.471685409545898438e-01
7.322159409523010254e-01
8.008618950843811035e-01
8.130816221237182617e-01
9.513036012649536133e-01
8.371983766555786133e-01
6.766382455825805664e-01
6.548510789871215820e-01
7.837734222412109375e-01
1.069195270538330078e+00
7.643204927444458008e-01
8.286294937133789062e-01
7.543807029724121094e-01
8.939706087112426758e-01
7.976165413856506348e-01
8.845588564872741699e-01
7.855690717697143555e-01
8.749274015426635742e-01
9.718601703643798828e-01
8.259930014610290527e-01
8.388227820396423340e-01
7.402101755142211914e-01
6.890515089035034180e-01
1.031649589538574219e+00
8.554521799087524414e-01
7.425621747970581055e-01
8.868418931961059570e-01
8.471838235855102539e-01
7.459867596626281738e-01
9.623395204544067383e-01
8.525329828262329102e-01
8.996520638465881348e-01
1.014731884002685547e+00
8.178331851959228516e-01
7.255229353904724121e-01
7.630890607833862305e-01
7.324029207229614258e-01
6.085344552993774414e-01
7.765386700630187988e-01
8.787946701049804688e-01
8.624002337455749512e-01
8.815741539001464844e-01
7.483260631561279297e-01
8.147002458572387695e-01
6.791431903839111328e-01
1.001728296279907227e+00
7.667629718780517578e-01
9.483241438865661621e-01
7.755861282348632812e-01
8.015329837799072266e-01
8.777401447296142578e-01
7.903423309326171875e-01
8.854202032089233398e-01
7.670443058013916016e-01
7.255721092224121094e-01
7.985328435897827148e-01
8.006602525711059570e-01
6.830043196678161621e-01
9.229959249496459961e-01
6.402384638786315918e-01
7.020583152770996094e-01
7.308976054191589355e-01
9.211263656616210938e-01
7.704957723617553711e-01
7.310843467712402344e-01
8.647653460502624512e-01
8.447057008743286133e-01
8.919573426246643066e-01
7.324173450469970703e-01
8.979418277740478516e-01
8.252091407775878906e-01
8.936054706573486328e-01
9.331084489822387695e-01
8.184812068939208984e-01
7.042199969291687012e-01
9.537167549133300781e-01
9.268414974212646484e-01
8.906151056289672852e-01
9.971615672111511230e-01
8.478031754493713379e-01
6.620368957519531250e-01
9.223808050155639648e-01
9.283981323242187500e-01
6.168953180313110352e-01
8.650815486907958984e-01
8.895854949951171875e-01
8.248066902160644531e-01
8.578595519065856934e-01
7.064858675003051758e-01
8.362387418746948242e-01
7.542423009872436523e-01
6.475548744201660156e-01
9.206787347793579102e-01
8.275249600410461426e-01
8.260680437088012695e-01
7.227330803871154785e-01
8.780831098556518555e-01
7.873469591140747070e-01
9.327363967895507812e-01
8.981717228889465332e-01
8.163760900497436523e-01
8.655620217323303223e-01
8.137663006782531738e-01
7.279711961746215820e-01
7.905415892601013184e-01
7.210222482681274414e-01
8.199347257614135742e-01
7.541147470474243164e-01
8.427054286003112793e-01
7.573361992835998535e-01
6.208244562149047852e-01
7.158848047256469727e-01
8.007389307022094727e-01
6.743753552436828613e-01
7.562458515167236328e-01
7.684418559074401855e-01
7.301788330078125000e-01
7.923051118850708008e-01
7.461729049682617188e-01
7.740324139595031738e-01
6.750186681747436523e-01
7.606139779090881348e-01
6.953420639038085938e-01
7.452439665794372559e-01
6.198207139968872070e-01
8.254907727241516113e-01
6.729386448860168457e-01
7.232657670974731445e-01
6.637092828750610352e-01
7.948181629180908203e-01
8.151594400405883789e-01
8.521279096603393555e-01
8.045336008071899414e-01
6.362565159797668457e-01
7.113879323005676270e-01
7.142050266265869141e-01
6.383622288703918457e-01
6.767488718032836914e-01
7.102791070938110352e-01
7.390537261962890625e-01
7.848833203315734863e-01
6.864305138587951660e-01
7.660967707633972168e-01
7.460287213325500488e-01
7.547782659530639648e-01
6.114923357963562012e-01
7.732872962951660156e-01
7.205897569656372070e-01
7.568432092666625977e-01
7.768201828002929688e-01
7.120108604431152344e-01
8.904165029525756836e-01
7.663305997848510742e-01
9.169294834136962891e-01
7.039415240287780762e-01
7.966417670249938965e-01
7.561289072036743164e-01
7.374327182769775391e-01
7.851639986038208008e-01
6.618021726608276367e-01
8.640959858894348145e-01
7.042695283889770508e-01
7.060980796813964844e-01
7.413688898086547852e-01
6.439682245254516602e-01
7.589528560638427734e-01
8.349151015281677246e-01
7.654479146003723145e-01
6.541867256164550781e-01
7.472307085990905762e-01
7.856408357620239258e-01
6.893728971481323242e-01
6.709266901016235352e-01
6.836684942245483398e-01
7.938791513442993164e-01
8.643318414688110352e-01
8.466676473617553711e-01
7.021585106849670410e-01
7.221198081970214844e-01
6.689335703849792480e-01
7.339851856231689453e-01
8.148188591003417969e-01
6.484261155128479004e-01
6.773613095283508301e-01
6.571007966995239258e-01
7.349877953529357910e-01
6.665792465209960938e-01
7.819705009460449219e-01
7.651736140251159668e-01
5.742170810699462891e-01
8.036553859710693359e-01
7.489621639251708984e-01
7.683466672897338867e-01
6.936346292495727539e-01
5.863409042358398438e-01
7.700307369232177734e-01
7.417820692062377930e-01
7.536478042602539062e-01
8.168678283691406250e-01
7.979871034622192383e-01
7.954345345497131348e-01
6.237453222274780273e-01
6.588694453239440918e-01
8.153741359710693359e-01
8.646981716156005859e-01
8.366189002990722656e-01
7.900370359420776367e-01
6.757197976112365723e-01
7.845178842544555664e-01
8.744131326675415039e-01
6.824465990066528320e-01
8.348935246467590332e-01
7.934741973876953125e-01
7.673110961914062500e-01
7.191634774208068848e-01
7.510075569152832031e-01
6.628842353820800781e-01
7.466545701026916504e-01
9.146487116813659668e-01
7.486736774444580078e-01
8.537629842758178711e-01
9.039799571037292480e-01
7.098230123519897461e-01
7.012004852294921875e-01
7.543969154357910156e-01
5.642987489700317383e-01
7.328394651412963867e-01
7.106431722640991211e-01
7.725849747657775879e-01
8.175344467163085938e-01
7.586179375648498535e-01
7.829715013504028320e-01
7.403585910797119141e-01
6.267328858375549316e-01
7.703051567077636719e-01
7.009851932525634766e-01
6.229244470596313477e-01
8.066619634628295898e-01
8.934361338615417480e-01
6.412554979324340820e-01
6.847275495529174805e-01
8.718916773796081543e-01
5.990506410598754883e-01
6.793429255485534668e-01
8.103107810020446777e-01
7.817892432212829590e-01
7.607420682907104492e-01
7.068212628364562988e-01
7.374624013900756836e-01
6.697375178337097168e-01
6.696903109550476074e-01
7.312251329421997070e-01
8.079181909561157227e-01
7.863969206809997559e-01
7.306365370750427246e-01
7.495957612991333008e-01
7.275247573852539062e-01
8.299668431282043457e-01
8.081423640251159668e-01
6.599041819572448730e-01
6.980067491531372070e-01
7.241359949111938477e-01
6.455392837524414062e-01
6.329953670501708984e-01
8.985332250595092773e-01
8.727343082427978516e-01
7.988075017929077148e-01
9.074601531028747559e-01
7.414118051528930664e-01
7.620938420295715332e-01
8.000587224960327148e-01
8.481179475784301758e-01
6.581164598464965820e-01
8.681196570396423340e-01
6.940195560455322266e-01
8.938143849372863770e-01
7.273432016372680664e-01
6.906952261924743652e-01
6.667128801345825195e-01
8.440364003181457520e-01
7.900357246398925781e-01
8.599746227264404297e-01
6.104128360748291016e-01
7.281795740127563477e-01
8.314784169197082520e-01
7.475364208221435547e-01
8.283399343490600586e-01
7.123247385025024414e-01
6.403089761734008789e-01
6.831369400024414062e-01
7.461790442466735840e-01
9.114621281623840332e-01
7.527011036872863770e-01
6.991534233093261719e-01
7.944583892822265625e-01
8.806893825531005859e-01
7.107021808624267578e-01
7.682300806045532227e-01
8.477730154991149902e-01
7.465677857398986816e-01
7.663979530334472656e-01
7.105019688606262207e-01
7.747812271118164062e-01
6.570786833763122559e-01
7.049114704132080078e-01
6.373565793037414551e-01
7.208269834518432617e-01
6.978529095649719238e-01
7.451460361480712891e-01
8.279071450233459473e-01
7.643574476242065430e-01
7.437146902084350586e-01
8.048441410064697266e-01
7.335543036460876465e-01
7.176357507705688477e-01
7.532471418380737305e-01
8.032368421554565430e-01
7.358437776565551758e-01
7.401562333106994629e-01
7.155805826187133789e-01
8.833754658699035645e-01
7.298002243041992188e-01
6.006262898445129395e-01
8.234276771545410156e-01
7.661749124526977539e-01
6.234862804412841797e-01
7.839531302452087402e-01
6.939938068389892578e-01
7.754513025283813477e-01
9.196649789810180664e-01
8.137779235839843750e-01
7.634807825088500977e-01
7.577744722366333008e-01
7.487180233001708984e-01
7.690675258636474609e-01
5.622361898422241211e-01
6.803845167160034180e-01
6.226071715354919434e-01
7.816600203514099121e-01
7.181146144866943359e-01
7.587487697601318359e-01
8.444107770919799805e-01
8.763111233711242676e-01
8.890911340713500977e-01
8.829025626182556152e-01
7.945515513420104980e-01
6.746509671211242676e-01
7.931190729141235352e-01
7.077279090881347656e-01
8.702074885368347168e-01
8.202679157257080078e-01
7.376935482025146484e-01
8.376026153564453125e-01
7.217546105384826660e-01
7.762196063995361328e-01
6.403062939643859863e-01
7.546772956848144531e-01
7.570198774337768555e-01
7.565867900848388672e-01
7.725635170936584473e-01
7.624983787536621094e-01
7.336113452911376953e-01
6.858474016189575195e-01
6.948738098144531250e-01
7.519870996475219727e-01
7.943279147148132324e-01
7.116938233375549316e-01
7.982255816459655762e-01
6.943778395652770996e-01
7.382577657699584961e-01
7.730436325073242188e-01
7.066222429275512695e-01
8.089034557342529297e-01
7.400799989700317383e-01
6.689519286155700684e-01
8.160297870635986328e-01
8.333516120910644531e-01
6.865530014038085938e-01
7.769283652305603027e-01
6.426777839660644531e-01
7.480269670486450195e-01
8.619856238365173340e-01
7.108799219131469727e-01
7.542867660522460938e-01
7.048702836036682129e-01
6.240122318267822266e-01
7.950054407119750977e-01
7.653726339340209961e-01
7.358945608139038086e-01
6.797908544540405273e-01
6.168177127838134766e-01
8.954452872276306152e-01
7.289609909057617188e-01
7.208344340324401855e-01
7.335638403892517090e-01
7.917408347129821777e-01
8.036190271377563477e-01
8.903750777244567871e-01
7.662284970283508301e-01
7.343007922172546387e-01
7.980984449386596680e-01
7.553730010986328125e-01
6.700764298439025879e-01
7.244894504547119141e-01
7.517340183258056641e-01
6.493145227432250977e-01
6.445466279983520508e-01
8.450908660888671875e-01
8.553273677825927734e-01
7.783924937248229980e-01
8.004812002182006836e-01
8.098845481872558594e-01
6.433743238449096680e-01
7.889634370803833008e-01
6.436824202537536621e-01
7.296378016471862793e-01
8.403388261795043945e-01
7.039866447448730469e-01
7.168979644775390625e-01
7.067208290100097656e-01
8.570443391799926758e-01
7.926405072212219238e-01
7.747371196746826172e-01
7.824153900146484375e-01
6.492581367492675781e-01
4.967189431190490723e-01
8.099820613861083984e-01
8.374500870704650879e-01
7.426068782806396484e-01
7.411068677902221680e-01
6.836045980453491211e-01
8.305099010467529297e-01
7.789561748504638672e-01
5.877189040184020996e-01
8.129299879074096680e-01
7.219985723495483398e-01
8.140141963958740234e-01
7.686532139778137207e-01
5.858018398284912109e-01
7.089545130729675293e-01
9.107764959335327148e-01
8.256653547286987305e-01
6.838361024856567383e-01
9.289075136184692383e-01
7.864226102828979492e-01
8.037376403808593750e-01
8.550478816032409668e-01
7.572860717773437500e-01
8.071833252906799316e-01
9.169830083847045898e-01
6.369105577468872070e-01
7.328420281410217285e-01
6.393138170242309570e-01
1.123763918876647949e+00
8.161208629608154297e-01
7.629503011703491211e-01
7.540529966354370117e-01
6.576402187347412109e-01
7.040859460830688477e-01
8.873067498207092285e-01
7.506738901138305664e-01
7.397652864456176758e-01
8.845525979995727539e-01
8.423022031784057617e-01
7.327549457550048828e-01
7.037038803100585938e-01
6.852759718894958496e-01
5.814532637596130371e-01
6.433436274528503418e-01
7.133013010025024414e-01
6.459834575653076172e-01
6.439847350120544434e-01
6.769703626632690430e-01
7.272684574127197266e-01
6.987395286560058594e-01
6.509088277816772461e-01
5.767079591751098633e-01
6.828258037567138672e-01
6.568379402160644531e-01
7.351496219635009766e-01
7.692466378211975098e-01
5.635249614715576172e-01
6.990149021148681641e-01
7.034915685653686523e-01
6.007620692253112793e-01
6.439062356948852539e-01
7.704281806945800781e-01
5.367586612701416016e-01
6.964676380157470703e-01
6.377325057983398438e-01
7.167373299598693848e-01
6.398026943206787109e-01
6.985183954238891602e-01
6.250963211059570312e-01
7.683073282241821289e-01
6.508001089096069336e-01
8.767305612564086914e-01
6.847724914550781250e-01
7.218101620674133301e-01
7.278988361358642578e-01
7.686781883239746094e-01
6.988693475723266602e-01
6.993214488029479980e-01
7.506027221679687500e-01
7.285781502723693848e-01
6.099223494529724121e-01
7.955173850059509277e-01
8.272376060485839844e-01
6.829193830490112305e-01
8.065296411514282227e-01
9.037985801696777344e-01
6.489285230636596680e-01
6.840198040008544922e-01
6.765383481979370117e-01
6.825726032257080078e-01
8.451015949249267578e-01
6.524085998535156250e-01
8.813303709030151367e-01
6.759773492813110352e-01
7.641636729240417480e-01
6.983499526977539062e-01
5.428248643875122070e-01
7.464128732681274414e-01
6.743503212928771973e-01
6.162967681884765625e-01
6.766032576560974121e-01
7.330124974250793457e-01
8.170275092124938965e-01
7.700248956680297852e-01
7.399126291275024414e-01
6.525050401687622070e-01
7.008358240127563477e-01
7.798213958740234375e-01
7.468109726905822754e-01
7.867760062217712402e-01
7.639613151550292969e-01
6.903340220451354980e-01
8.738791942596435547e-01
6.450519561767578125e-01
7.470929622650146484e-01
7.658644914627075195e-01
7.207208275794982910e-01
6.464726924896240234e-01
6.456460952758789062e-01
9.928576946258544922e-01
7.205173373222351074e-01
5.778865814208984375e-01
6.827823519706726074e-01
8.556571006774902344e-01
8.065122961997985840e-01
7.128864526748657227e-01
6.381406784057617188e-01
6.561513543128967285e-01
7.618857622146606445e-01
7.435932159423828125e-01
7.128814458847045898e-01
8.456006050109863281e-01
6.777749061584472656e-01
7.254295349121093750e-01
7.751973867416381836e-01
6.456478238105773926e-01
7.813144326210021973e-01
7.368899583816528320e-01
7.097404003143310547e-01
7.379652857780456543e-01
8.523681759834289551e-01
7.846059799194335938e-01
7.660329341888427734e-01
7.595052719116210938e-01
8.062103986740112305e-01
6.709601879119873047e-01
5.986578464508056641e-01
6.340103149414062500e-01
6.723598837852478027e-01
7.568533420562744141e-01
7.275767922401428223e-01
6.728417873382568359e-01
5.769053697586059570e-01
7.566604614257812500e-01
6.534837484359741211e-01
6.734637618064880371e-01
7.276322245597839355e-01
5.931192040443420410e-01
8.395958542823791504e-01
7.431160807609558105e-01
7.998422384262084961e-01
7.168846726417541504e-01
8.275320529937744141e-01
7.124307751655578613e-01
8.422834873199462891e-01
6.856290102005004883e-01
6.772636175155639648e-01
6.993397474288940430e-01
6.869690418243408203e-01
6.343672871589660645e-01
6.500716209411621094e-01
7.798152565956115723e-01
5.811855196952819824e-01
8.092211484909057617e-01
6.372684836387634277e-01
6.354159116744995117e-01
6.635943651199340820e-01
6.500840783119201660e-01
8.226596117019653320e-01
6.890442967414855957e-01
7.937917113304138184e-01
6.537744998931884766e-01
6.100044250488281250e-01
6.119776368141174316e-01
8.855726122856140137e-01
8.599986433982849121e-01
9.314649105072021484e-01
7.872598171234130859e-01
7.508590221405029297e-01
6.655408143997192383e-01
7.779448628425598145e-01
7.378613948822021484e-01
6.471470594406127930e-01
8.442637920379638672e-01
6.706418991088867188e-01
7.671176791191101074e-01
7.718586325645446777e-01
5.676749944686889648e-01
6.096948385238647461e-01
6.874365210533142090e-01
7.333098649978637695e-01
7.222542762756347656e-01
6.244261264801025391e-01
7.969512939453125000e-01
6.504011750221252441e-01
7.802578210830688477e-01
8.020530939102172852e-01
7.180818319320678711e-01
7.786369323730468750e-01
7.401676774024963379e-01
6.551272869110107422e-01
7.662438154220581055e-01
6.501752138137817383e-01
6.131772994995117188e-01
7.498236894607543945e-01
6.362831592559814453e-01
8.113961219787597656e-01
8.377014994621276855e-01
8.339861631393432617e-01
8.133358359336853027e-01
7.168744206428527832e-01
6.826345920562744141e-01
7.780971527099609375e-01
8.602905869483947754e-01
7.724127769470214844e-01
8.064168691635131836e-01
6.322816610336303711e-01
7.353484630584716797e-01
8.268275260925292969e-01
7.727258205413818359e-01
7.114338278770446777e-01
6.958664655685424805e-01
6.905634403228759766e-01
7.434917688369750977e-01
7.135695219039916992e-01
7.529616951942443848e-01
6.378841996192932129e-01
7.287101745605468750e-01
7.004957199096679688e-01
6.754190921783447266e-01
6.111485958099365234e-01
8.934511542320251465e-01
6.959677934646606445e-01
7.064329385757446289e-01
7.550299167633056641e-01
8.123443722724914551e-01
7.879561185836791992e-01
8.639614582061767578e-01
6.787557601928710938e-01
6.513345241546630859e-01
6.849462985992431641e-01
7.349846363067626953e-01
8.327042460441589355e-01
7.468229532241821289e-01
8.119380474090576172e-01
6.923953294754028320e-01
7.571142315864562988e-01
8.312044143676757812e-01
7.745489478111267090e-01
7.899239063262939453e-01
7.020568847656250000e-01
5.590460896492004395e-01
6.448082923889160156e-01
7.055162191390991211e-01
8.011620640754699707e-01
7.447913289070129395e-01
8.099557161331176758e-01
6.329936981201171875e-01
6.940677762031555176e-01
7.144377231597900391e-01
6.989237070083618164e-01
7.242085933685302734e-01
7.443813085556030273e-01
8.210301399230957031e-01
8.308658599853515625e-01
7.923724651336669922e-01
7.830733060836791992e-01
7.688913345336914062e-01
6.871877312660217285e-01
5.842928886413574219e-01
8.247184753417968750e-01
6.403419971466064453e-01
7.415741682052612305e-01
7.265826463699340820e-01
6.436249613761901855e-01
6.140110492706298828e-01
7.788354158401489258e-01
6.638846397399902344e-01
7.479130625724792480e-01
7.877838611602783203e-01
6.877089738845825195e-01
7.490129470825195312e-01
7.923433780670166016e-01
7.172640562057495117e-01
7.345777750015258789e-01
6.858899593353271484e-01
6.927320957183837891e-01
6.692039966583251953e-01
6.129803657531738281e-01
6.495609879493713379e-01
8.871493339538574219e-01
7.494102716445922852e-01
6.957402825355529785e-01
7.979960441589355469e-01
7.263911962509155273e-01
7.125672101974487305e-01
6.910367608070373535e-01
6.642119884490966797e-01
7.401342391967773438e-01
7.426393628120422363e-01
7.187290191650390625e-01
7.911869883537292480e-01
7.359846234321594238e-01
7.618434429168701172e-01
7.550943493843078613e-01
6.085300445556640625e-01
7.341322898864746094e-01
8.297033309936523438e-01
6.746551990509033203e-01
7.630841135978698730e-01
6.851931810379028320e-01
7.390964627265930176e-01
8.123813867568969727e-01
7.200783491134643555e-01
7.201257348060607910e-01
8.029094338417053223e-01
7.439814805984497070e-01
8.054162263870239258e-01
7.106648683547973633e-01
6.659092903137207031e-01
7.167496681213378906e-01
7.208103537559509277e-01
7.470089197158813477e-01
7.842958569526672363e-01
6.552680730819702148e-01
6.105944514274597168e-01
6.917359828948974609e-01
8.006595969200134277e-01
7.688159942626953125e-01
6.386301517486572266e-01
6.924155950546264648e-01
7.438103556632995605e-01
9.049011468887329102e-01
7.145727872848510742e-01
6.841495037078857422e-01
6.943019628524780273e-01
7.255815267562866211e-01
8.201261758804321289e-01
7.190555334091186523e-01
7.296407222747802734e-01
6.622353792190551758e-01
7.456855773925781250e-01
7.440339922904968262e-01
7.819613218307495117e-01
8.905338644981384277e-01
7.608374357223510742e-01
5.952473282814025879e-01
6.196320056915283203e-01
7.095062732696533203e-01
6.481131315231323242e-01
6.752948164939880371e-01
7.887258529663085938e-01
8.965582251548767090e-01
7.515830993652343750e-01
8.334314823150634766e-01
6.906350851058959961e-01
7.994964122772216797e-01
7.496283054351806641e-01
7.995854616165161133e-01
8.203753232955932617e-01
6.616822481155395508e-01
7.080816030502319336e-01
7.880402803421020508e-01
8.210726976394653320e-01
6.957168579101562500e-01
7.288576364517211914e-01
7.007700800895690918e-01
6.792570352554321289e-01
6.473496556282043457e-01
7.227663397789001465e-01
6.303836703300476074e-01
8.102693557739257812e-01
7.190090417861938477e-01
7.460662126541137695e-01
5.826160311698913574e-01
7.045766711235046387e-01
6.907172203063964844e-01
6.475113034248352051e-01
7.957078218460083008e-01
8.283337354660034180e-01
6.702964305877685547e-01
7.021899223327636719e-01
7.079901695251464844e-01
6.780458688735961914e-01
6.734766364097595215e-01
6.459608078002929688e-01
6.618023514747619629e-01
6.738401651382446289e-01
6.603288650512695312e-01
7.396336197853088379e-01
5.825097560882568359e-01
6.860139369964599609e-01
6.670510768890380859e-01
6.020496487617492676e-01
5.869514942169189453e-01
5.786069631576538086e-01
8.009064793586730957e-01
6.338025331497192383e-01
7.261056900024414062e-01
5.920392274856567383e-01
6.537284851074218750e-01
6.848430037498474121e-01
7.078443765640258789e-01
5.887465476989746094e-01
5.919632911682128906e-01
6.116898059844970703e-01
6.163070201873779297e-01
6.375200152397155762e-01
5.986307263374328613e-01
7.293508052825927734e-01
5.940068960189819336e-01
6.599052548408508301e-01
6.431435346603393555e-01
6.819934844970703125e-01
7.901270389556884766e-01
5.349875688552856445e-01
5.697476863861083984e-01
6.421744823455810547e-01
6.489146947860717773e-01
5.904096364974975586e-01
6.593416929244995117e-01
6.519570350646972656e-01
6.985049247741699219e-01
5.279370546340942383e-01
6.726691722869873047e-01
7.282313108444213867e-01
6.628689765930175781e-01
6.843373775482177734e-01
6.111205220222473145e-01
7.530530095100402832e-01
7.057657837867736816e-01
8.182885646820068359e-01
6.913339495658874512e-01
6.016359329223632812e-01
6.205019950866699219e-01
6.363556385040283203e-01
6.619678139686584473e-01
6.652383804321289062e-01
8.353188037872314453e-01
7.066681385040283203e-01
6.445869207382202148e-01
6.626681089401245117e-01
8.310961723327636719e-01
7.119840383529663086e-01
6.433011293411254883e-01
6.474155187606811523e-01
6.250931620597839355e-01
6.462740898132324219e-01
8.858877420425415039e-01
5.424357056617736816e-01
5.179145932197570801e-01
6.811791062355041504e-01
5.980975031852722168e-01
6.235499382019042969e-01
7.418155670166015625e-01
6.415643095970153809e-01
7.155276536941528320e-01
6.009191274642944336e-01
6.635175943374633789e-01
7.868828177452087402e-01
7.027171850204467773e-01
6.363475322723388672e-01
8.544285893440246582e-01
6.488735675811767578e-01
7.297227382659912109e-01
8.422075510025024414e-01
6.543961763381958008e-01
7.322552204132080078e-01
6.261605024337768555e-01
6.524254083633422852e-01
5.183236598968505859e-01
7.697124481201171875e-01
5.592130422592163086e-01
6.214392185211181641e-01
6.236659288406372070e-01
6.444066762924194336e-01
6.026179790496826172e-01
7.416018843650817871e-01
7.587264776229858398e-01
6.954960227012634277e-01
8.820312023162841797e-01
8.333101272583007812e-01
6.990051269531250000e-01
6.995317935943603516e-01
7.874535322189331055e-01
6.418366432189941406e-01
7.548390626907348633e-01
6.156310439109802246e-01
7.881841659545898438e-01
6.090234518051147461e-01
6.568660736083984375e-01
7.002847790718078613e-01
6.239076852798461914e-01
7.897599935531616211e-01
5.874746441841125488e-01
8.747600913047790527e-01
7.567662596702575684e-01
5.396437644958496094e-01
7.213182449340820312e-01
8.180242776870727539e-01
7.422947287559509277e-01
7.680512666702270508e-01
7.594531774520874023e-01
6.095176935195922852e-01
6.743836402893066406e-01
6.066926121711730957e-01
6.969810724258422852e-01
5.374327898025512695e-01
7.520859837532043457e-01
7.070859670639038086e-01
6.772830486297607422e-01
6.512641906738281250e-01
6.393553018569946289e-01
7.081743478775024414e-01
7.477736473083496094e-01
7.178965806961059570e-01
8.510172367095947266e-01
6.864751577377319336e-01
7.744773030281066895e-01
7.403770685195922852e-01
7.971615791320800781e-01
6.651741266250610352e-01
6.961027383804321289e-01
6.651635169982910156e-01
6.601082086563110352e-01
6.831341981887817383e-01
7.556043863296508789e-01
6.541615724563598633e-01
8.497192859649658203e-01
5.929545164108276367e-01
6.474731564521789551e-01
6.225086450576782227e-01
6.123409271240234375e-01
9.845987558364868164e-01
7.213641405105590820e-01
5.786390304565429688e-01
7.202357053756713867e-01
7.628114223480224609e-01
6.793510317802429199e-01
6.957799792289733887e-01
6.769877076148986816e-01
6.683307886123657227e-01
5.773664712905883789e-01
8.179361820220947266e-01
6.383912563323974609e-01
5.614775419235229492e-01
6.337630748748779297e-01
7.362444400787353516e-01
8.647496700286865234e-01
8.241243362426757812e-01
9.794658422470092773e-01
7.794563174247741699e-01
7.696835994720458984e-01
7.869004011154174805e-01
7.196262478828430176e-01
6.834435462951660156e-01
7.940444946289062500e-01
7.510355710983276367e-01
7.857856750488281250e-01
6.982889175415039062e-01
8.099967241287231445e-01
7.175158262252807617e-01
6.902937293052673340e-01
6.669768095016479492e-01
6.789501905441284180e-01
6.884333491325378418e-01
7.686301469802856445e-01
7.379857301712036133e-01
8.587526082992553711e-01
6.741906404495239258e-01
7.236280441284179688e-01
7.797987461090087891e-01
6.902107000350952148e-01
7.917729020118713379e-01
6.560624837875366211e-01
6.073749661445617676e-01
9.621695280075073242e-01
8.208945989608764648e-01
6.121869087219238281e-01
6.561544537544250488e-01
6.234940290451049805e-01
6.874569654464721680e-01
8.340031504631042480e-01
8.491246104240417480e-01
7.233548164367675781e-01
7.426364421844482422e-01
6.768221855163574219e-01
7.097887992858886719e-01
6.597180366516113281e-01
7.313826084136962891e-01
7.892979383468627930e-01
6.267724633216857910e-01
7.084001898765563965e-01
6.670093536376953125e-01
7.654852867126464844e-01
7.078872323036193848e-01
5.341492891311645508e-01
8.718391656875610352e-01
6.992315649986267090e-01
7.737228870391845703e-01
7.644195556640625000e-01
7.761110067367553711e-01
6.738035678863525391e-01
7.516226768493652344e-01
7.534435987472534180e-01
8.474402427673339844e-01
6.424663066864013672e-01
8.248436450958251953e-01
7.187445163726806641e-01
6.942173838615417480e-01
6.303943991661071777e-01
6.390840411186218262e-01
6.718975305557250977e-01
7.341232895851135254e-01
6.607568264007568359e-01
7.029377222061157227e-01
6.799235939979553223e-01
7.414662241935729980e-01
6.671628355979919434e-01
7.669292688369750977e-01
5.966525077819824219e-01
7.417181730270385742e-01
6.925513744354248047e-01
7.400107383728027344e-01
6.961245536804199219e-01
7.393236160278320312e-01
6.808294653892517090e-01
7.866958379745483398e-01
7.603178024291992188e-01
6.860663890838623047e-01
7.231763005256652832e-01
6.803867816925048828e-01
6.390678882598876953e-01
8.410521745681762695e-01
7.373580932617187500e-01
7.886033058166503906e-01
7.364958524703979492e-01
6.186400651931762695e-01
7.277467846870422363e-01
5.885263681411743164e-01
9.009817838668823242e-01
7.984586954116821289e-01
5.683181285858154297e-01
7.029870748519897461e-01
7.835718393325805664e-01
6.479032635688781738e-01
5.488734245300292969e-01
7.643834948539733887e-01
7.597905397415161133e-01
8.071308135986328125e-01
5.390458106994628906e-01
8.715509176254272461e-01
7.525192499160766602e-01
7.515023946762084961e-01
7.622575163841247559e-01
7.340323925018310547e-01
7.211181521415710449e-01
7.937865257263183594e-01
8.616147041320800781e-01
6.509932279586791992e-01
7.190120816230773926e-01
6.350660920143127441e-01
7.160547971725463867e-01
7.084912061691284180e-01
6.240156888961791992e-01
7.829400300979614258e-01
6.378866434097290039e-01
6.011508703231811523e-01
6.825083494186401367e-01
7.408485412597656250e-01
8.492799401283264160e-01
6.958218812942504883e-01
7.644544839859008789e-01
5.853130221366882324e-01
7.234194278717041016e-01
7.995440959930419922e-01
6.869344115257263184e-01
6.463606953620910645e-01
8.554050922393798828e-01
6.499543190002441406e-01
6.775982975959777832e-01
6.747280359268188477e-01
7.368022203445434570e-01
7.137771844863891602e-01
8.641097545623779297e-01
7.067708969116210938e-01
7.982578873634338379e-01
7.304402589797973633e-01
7.070881128311157227e-01
6.673891544342041016e-01
7.257803678512573242e-01
8.123570680618286133e-01
6.040968894958496094e-01
6.582970619201660156e-01
6.758031845092773438e-01
7.839055657386779785e-01
7.322595119476318359e-01
7.118424773216247559e-01
6.847491264343261719e-01
6.869580745697021484e-01
6.642510294914245605e-01
9.252096414566040039e-01
6.631735563278198242e-01
7.380519509315490723e-01
6.751783490180969238e-01
7.411806583404541016e-01
6.807698011398315430e-01
6.656867861747741699e-01
6.907730698585510254e-01
7.469747066497802734e-01
5.760117769241333008e-01
8.447294235229492188e-01
7.274059057235717773e-01
6.442019343376159668e-01
8.405475020408630371e-01
7.347961664199829102e-01
5.864595770835876465e-01
7.017334103584289551e-01
7.180989384651184082e-01
6.523829698562622070e-01
7.778613567352294922e-01
7.115740776062011719e-01
8.940743207931518555e-01
7.444534301757812500e-01
7.170590162277221680e-01
6.158206462860107422e-01
5.795920491218566895e-01
7.787778973579406738e-01
7.880949974060058594e-01
6.570266485214233398e-01
7.814387679100036621e-01
8.087170124053955078e-01
7.828165292739868164e-01
5.662302374839782715e-01
8.553498983383178711e-01
7.870033383369445801e-01
6.001048684120178223e-01
8.347659707069396973e-01
6.035244464874267578e-01
6.228499412536621094e-01
7.767661809921264648e-01
5.890959501266479492e-01
6.341420412063598633e-01
5.229508876800537109e-01
5.843130946159362793e-01
6.118863224983215332e-01
6.551452875137329102e-01
7.066522836685180664e-01
5.444410443305969238e-01
6.500836610794067383e-01
6.787391304969787598e-01
6.015746593475341797e-01
7.108434438705444336e-01
6.629539728164672852e-01
7.573109269142150879e-01
6.458991765975952148e-01
6.262180805206298828e-01
6.858973503112792969e-01
6.628909111022949219e-01
7.048630714416503906e-01
6.878508329391479492e-01
7.661315798759460449e-01
7.335870265960693359e-01
7.286771535873413086e-01
6.191940903663635254e-01
6.923991441726684570e-01
6.224842071533203125e-01
6.436783671379089355e-01
5.909556150436401367e-01
6.254423856735229492e-01
7.080907821655273438e-01
5.695314407348632812e-01
6.880107522010803223e-01
7.661114931106567383e-01
7.109351754188537598e-01
7.943957448005676270e-01
7.210110425949096680e-01
6.818240284919738770e-01
5.754684209823608398e-01
8.131463527679443359e-01
7.701315879821777344e-01
6.582330465316772461e-01
6.005651950836181641e-01
7.099989056587219238e-01
7.079906463623046875e-01
5.247032642364501953e-01
6.441283226013183594e-01
7.082448005676269531e-01
6.313692927360534668e-01
6.618578433990478516e-01
5.397888422012329102e-01
6.331459283828735352e-01
7.869765758514404297e-01
5.321873426437377930e-01
6.809664964675903320e-01
7.427781224250793457e-01
6.660369634628295898e-01
6.035702824592590332e-01
5.968028306961059570e-01
6.659898161888122559e-01
6.423851251602172852e-01
6.298439502716064453e-01
6.452091932296752930e-01
5.599083900451660156e-01
7.438990473747253418e-01
6.333102583885192871e-01
6.707736253738403320e-01
6.043728590011596680e-01
5.865898132324218750e-01
6.146909594535827637e-01
7.790841460227966309e-01
7.478680610656738281e-01
5.781190991401672363e-01
7.273986339569091797e-01
7.521457672119140625e-01
7.435064315795898438e-01
6.004856228828430176e-01
7.226557731628417969e-01
6.681261062622070312e-01
7.310137748718261719e-01
5.679093599319458008e-01
7.043126225471496582e-01
7.561036348342895508e-01
7.198030948638916016e-01
5.477689504623413086e-01
6.774595975875854492e-01
6.055920720100402832e-01
7.317807078361511230e-01
6.186531186103820801e-01
7.934471368789672852e-01
7.133376598358154297e-01
6.578280925750732422e-01
6.723060607910156250e-01
6.784025430679321289e-01
5.637350082397460938e-01
6.741133928298950195e-01
5.521186590194702148e-01
6.520419716835021973e-01
7.463678121566772461e-01
7.575879693031311035e-01
6.569073200225830078e-01
6.460243463516235352e-01
7.065213918685913086e-01
5.748412609100341797e-01
6.936241388320922852e-01
7.961395978927612305e-01
6.066164374351501465e-01
5.739657878875732422e-01
6.999826431274414062e-01
6.028721332550048828e-01
7.098884582519531250e-01
6.168712973594665527e-01
9.577404856681823730e-01
9.132516384124755859e-01
6.315146088600158691e-01
7.050787210464477539e-01
6.420664787292480469e-01
7.714368104934692383e-01
6.002209186553955078e-01
7.542258501052856445e-01
7.179045677185058594e-01
6.603871583938598633e-01
6.601877808570861816e-01
6.374480724334716797e-01
7.274048328399658203e-01
6.962494850158691406e-01
5.874965786933898926e-01
7.433422803878784180e-01
7.521291971206665039e-01
6.656834483146667480e-01
5.911413431167602539e-01
7.058204412460327148e-01
6.314372420310974121e-01
5.960481166839599609e-01
6.666660308837890625e-01
6.406471133232116699e-01
6.338564157485961914e-01
6.930801868438720703e-01
6.164305210113525391e-01
8.833475112915039062e-01
6.805243492126464844e-01
5.565040707588195801e-01
5.498661398887634277e-01
6.664172410964965820e-01
7.187808752059936523e-01
6.671544909477233887e-01
8.163791298866271973e-01
7.816306352615356445e-01
5.885443687438964844e-01
6.869983077049255371e-01
6.535319089889526367e-01
7.027324438095092773e-01
7.908520698547363281e-01
8.337517380714416504e-01
6.029483079910278320e-01
5.759800672531127930e-01
6.654940843582153320e-01
7.200971841812133789e-01
6.023874282836914062e-01
6.569252014160156250e-01
6.505894660949707031e-01
6.114831566810607910e-01
7.677327990531921387e-01
7.091351151466369629e-01
7.529520988464355469e-01
7.032358646392822266e-01
7.198057174682617188e-01
7.304757833480834961e-01
6.444113254547119141e-01
6.339299082756042480e-01
6.647570729255676270e-01
7.623944282531738281e-01
6.509195566177368164e-01
6.073747873306274414e-01
5.911824703216552734e-01
6.746490001678466797e-01
7.383156418800354004e-01
6.648522615432739258e-01
6.257876157760620117e-01
6.147780418395996094e-01
8.614432811737060547e-01
7.001496553421020508e-01
6.523403525352478027e-01
5.869674682617187500e-01
6.614949703216552734e-01
7.199080586433410645e-01
6.990926265716552734e-01
6.560002565383911133e-01
7.251319885253906250e-01
5.843682289123535156e-01
6.333887577056884766e-01
6.142281293869018555e-01
6.515921354293823242e-01
6.280511617660522461e-01
7.069041728973388672e-01
8.029038906097412109e-01
6.986545920372009277e-01
6.968370676040649414e-01
6.739730238914489746e-01
6.561563611030578613e-01
7.012259960174560547e-01
7.085700035095214844e-01
6.145019531250000000e-01
7.837759256362915039e-01
8.363273739814758301e-01
7.151587009429931641e-01
9.376473426818847656e-01
6.086922883987426758e-01
6.680756211280822754e-01
7.134226560592651367e-01
7.511484622955322266e-01
7.231043577194213867e-01
6.161167621612548828e-01
6.261230707168579102e-01
6.623372435569763184e-01
6.642264127731323242e-01
7.447608709335327148e-01
6.457446813583374023e-01
7.170944213867187500e-01
7.059177756309509277e-01
9.246563315391540527e-01
7.332498431205749512e-01
8.517229557037353516e-01
7.995600700378417969e-01
8.062546253204345703e-01
6.913055181503295898e-01
7.587367892265319824e-01
6.315000057220458984e-01
6.179426908493041992e-01
6.153935194015502930e-01
7.719943523406982422e-01
6.808718442916870117e-01
6.388875246047973633e-01
7.594433426856994629e-01
8.187093734741210938e-01
8.847765922546386719e-01
7.772487401962280273e-01
6.347101926803588867e-01
6.115407943725585938e-01
7.023240327835083008e-01
6.198906302452087402e-01
7.598143815994262695e-01
6.460897922515869141e-01
7.327445745468139648e-01
5.924561023712158203e-01
8.106195330619812012e-01
8.037486076354980469e-01
6.648052334785461426e-01
6.511849761009216309e-01
6.926748752593994141e-01
5.633908510208129883e-01
7.568475008010864258e-01
6.338499784469604492e-01
8.056367635726928711e-01
7.445977330207824707e-01
7.072702646255493164e-01
6.726733446121215820e-01
7.235568761825561523e-01
7.708671092987060547e-01
7.800554037094116211e-01
7.582767009735107422e-01
8.783434033393859863e-01
6.289765834808349609e-01
6.339093446731567383e-01
7.883313298225402832e-01
7.045580148696899414e-01
7.105254530906677246e-01
7.072551250457763672e-01
6.116233468055725098e-01
5.980916023254394531e-01
6.891798973083496094e-01
6.373829245567321777e-01
7.616710662841796875e-01
7.479250431060791016e-01
6.753476858139038086e-01
6.808909773826599121e-01
6.540479660034179688e-01
6.056030988693237305e-01
7.348537445068359375e-01
8.033442497253417969e-01
6.541875600814819336e-01
6.500147581100463867e-01
7.240389585494995117e-01
7.710804939270019531e-01
5.773742794990539551e-01
7.857709527015686035e-01
6.439461708068847656e-01
7.340139150619506836e-01
7.509836554527282715e-01
7.898203134536743164e-01
7.082625627517700195e-01
5.885767340660095215e-01
6.465413570404052734e-01
6.569010019302368164e-01
8.189837932586669922e-01
7.543236613273620605e-01
6.996467113494873047e-01
6.934836506843566895e-01
7.076051235198974609e-01
7.302682399749755859e-01
6.229553222656250000e-01
6.226423978805541992e-01
5.355619788169860840e-01
6.557537317276000977e-01
7.296583056449890137e-01
6.333848237991333008e-01
5.660523176193237305e-01
6.813786625862121582e-01
6.897697448730468750e-01
6.822016239166259766e-01
6.703923940658569336e-01
6.224697828292846680e-01
7.980418801307678223e-01
6.651508808135986328e-01
7.304641008377075195e-01
7.660573720932006836e-01
6.601796150207519531e-01
6.676442623138427734e-01
6.564967632293701172e-01
7.404358386993408203e-01
5.792882442474365234e-01
6.298799514770507812e-01
6.584282517433166504e-01
5.540094375610351562e-01
7.011653184890747070e-01
6.539403796195983887e-01
7.295185327529907227e-01
6.774114370346069336e-01
6.316074132919311523e-01
6.806291341781616211e-01
6.510002017021179199e-01
6.685341596603393555e-01
7.004717588424682617e-01
6.531234979629516602e-01
7.592380642890930176e-01
6.666343212127685547e-01
6.498298645019531250e-01
7.248585224151611328e-01
7.774736881256103516e-01
6.529343724250793457e-01
6.011011600494384766e-01
7.089944481849670410e-01
7.035009860992431641e-01
7.155811786651611328e-01
6.509848833084106445e-01
7.940640449523925781e-01
7.193514704704284668e-01
6.890708208084106445e-01
6.963076591491699219e-01
6.982582211494445801e-01
7.762083411216735840e-01
6.476903557777404785e-01
7.077203989028930664e-01
7.053346633911132812e-01
7.230378389358520508e-01
9.208901524543762207e-01
6.337853074073791504e-01
6.614307165145874023e-01
4.799869060516357422e-01
6.039647459983825684e-01
6.380553245544433594e-01
6.518416404724121094e-01
9.211452007293701172e-01
6.077483892440795898e-01
7.212444543838500977e-01
6.192092895507812500e-01
5.875567197799682617e-01
5.662684440612792969e-01
6.837419867515563965e-01
7.536457777023315430e-01
5.688830614089965820e-01
6.535035371780395508e-01
6.274273395538330078e-01
6.959571838378906250e-01
6.634957790374755859e-01
7.042438983917236328e-01
6.520183086395263672e-01
5.451285839080810547e-01
7.178927659988403320e-01
6.828879117965698242e-01
6.758337020874023438e-01
7.154514789581298828e-01
7.181468009948730469e-01
7.302628755569458008e-01
6.273073554039001465e-01
5.854125022888183594e-01
6.647198200225830078e-01
5.635495781898498535e-01
5.413534641265869141e-01
7.474092245101928711e-01
6.236435770988464355e-01
5.875889062881469727e-01
6.699792742729187012e-01
6.839418411254882812e-01
6.312521696090698242e-01
6.724627017974853516e-01
6.018798351287841797e-01
6.311107277870178223e-01
5.953614711761474609e-01
6.100960969924926758e-01
6.132210493087768555e-01
5.974380970001220703e-01
5.675331354141235352e-01
5.220121145248413086e-01
6.431473493576049805e-01
6.850630044937133789e-01
5.470528006553649902e-01
5.999928712844848633e-01
6.382002830505371094e-01
5.666958093643188477e-01
4.366220831871032715e-01
5.829460620880126953e-01
5.739681720733642578e-01
6.754795312881469727e-01
6.634075045585632324e-01
6.399222016334533691e-01
7.062571644783020020e-01
6.172727346420288086e-01
7.171934247016906738e-01
5.712224841117858887e-01
5.825337767601013184e-01
6.520941257476806641e-01
5.661720633506774902e-01
5.740694403648376465e-01
7.960467934608459473e-01
6.065991520881652832e-01
5.616747140884399414e-01
6.718335151672363281e-01
5.729665756225585938e-01
5.705822706222534180e-01
6.319881677627563477e-01
6.726177930831909180e-01
7.465164661407470703e-01
7.825720906257629395e-01
7.806540131568908691e-01
6.005275845527648926e-01
6.819943189620971680e-01
5.711080431938171387e-01
7.658613920211791992e-01
6.932243704795837402e-01
6.703063249588012695e-01
5.533863306045532227e-01
5.346339344978332520e-01
5.227447152137756348e-01
6.065095663070678711e-01
6.491881608963012695e-01
6.413136124610900879e-01
6.997205615043640137e-01
6.519548892974853516e-01
6.254615187644958496e-01
4.735638201236724854e-01
6.057238578796386719e-01
6.803672313690185547e-01
6.097397804260253906e-01
6.378531455993652344e-01
7.474262714385986328e-01
7.193132042884826660e-01
6.605804562568664551e-01
6.119763851165771484e-01
6.361325979232788086e-01
6.337161064147949219e-01
6.887968778610229492e-01
7.206225991249084473e-01
7.104032039642333984e-01
6.616712808609008789e-01
6.318051218986511230e-01
6.333859562873840332e-01
6.771304607391357422e-01
7.449047565460205078e-01
6.305265426635742188e-01
6.357606649398803711e-01
6.834056377410888672e-01
6.038277149200439453e-01
6.425810456275939941e-01
6.210583448410034180e-01
6.272566318511962891e-01
6.933012008666992188e-01
7.979825735092163086e-01
5.607634186744689941e-01
6.524946689605712891e-01
6.849747300148010254e-01
6.761689782142639160e-01
6.474904417991638184e-01
5.776432752609252930e-01
6.323379278182983398e-01
6.540067195892333984e-01
5.661514997482299805e-01
6.546268463134765625e-01
7.887269258499145508e-01
5.913646817207336426e-01
6.443728208541870117e-01
6.911911964416503906e-01
7.088831663131713867e-01
7.037038207054138184e-01
6.800404787063598633e-01
6.427903175354003906e-01
5.330305099487304688e-01
7.152044773101806641e-01
9.198724031448364258e-01
7.948369383811950684e-01
5.940860509872436523e-01
6.483986377716064453e-01
6.334003210067749023e-01
6.911064386367797852e-01
6.324143409729003906e-01
6.617363691329956055e-01
6.680549383163452148e-01
5.861994028091430664e-01
6.489388942718505859e-01
5.569372773170471191e-01
6.453014016151428223e-01
8.320665359497070312e-01
6.023260354995727539e-01
6.889481544494628906e-01
7.832007408142089844e-01
6.342182755470275879e-01
8.109700679779052734e-01
6.905564069747924805e-01
6.262636184692382812e-01
5.921223759651184082e-01
6.408500671386718750e-01
7.053073048591613770e-01
6.096656918525695801e-01
5.599079132080078125e-01
8.230906724929809570e-01
6.767082214355468750e-01
6.431484222412109375e-01
6.964699029922485352e-01
7.676833868026733398e-01
6.622321009635925293e-01
5.859572887420654297e-01
6.567131280899047852e-01
6.248900294303894043e-01
6.825484037399291992e-01
7.831013202667236328e-01
6.119078397750854492e-01
6.493524909019470215e-01
6.326093077659606934e-01
7.481209635734558105e-01
6.637307405471801758e-01
6.065614223480224609e-01
6.572312116622924805e-01
5.996295213699340820e-01
6.166225671768188477e-01
8.424024581909179688e-01
5.952509045600891113e-01
5.655784606933593750e-01
7.375425696372985840e-01
6.777345538139343262e-01
5.915961265563964844e-01
6.423283815383911133e-01
6.471123695373535156e-01
5.691168308258056641e-01
7.744565010070800781e-01
7.841403484344482422e-01
5.580451488494873047e-01
7.826431989669799805e-01
7.280720472335815430e-01
5.063585042953491211e-01
6.883656978607177734e-01
7.303321361541748047e-01
7.585480213165283203e-01
6.349745988845825195e-01
6.017472147941589355e-01
6.067324876785278320e-01
7.123872041702270508e-01
5.477617979049682617e-01
8.103658556938171387e-01
8.430765867233276367e-01
6.875578165054321289e-01
6.830004453659057617e-01
6.295064687728881836e-01
7.356783747673034668e-01
6.726604700088500977e-01
7.390165328979492188e-01
7.234455347061157227e-01
6.613530516624450684e-01
5.811897516250610352e-01
5.633639097213745117e-01
5.797868967056274414e-01
5.971883535385131836e-01
6.926850676536560059e-01
6.326429843902587891e-01
5.890513658523559570e-01
7.608894109725952148e-01
6.974561214447021484e-01
8.052364587783813477e-01
6.005870103836059570e-01
5.441086888313293457e-01
5.710381865501403809e-01
6.488863229751586914e-01
6.154143810272216797e-01
5.786856412887573242e-01
7.122787833213806152e-01
7.083405256271362305e-01
7.061620354652404785e-01
6.703464984893798828e-01
5.269671082496643066e-01
6.040087938308715820e-01
7.500948905944824219e-01
6.549799442291259766e-01
7.273787260055541992e-01
6.116396784782409668e-01
5.443680286407470703e-01
6.276232004165649414e-01
6.544576883316040039e-01
6.465501785278320312e-01
7.630523443222045898e-01
5.102674961090087891e-01
7.003630399703979492e-01
5.994409322738647461e-01
7.612986564636230469e-01
6.273187398910522461e-01
7.195528745651245117e-01
6.518105268478393555e-01
5.995547175407409668e-01
6.331907510757446289e-01
7.380980253219604492e-01
6.285332441329956055e-01
8.039498329162597656e-01
8.370727300643920898e-01
6.919420957565307617e-01
6.699572801589965820e-01
7.428796887397766113e-01
5.537923574447631836e-01
7.475616931915283203e-01
6.041072010993957520e-01
6.207379102706909180e-01
6.321090459823608398e-01
8.615726232528686523e-01
7.667393684387207031e-01
6.446809172630310059e-01
7.179372310638427734e-01
7.297040224075317383e-01
7.111731767654418945e-01
5.387266874313354492e-01
9.141288995742797852e-01
7.977043390274047852e-01
6.316819190979003906e-01
7.165253162384033203e-01
5.445737838745117188e-01
6.399893760681152344e-01
7.531682848930358887e-01
8.439002037048339844e-01
6.665845513343811035e-01
6.758666634559631348e-01
8.116761445999145508e-01
6.265984773635864258e-01
6.566468477249145508e-01
6.519905328750610352e-01
7.672945261001586914e-01
6.801004409790039062e-01
6.157040596008300781e-01
6.142596602439880371e-01
7.897991538047790527e-01
5.305927395820617676e-01
5.285904407501220703e-01
7.596563100814819336e-01
7.942805886268615723e-01
7.685669660568237305e-01
8.023964762687683105e-01
5.868277549743652344e-01
6.664286851882934570e-01
6.836600303649902344e-01
7.076478004455566406e-01
7.257921099662780762e-01
6.920431852340698242e-01
8.113101124763488770e-01
7.866370677947998047e-01
6.370892524719238281e-01
6.293274164199829102e-01
7.240525484085083008e-01
7.902636528015136719e-01
6.510062217712402344e-01
5.869592428207397461e-01
7.631429433822631836e-01
7.301332950592041016e-01
6.363691091537475586e-01
6.637703776359558105e-01
7.251262068748474121e-01
6.881352663040161133e-01
6.399328708648681641e-01
6.960675716400146484e-01
7.473127841949462891e-01
6.625366210937500000e-01
5.446345806121826172e-01
7.856768965721130371e-01
6.536794900894165039e-01
6.973735094070434570e-01
6.228767037391662598e-01
6.728071570396423340e-01
6.150627136230468750e-01
7.909337878227233887e-01
6.644383072853088379e-01
6.687733530998229980e-01
7.473715543746948242e-01
6.452761888504028320e-01
5.956714153289794922e-01
7.982763051986694336e-01
7.744865417480468750e-01
8.443167209625244141e-01
6.935753822326660156e-01
6.689994335174560547e-01
7.594705820083618164e-01
6.474257707595825195e-01
6.680679917335510254e-01
7.899997234344482422e-01
6.963595151901245117e-01
7.823256850242614746e-01
6.872504949569702148e-01
6.931177377700805664e-01
5.077942013740539551e-01
6.230031251907348633e-01
5.465542078018188477e-01
6.519783735275268555e-01
6.149799823760986328e-01
6.496275067329406738e-01
6.159853935241699219e-01
6.225634813308715820e-01
5.545542836189270020e-01
6.009426116943359375e-01
6.242930889129638672e-01
5.573261976242065430e-01
6.282161474227905273e-01
5.390267372131347656e-01
5.316310524940490723e-01
5.214813947677612305e-01
5.993491411209106445e-01
5.886424779891967773e-01
5.240034461021423340e-01
7.245918512344360352e-01
6.948664784431457520e-01
5.650697350502014160e-01
4.589887857437133789e-01
7.338007688522338867e-01
5.443958640098571777e-01
7.185018062591552734e-01
5.914140343666076660e-01
6.113179922103881836e-01
7.053234577178955078e-01
7.559402585029602051e-01
7.010884881019592285e-01
5.546295046806335449e-01
5.344103574752807617e-01
5.917130112648010254e-01
5.308713316917419434e-01
6.627391576766967773e-01
5.425500273704528809e-01
6.359933018684387207e-01
7.049636244773864746e-01
7.038092613220214844e-01
5.847840309143066406e-01
5.922659039497375488e-01
5.954299569129943848e-01
5.993987917900085449e-01
6.426419615745544434e-01
6.269999742507934570e-01
7.671971321105957031e-01
6.927201747894287109e-01
5.355735421180725098e-01
5.757066011428833008e-01
5.145675539970397949e-01
6.308180093765258789e-01
6.633551120758056641e-01
6.235401034355163574e-01
6.512399911880493164e-01
5.688018798828125000e-01
6.170072555541992188e-01
5.692517757415771484e-01
6.628491878509521484e-01
8.333220481872558594e-01
6.391175389289855957e-01
9.113580584526062012e-01
6.219712495803833008e-01
6.564905047416687012e-01
8.163906335830688477e-01
7.306949496269226074e-01
6.142033338546752930e-01
6.317455172538757324e-01
6.509590148925781250e-01
5.174684524536132812e-01
6.312302350997924805e-01
7.102260589599609375e-01
6.194126605987548828e-01
6.222883462905883789e-01
6.406363248825073242e-01
6.835304498672485352e-01
5.268519520759582520e-01
5.300008058547973633e-01
5.350491404533386230e-01
6.302021741867065430e-01
6.934753060340881348e-01
6.208117008209228516e-01
7.039563059806823730e-01
7.253721952438354492e-01
6.366885900497436523e-01
8.336024284362792969e-01
6.409821510314941406e-01
5.785077810287475586e-01
6.629806756973266602e-01
6.451414823532104492e-01
5.436272621154785156e-01
6.693381667137145996e-01
7.137507796287536621e-01
5.825051069259643555e-01
6.176689863204956055e-01
6.059581041336059570e-01
6.738550066947937012e-01
5.273416042327880859e-01
5.557395815849304199e-01
6.215521097183227539e-01
6.417289972305297852e-01
6.839218735694885254e-01
5.525876283645629883e-01
6.233476400375366211e-01
5.878275632858276367e-01
7.271324396133422852e-01
6.804057359695434570e-01
6.378853321075439453e-01
5.280708074569702148e-01
6.731176972389221191e-01
6.659435629844665527e-01
6.939424276351928711e-01
8.589401245117187500e-01
5.575005412101745605e-01
5.559251904487609863e-01
6.514981985092163086e-01
6.538301706314086914e-01
5.603737831115722656e-01
7.265684604644775391e-01
6.137564182281494141e-01
6.642926931381225586e-01
6.966495513916015625e-01
7.209666371345520020e-01
5.711907744407653809e-01
5.140383839607238770e-01
7.166259288787841797e-01
6.630972623825073242e-01
4.952259361743927002e-01
6.792412400245666504e-01
7.366961836814880371e-01
5.875816941261291504e-01
6.911268830299377441e-01
6.186723113059997559e-01
6.778265237808227539e-01
5.946841239929199219e-01
7.018139362335205078e-01
6.971205472946166992e-01
6.861639022827148438e-01
6.360236406326293945e-01
6.197592020034790039e-01
6.267181634902954102e-01
7.614957094192504883e-01
6.403309106826782227e-01
5.111087560653686523e-01
6.007885932922363281e-01
5.409951806068420410e-01
5.650764107704162598e-01
6.952307224273681641e-01
7.739983201026916504e-01
6.714441776275634766e-01
6.195236444473266602e-01
6.898459196090698242e-01
5.998591184616088867e-01
6.566240787506103516e-01
6.483479738235473633e-01
6.276364326477050781e-01
7.393038868904113770e-01
5.711005926132202148e-01
5.927408933639526367e-01
6.122791767120361328e-01
6.201610565185546875e-01
5.751118063926696777e-01
6.091765761375427246e-01
6.686965227127075195e-01
7.619811892509460449e-01
6.717662811279296875e-01
6.288803219795227051e-01
6.398882865905761719e-01
6.154289245605468750e-01
6.650936007499694824e-01
6.160737276077270508e-01
5.929877758026123047e-01
5.941060781478881836e-01
6.653757095336914062e-01
6.004920601844787598e-01
8.349363207817077637e-01
5.588514804840087891e-01
6.467145681381225586e-01
7.274786829948425293e-01
6.809810996055603027e-01
7.890313863754272461e-01
8.238281011581420898e-01
5.781079530715942383e-01
6.883192062377929688e-01
8.211689591407775879e-01
5.191913843154907227e-01
7.318177223205566406e-01
6.561656594276428223e-01
6.741337776184082031e-01
6.034970283508300781e-01
5.966066718101501465e-01
6.401662826538085938e-01
7.423036098480224609e-01
7.550305724143981934e-01
6.813357472419738770e-01
6.360151767730712891e-01
6.526233553886413574e-01
7.045284509658813477e-01
6.501524448394775391e-01
5.749809741973876953e-01
7.620413303375244141e-01
5.453273057937622070e-01
6.423746943473815918e-01
6.041977405548095703e-01
6.559745073318481445e-01
6.683931350708007812e-01
6.110017299652099609e-01
6.443070173263549805e-01
7.748967409133911133e-01
6.301294565200805664e-01
7.810649871826171875e-01
6.287512779235839844e-01
7.661769390106201172e-01
7.523020505905151367e-01
5.685367584228515625e-01
6.267041563987731934e-01
6.296106576919555664e-01
6.505666971206665039e-01
6.999484300613403320e-01
6.528120040893554688e-01
6.804807186126708984e-01
6.710181832313537598e-01
6.953102350234985352e-01
5.743631720542907715e-01
7.509747743606567383e-01
6.431139707565307617e-01
5.634069442749023438e-01
7.671650052070617676e-01
6.141283512115478516e-01
6.208173036575317383e-01
7.414351701736450195e-01
6.353912353515625000e-01
5.857642292976379395e-01
7.585930824279785156e-01
5.794120430946350098e-01
6.825965642929077148e-01
6.117119789123535156e-01
6.414408683776855469e-01
6.806087493896484375e-01
6.999312639236450195e-01
6.917307972908020020e-01
7.164535522460937500e-01
6.179061532020568848e-01
5.791760683059692383e-01
6.691999435424804688e-01
6.318411827087402344e-01
6.278877258300781250e-01
6.527450084686279297e-01
6.859363913536071777e-01
7.208768725395202637e-01
6.582114696502685547e-01
6.832283139228820801e-01
7.891836762428283691e-01
6.996610164642333984e-01
5.931749343872070312e-01
6.596102118492126465e-01
7.604637145996093750e-01
5.585029125213623047e-01
7.475329637527465820e-01
6.306471228599548340e-01
7.224708795547485352e-01
7.345169782638549805e-01
6.076753139495849609e-01
5.907732248306274414e-01
6.337844729423522949e-01
6.717133522033691406e-01
8.107520341873168945e-01
6.210129261016845703e-01
6.891679763793945312e-01
6.907100081443786621e-01
4.624871611595153809e-01
8.386914730072021484e-01
6.768147945404052734e-01
8.347948193550109863e-01
5.626064538955688477e-01
5.848466753959655762e-01
5.681644082069396973e-01
6.941895484924316406e-01
6.082794666290283203e-01
6.323968172073364258e-01
6.927235126495361328e-01
6.423198580741882324e-01
7.319551706314086914e-01
6.325350999832153320e-01
7.101095318794250488e-01
6.536808013916015625e-01
4.649312496185302734e-01
9.052019119262695312e-01
5.457197427749633789e-01
6.298586726188659668e-01
5.830571055412292480e-01
6.068509817123413086e-01
5.771116018295288086e-01
6.494835615158081055e-01
7.564598321914672852e-01
7.213099002838134766e-01
7.875422239303588867e-01
7.557027339935302734e-01
6.944358348846435547e-01
6.865323781967163086e-01
7.413529753684997559e-01
7.164548635482788086e-01
6.720813512802124023e-01
7.321273684501647949e-01
5.386466979980468750e-01
6.379991769790649414e-01
7.108474373817443848e-01
8.036167025566101074e-01
7.438327670097351074e-01
7.058234214782714844e-01
6.819124221801757812e-01
6.554896235466003418e-01
6.113970875740051270e-01
6.612344384193420410e-01
5.451595187187194824e-01
6.880406141281127930e-01
6.230142116546630859e-01
5.817181468009948730e-01
8.318058252334594727e-01
6.762409210205078125e-01
7.813359498977661133e-01
5.829764008522033691e-01
6.648827791213989258e-01
7.687813639640808105e-01
6.937921643257141113e-01
7.376995086669921875e-01
5.968123078346252441e-01
7.314718961715698242e-01
7.704076766967773438e-01
6.793053746223449707e-01
6.580690741539001465e-01
8.223481178283691406e-01
6.812224984169006348e-01
6.058927774429321289e-01
8.122643232345581055e-01
7.263119220733642578e-01
6.146226525306701660e-01
7.258915305137634277e-01
7.195363044738769531e-01
5.571649074554443359e-01
5.093379020690917969e-01
6.699739694595336914e-01
5.933538675308227539e-01
7.087197303771972656e-01
6.186583638191223145e-01
5.446740388870239258e-01
6.889129281044006348e-01
6.466901302337646484e-01
6.123021841049194336e-01
7.889512181282043457e-01
6.495742201805114746e-01
6.081469058990478516e-01
6.265585422515869141e-01
6.984663605690002441e-01
6.226040124893188477e-01
5.998467206954956055e-01
4.599097669124603271e-01
5.551092624664306641e-01
5.811010599136352539e-01
4.288295507431030273e-01
6.178737282752990723e-01
5.062685608863830566e-01
5.691799521446228027e-01
6.160501241683959961e-01
6.050473451614379883e-01
6.812836527824401855e-01
6.322009563446044922e-01
6.385105848312377930e-01
5.314775705337524414e-01
6.362764239311218262e-01
5.224367976188659668e-01
6.468287706375122070e-01
5.959148406982421875e-01
6.092854738235473633e-01
6.018895506858825684e-01
6.045683622360229492e-01
6.949155330657958984e-01
6.461613178253173828e-01
6.256334781646728516e-01
4.768629074096679688e-01
6.197081804275512695e-01
6.964600086212158203e-01
5.712145566940307617e-01
5.920578241348266602e-01
6.200030446052551270e-01
5.321072340011596680e-01
6.741490364074707031e-01
6.073226332664489746e-01
5.161379575729370117e-01
6.304348707199096680e-01
6.261030435562133789e-01
5.619463920593261719e-01
6.013603210449218750e-01
5.645188093185424805e-01
6.143544316291809082e-01
6.665235757827758789e-01
5.867367982864379883e-01
7.493329048156738281e-01
7.944294214248657227e-01
5.868594646453857422e-01
6.921483278274536133e-01
5.225002765655517578e-01
5.874004364013671875e-01
5.351586341857910156e-01
6.860815286636352539e-01
4.991039931774139404e-01
5.167378187179565430e-01
6.794490814208984375e-01
5.608606338500976562e-01
5.423370599746704102e-01
5.785582065582275391e-01
5.900038480758666992e-01
6.231823563575744629e-01
6.264372467994689941e-01
7.025561332702636719e-01
6.149060726165771484e-01
6.588724851608276367e-01
5.432086586952209473e-01
6.411722302436828613e-01
6.635151505470275879e-01
6.045106649398803711e-01
5.986232757568359375e-01
5.717469453811645508e-01
5.831609964370727539e-01
6.525338888168334961e-01
5.815818309783935547e-01
7.109447717666625977e-01
6.766577363014221191e-01
6.492169499397277832e-01
6.026204824447631836e-01
6.521154046058654785e-01
5.738766193389892578e-01
6.936500668525695801e-01
6.927359104156494141e-01
5.954867601394653320e-01
6.335225105285644531e-01
6.274554133415222168e-01
5.403951406478881836e-01
7.277734875679016113e-01
6.243578791618347168e-01
5.522710084915161133e-01
5.536580085754394531e-01
6.373109817504882812e-01
5.572511553764343262e-01
6.019913554191589355e-01
6.567447185516357422e-01
6.629166603088378906e-01
7.561486363410949707e-01
7.558385133743286133e-01
6.744375228881835938e-01
6.307083964347839355e-01
5.224026441574096680e-01
5.968431830406188965e-01
6.159712076187133789e-01
6.344716548919677734e-01
7.143382430076599121e-01
6.916409730911254883e-01
5.839662551879882812e-01
7.053198814392089844e-01
6.186098456382751465e-01
5.233732461929321289e-01
6.663050651550292969e-01
5.760303735733032227e-01
7.088406682014465332e-01
6.300733089447021484e-01
4.867169260978698730e-01
6.027684211730957031e-01
6.456182003021240234e-01
7.633609175682067871e-01
7.189399600028991699e-01
6.394115686416625977e-01
5.219706296920776367e-01
7.308190464973449707e-01
5.707184672355651855e-01
6.953028440475463867e-01
5.595194101333618164e-01
6.943155527114868164e-01
5.382592678070068359e-01
5.934191942214965820e-01
6.776025891304016113e-01
7.229943871498107910e-01
5.922445058822631836e-01
6.447250247001647949e-01
7.457572817802429199e-01
7.060291767120361328e-01
6.678206920623779297e-01
7.071099877357482910e-01
6.883885860443115234e-01
6.391799449920654297e-01
5.395686626434326172e-01
6.244972944259643555e-01
6.142061948776245117e-01
5.844472646713256836e-01
5.771914124488830566e-01
6.810615062713623047e-01
6.303105354309082031e-01
6.127490997314453125e-01
6.231348514556884766e-01
6.688665151596069336e-01
6.770022511482238770e-01
6.666271686553955078e-01
7.030426263809204102e-01
5.600823163986206055e-01
5.774089097976684570e-01
6.761398315429687500e-01
7.294162511825561523e-01
6.572743654251098633e-01
5.483506917953491211e-01
5.001091361045837402e-01
6.627973318099975586e-01
5.383442044258117676e-01
6.098147630691528320e-01
5.945443511009216309e-01
6.515353918075561523e-01
5.442423820495605469e-01
6.802873611450195312e-01
5.988719463348388672e-01
6.205239892005920410e-01
6.316378116607666016e-01
6.793910264968872070e-01
5.323024392127990723e-01
6.863894462585449219e-01
7.550182342529296875e-01
5.830962061882019043e-01
6.361342668533325195e-01
6.413711309432983398e-01
6.459246277809143066e-01
5.375825166702270508e-01
6.290866136550903320e-01
6.664645671844482422e-01
7.499947547912597656e-01
6.007910966873168945e-01
7.157722115516662598e-01
6.256401538848876953e-01
5.311192274093627930e-01
5.811670422554016113e-01
6.521964073181152344e-01
5.999726057052612305e-01
7.674678564071655273e-01
6.144897937774658203e-01
6.478795409202575684e-01
7.138822674751281738e-01
7.863763570785522461e-01
6.673657894134521484e-01
7.490329742431640625e-01
5.700894594192504883e-01
6.658272743225097656e-01
6.541616320610046387e-01
6.353852748870849609e-01
5.954677462577819824e-01
6.708616018295288086e-01
6.786112785339355469e-01
5.615110993385314941e-01
5.682858824729919434e-01
7.952088713645935059e-01
6.627856492996215820e-01
6.366499662399291992e-01
6.623125076293945312e-01
6.650243401527404785e-01
8.248572945594787598e-01
6.797820329666137695e-01
6.352641582489013672e-01
6.459511518478393555e-01
6.176388859748840332e-01
5.973699688911437988e-01
6.409885883331298828e-01
5.825607776641845703e-01
6.084989905357360840e-01
6.320236921310424805e-01
6.834654808044433594e-01
6.665484905242919922e-01
6.244298219680786133e-01
4.833721518516540527e-01
7.158472537994384766e-01
6.175956726074218750e-01
6.840317249298095703e-01
7.027568817138671875e-01
6.753023266792297363e-01
7.978408336639404297e-01
6.391448974609375000e-01
6.270714998245239258e-01
5.879073143005371094e-01
5.661718249320983887e-01
6.884885430335998535e-01
7.323218584060668945e-01
6.999642848968505859e-01
5.689346194267272949e-01
5.699913501739501953e-01
8.289492130279541016e-01
7.202461957931518555e-01
6.711241602897644043e-01
5.808117389678955078e-01
6.162369251251220703e-01
6.567893624305725098e-01
6.808624267578125000e-01
7.155078053474426270e-01
6.774395704269409180e-01
6.194456219673156738e-01
7.020539045333862305e-01
6.847063302993774414e-01
6.474304199218750000e-01
6.214083433151245117e-01
7.830671668052673340e-01
6.788738965988159180e-01
6.345502138137817383e-01
5.333969593048095703e-01
8.054865598678588867e-01
5.503175258636474609e-01
6.399168968200683594e-01
7.094116210937500000e-01
6.538255214691162109e-01
6.079815626144409180e-01
5.965290069580078125e-01
5.245575904846191406e-01
6.495981812477111816e-01
6.384008526802062988e-01
5.803225040435791016e-01
6.453117132186889648e-01
8.832008838653564453e-01
6.116871237754821777e-01
5.621079206466674805e-01
6.317076683044433594e-01
6.095652580261230469e-01
6.464601755142211914e-01
6.059661507606506348e-01
6.419137120246887207e-01
5.847941040992736816e-01
7.429194450378417969e-01
5.240771770477294922e-01
6.232208013534545898e-01
5.902098417282104492e-01
6.304455995559692383e-01
5.781399607658386230e-01
5.454943180084228516e-01
4.844993352890014648e-01
6.316522359848022461e-01
5.280197858810424805e-01
5.300493240356445312e-01
5.817915201187133789e-01
6.482730507850646973e-01
6.574896574020385742e-01
6.640338897705078125e-01
5.616346597671508789e-01
6.313496828079223633e-01
7.379238605499267578e-01
5.965259075164794922e-01
6.221747994422912598e-01
5.426573753356933594e-01
6.504540443420410156e-01
7.432749867439270020e-01
7.062056064605712891e-01
7.482100725173950195e-01
6.145091056823730469e-01
7.357171773910522461e-01
6.483823657035827637e-01
6.994891166687011719e-01
6.704965829849243164e-01
6.279979944229125977e-01
5.801345109939575195e-01
5.985668897628784180e-01
6.098125576972961426e-01
8.120335340499877930e-01
6.727752685546875000e-01
7.230630517005920410e-01
7.656242251396179199e-01
6.365535855293273926e-01
7.271609306335449219e-01
6.910561919212341309e-01
6.200665235519409180e-01
7.479295134544372559e-01
5.692192316055297852e-01
6.145333051681518555e-01
6.506985425949096680e-01
5.400738716125488281e-01
6.202396154403686523e-01
6.261659860610961914e-01
6.800770759582519531e-01
6.099769473075866699e-01
7.953222990036010742e-01
6.159796714782714844e-01
8.454040288925170898e-01
6.172077059745788574e-01
7.375301718711853027e-01
6.640973687171936035e-01
7.218603491783142090e-01
5.719597339630126953e-01
7.283722162246704102e-01
6.699695587158203125e-01
7.338077425956726074e-01
5.860248804092407227e-01
7.282096147537231445e-01
5.780180096626281738e-01
6.657404899597167969e-01
7.300884723663330078e-01
5.936059951782226562e-01
7.146237492561340332e-01
6.392796039581298828e-01
6.349820494651794434e-01
6.397865414619445801e-01
6.684308052062988281e-01
6.907238960266113281e-01
6.229237318038940430e-01
5.531358122825622559e-01
6.902141571044921875e-01
6.088536381721496582e-01
6.692933440208435059e-01
6.402173042297363281e-01
5.865308046340942383e-01
7.082387208938598633e-01
6.520889401435852051e-01
6.315215229988098145e-01
4.554139375686645508e-01
4.602967500686645508e-01
8.249821662902832031e-01
5.105339288711547852e-01
7.119443416595458984e-01
6.722851991653442383e-01
6.308578252792358398e-01
6.038484573364257812e-01
5.959891080856323242e-01
4.398319125175476074e-01
6.107836961746215820e-01
6.224231719970703125e-01
5.578581094741821289e-01
5.587973594665527344e-01
5.765955448150634766e-01
5.895490646362304688e-01
5.762713551521301270e-01
5.576751232147216797e-01
6.743338108062744141e-01
5.218815207481384277e-01
6.026289463043212891e-01
6.107569932937622070e-01
6.074405908584594727e-01
5.593531131744384766e-01
5.238918066024780273e-01
5.516564846038818359e-01
6.824171543121337891e-01
7.568463683128356934e-01
6.695166826248168945e-01
6.169334650039672852e-01
6.035599708557128906e-01
6.778101921081542969e-01
6.559647321701049805e-01
6.132414937019348145e-01
6.126945018768310547e-01
6.280632019042968750e-01
7.054796814918518066e-01
6.890501976013183594e-01
5.871077775955200195e-01
5.795353651046752930e-01
6.101354956626892090e-01
5.875439643859863281e-01
6.196926832199096680e-01
4.961314499378204346e-01
5.713489055633544922e-01
6.286128163337707520e-01
5.347287654876708984e-01
5.601739883422851562e-01
5.327287912368774414e-01
6.918003559112548828e-01
6.205367445945739746e-01
5.721862316131591797e-01
6.039077043533325195e-01
5.521883368492126465e-01
6.614201068878173828e-01
6.058173179626464844e-01
6.248362064361572266e-01
5.829871892929077148e-01
5.681008696556091309e-01
6.954963207244873047e-01
6.181586980819702148e-01
5.760905742645263672e-01
6.216156482696533203e-01
5.128682255744934082e-01
7.586151361465454102e-01
7.052972912788391113e-01
6.346063613891601562e-01
5.918688178062438965e-01
5.598652362823486328e-01
5.264552831649780273e-01
5.495742559432983398e-01
6.235110759735107422e-01
6.855866909027099609e-01
5.760551095008850098e-01
4.975529313087463379e-01
6.516416072845458984e-01
5.897709131240844727e-01
5.144942998886108398e-01
6.022639870643615723e-01
5.800693035125732422e-01
7.847349643707275391e-01
6.673845052719116211e-01
5.738201737403869629e-01
5.796977281570434570e-01
7.172193527221679688e-01
6.937450170516967773e-01
5.935693979263305664e-01
6.364949345588684082e-01
5.779429674148559570e-01
5.338153839111328125e-01
5.404583215713500977e-01
5.118333101272583008e-01
5.593476295471191406e-01
7.078779339790344238e-01
5.071750879287719727e-01
7.759863138198852539e-01
6.208410859107971191e-01
6.108593344688415527e-01
7.907353639602661133e-01
7.225520610809326172e-01
6.443901062011718750e-01
6.839663386344909668e-01
5.579751729965209961e-01
6.845496892929077148e-01
6.630284786224365234e-01
6.804879903793334961e-01
7.354829907417297363e-01
6.175299882888793945e-01
6.392303705215454102e-01
5.343085527420043945e-01
6.366927027702331543e-01
5.954644680023193359e-01
5.901834368705749512e-01
6.708611249923706055e-01
6.174066662788391113e-01
6.669486165046691895e-01
6.730729341506958008e-01
5.789824724197387695e-01
6.433865427970886230e-01
6.498963832855224609e-01
5.511257648468017578e-01
6.461930274963378906e-01
6.250518560409545898e-01
7.017776370048522949e-01
6.775829792022705078e-01
6.153962612152099609e-01
6.483031511306762695e-01
6.268800497055053711e-01
5.996246337890625000e-01
6.385082006454467773e-01
6.386563181877136230e-01
5.997304916381835938e-01
5.662859678268432617e-01
5.922464132308959961e-01
7.433887720108032227e-01
6.203938722610473633e-01
5.334274768829345703e-01
6.167750954627990723e-01
6.089515686035156250e-01
5.821385383605957031e-01
6.169698238372802734e-01
6.012789011001586914e-01
7.321915626525878906e-01
6.525906324386596680e-01
6.535501480102539062e-01
7.104119062423706055e-01
6.234059333801269531e-01
6.683394908905029297e-01
6.467165946960449219e-01
6.481758952140808105e-01
6.608747243881225586e-01
5.953050851821899414e-01
6.747397780418395996e-01
6.343301534652709961e-01
5.964609980583190918e-01
6.522817015647888184e-01
6.326863765716552734e-01
4.757118523120880127e-01
5.521194934844970703e-01
5.275328159332275391e-01
7.777584195137023926e-01
5.744636058807373047e-01
5.816378593444824219e-01
5.218921899795532227e-01
6.821802854537963867e-01
6.346411705017089844e-01
6.322208642959594727e-01
6.071311235427856445e-01
5.312554836273193359e-01
4.451048076152801514e-01
6.195964813232421875e-01
7.089858055114746094e-01
6.935266256332397461e-01
5.993571877479553223e-01
7.317619919776916504e-01
5.122736096382141113e-01
6.605017185211181641e-01
6.265928745269775391e-01
6.060012578964233398e-01
6.502613425254821777e-01
5.385281443595886230e-01
7.826771736145019531e-01
5.898545980453491211e-01
6.308473348617553711e-01
6.038186550140380859e-01
7.039562463760375977e-01
5.902587771415710449e-01
6.284078359603881836e-01
7.237316370010375977e-01
5.733497142791748047e-01
6.757472753524780273e-01
5.729492902755737305e-01
5.389291048049926758e-01
6.981154680252075195e-01
7.031592726707458496e-01
6.579829454421997070e-01
5.099554061889648438e-01
6.159915924072265625e-01
7.010229825973510742e-01
4.764507412910461426e-01
5.506820678710937500e-01
6.896927356719970703e-01
5.837036967277526855e-01
6.244289278984069824e-01
5.713589191436767578e-01
6.211442351341247559e-01
7.280942201614379883e-01
7.149727940559387207e-01
6.017898917198181152e-01
6.427239179611206055e-01
5.895256996154785156e-01
7.539471387863159180e-01
6.152547597885131836e-01
5.900372266769409180e-01
6.460332870483398438e-01
5.799472332000732422e-01
6.810768842697143555e-01
6.843913793563842773e-01
6.016051769256591797e-01
7.710793018341064453e-01
5.510714650154113770e-01
6.571880578994750977e-01
5.613417625427246094e-01
4.661622643470764160e-01
5.932319164276123047e-01
4.602642655372619629e-01
5.882724523544311523e-01
4.696444272994995117e-01
6.867464184761047363e-01
7.637977600097656250e-01
6.049972176551818848e-01
6.289758086204528809e-01
6.898189187049865723e-01
6.134410500526428223e-01
6.048367023468017578e-01
6.491485834121704102e-01
6.388853788375854492e-01
5.802833437919616699e-01
7.182741761207580566e-01
5.791774988174438477e-01
5.981827974319458008e-01
6.302664875984191895e-01
6.085631847381591797e-01
6.084721088409423828e-01
6.393659114837646484e-01
5.992490053176879883e-01
6.688406467437744141e-01
5.897798538208007812e-01
5.594148635864257812e-01
6.131776571273803711e-01
7.405348420143127441e-01
7.151424288749694824e-01
5.527938604354858398e-01
5.566645264625549316e-01
7.016487121582031250e-01
5.899531245231628418e-01
8.016872406005859375e-01
5.388911962509155273e-01
6.664352416992187500e-01
6.155766248703002930e-01
5.843647122383117676e-01
6.236411333084106445e-01
5.736528038978576660e-01
6.729600429534912109e-01
6.405808925628662109e-01
7.073909044265747070e-01
6.689790487289428711e-01
6.326523423194885254e-01
5.855815410614013672e-01
6.708574295043945312e-01
6.323395967483520508e-01
5.012561678886413574e-01
6.109435558319091797e-01
5.369690656661987305e-01
5.894772410392761230e-01
5.828378200531005859e-01
6.274455785751342773e-01
5.577049255371093750e-01
6.812014579772949219e-01
6.856581568717956543e-01
6.100479960441589355e-01
5.604083538055419922e-01
7.092838287353515625e-01
4.859218001365661621e-01
6.127367615699768066e-01
6.704549193382263184e-01
6.605468988418579102e-01
6.121273636817932129e-01
5.708684921264648438e-01
7.314176559448242188e-01
8.146421909332275391e-01
6.237349510192871094e-01
8.015866875648498535e-01
6.303986907005310059e-01
6.118533015251159668e-01
5.765079259872436523e-01
5.489018559455871582e-01
6.566281318664550781e-01
6.154442429542541504e-01
7.970540523529052734e-01
5.267926454544067383e-01
7.281505465507507324e-01
7.527641057968139648e-01
6.990600228309631348e-01
5.924711227416992188e-01
5.350097417831420898e-01
7.105419039726257324e-01
5.177155733108520508e-01
6.829866170883178711e-01
5.807702541351318359e-01
6.818232536315917969e-01
6.395356655120849609e-01
6.426148414611816406e-01
6.729245185852050781e-01
5.626841783523559570e-01
5.918254852294921875e-01
6.514743566513061523e-01
5.593904852867126465e-01
5.494607090950012207e-01
6.026970148086547852e-01
7.228795289993286133e-01
5.917630195617675781e-01
6.156047582626342773e-01
6.723798513412475586e-01
6.441239118576049805e-01
7.232114076614379883e-01
6.340140700340270996e-01
6.047081351280212402e-01
5.688161253929138184e-01
7.510499954223632812e-01
5.465224981307983398e-01
6.655017733573913574e-01
6.514155864715576172e-01
7.177469730377197266e-01
6.207922697067260742e-01
4.759909212589263916e-01
5.844438672065734863e-01
8.084615468978881836e-01
6.692724227905273438e-01
6.912479400634765625e-01
7.712787389755249023e-01
6.746238470077514648e-01
7.568940520286560059e-01
6.868675947189331055e-01
5.415158867835998535e-01
6.075472831726074219e-01
6.047068238258361816e-01
6.556270122528076172e-01
5.795317888259887695e-01
6.893706321716308594e-01
5.952142477035522461e-01
6.946835517883300781e-01
6.535538434982299805e-01
5.966732501983642578e-01
7.101476192474365234e-01
5.557456016540527344e-01
6.819561719894409180e-01
5.983270406723022461e-01
6.145624518394470215e-01
5.492476224899291992e-01
6.484838724136352539e-01
6.148368120193481445e-01
5.462368130683898926e-01
6.394368410110473633e-01
6.134917736053466797e-01
5.345680713653564453e-01
6.735532283782958984e-01
5.924445986747741699e-01
6.230177283287048340e-01
5.519778728485107422e-01
5.182834863662719727e-01
6.259179711341857910e-01
6.130255460739135742e-01
6.617003083229064941e-01
5.889398455619812012e-01
6.875395178794860840e-01
5.205543041229248047e-01
5.128934979438781738e-01
6.110118627548217773e-01
5.975033044815063477e-01
5.704447627067565918e-01
5.351943969726562500e-01
6.757888197898864746e-01
6.142061352729797363e-01
5.381772518157958984e-01
5.923759341239929199e-01
7.367899417877197266e-01
5.764946341514587402e-01
5.955085754394531250e-01
4.893897771835327148e-01
5.516878366470336914e-01
4.969448447227478027e-01
6.346140503883361816e-01
5.858508944511413574e-01
5.466406941413879395e-01
5.700157880783081055e-01
6.473156213760375977e-01
6.210781335830688477e-01
5.564008951187133789e-01
6.149626970291137695e-01
5.289539098739624023e-01
5.359977483749389648e-01
5.271320939064025879e-01
6.644423007965087891e-01
6.367460489273071289e-01
5.804797410964965820e-01
5.098841190338134766e-01
6.256642341613769531e-01
5.580285787582397461e-01
5.100594162940979004e-01
5.665307044982910156e-01
6.306395530700683594e-01
5.630284547805786133e-01
6.842006444931030273e-01
6.013263463973999023e-01
5.937800407409667969e-01
6.299433708190917969e-01
5.114957094192504883e-01
5.450584888458251953e-01
7.586926221847534180e-01
4.775334596633911133e-01
5.143870115280151367e-01
7.191344499588012695e-01
6.779197454452514648e-01
6.659074425697326660e-01
6.377767920494079590e-01
4.823240637779235840e-01
5.633237361907958984e-01
6.259925365447998047e-01
6.150646209716796875e-01
6.068244576454162598e-01
4.894044101238250732e-01
6.071975827217102051e-01
6.035415530204772949e-01
5.940177440643310547e-01
6.118472814559936523e-01
6.096471548080444336e-01
5.194104909896850586e-01
7.097008228302001953e-01
5.629351139068603516e-01
6.579666137695312500e-01
6.275748014450073242e-01
5.561331510543823242e-01
7.043354511260986328e-01
6.744835376739501953e-01
6.037653684616088867e-01
5.298727154731750488e-01
5.769786834716796875e-01
5.060011744499206543e-01
5.418820381164550781e-01
6.694880723953247070e-01
5.851268768310546875e-01
7.357814311981201172e-01
6.086649894714355469e-01
6.155244112014770508e-01
6.554915904998779297e-01
6.807720065116882324e-01
7.010164260864257812e-01
5.895205736160278320e-01
6.015790700912475586e-01
6.772512197494506836e-01
6.259174346923828125e-01
5.054801702499389648e-01
5.747901797294616699e-01
5.703022480010986328e-01
6.529570817947387695e-01
4.836747944355010986e-01
6.074678897857666016e-01
6.541644334793090820e-01
5.721923112869262695e-01
6.085537672042846680e-01
7.240712046623229980e-01
5.201947093009948730e-01
5.849545001983642578e-01
5.434364080429077148e-01
5.891476273536682129e-01
5.765385627746582031e-01
5.259366631507873535e-01
5.525239706039428711e-01
7.039555311203002930e-01
5.930425524711608887e-01
5.733124017715454102e-01
7.286792397499084473e-01
5.281311273574829102e-01
4.682414829730987549e-01
5.677387714385986328e-01
6.215837001800537109e-01
5.662254095077514648e-01
7.993782162666320801e-01
6.021369695663452148e-01
5.359749794006347656e-01
4.773158431053161621e-01
4.718176722526550293e-01
6.820117235183715820e-01
7.155122756958007812e-01
5.764032602310180664e-01
6.152222156524658203e-01
5.917280316352844238e-01
5.066386461257934570e-01
5.713901519775390625e-01
6.171118021011352539e-01
5.231045484542846680e-01
6.679450273513793945e-01
6.085037589073181152e-01
5.425588488578796387e-01
7.037090063095092773e-01
6.141716241836547852e-01
5.242505073547363281e-01
6.418690681457519531e-01
6.265438795089721680e-01
5.980048775672912598e-01
6.811742186546325684e-01
5.690566301345825195e-01
7.496859431266784668e-01
6.194576621055603027e-01
5.798863768577575684e-01
6.562457680702209473e-01
5.131615996360778809e-01
5.880286693572998047e-01
6.351510286331176758e-01
6.736972928047180176e-01
5.996940135955810547e-01
7.531637549400329590e-01
6.015128493309020996e-01
5.132232904434204102e-01
6.718783378601074219e-01
5.742723345756530762e-01
4.617142677307128906e-01
6.696950793266296387e-01
6.416529417037963867e-01
6.828488111495971680e-01
6.160243153572082520e-01
5.584467053413391113e-01
6.619249582290649414e-01
5.229116678237915039e-01
5.866491198539733887e-01
5.881482362747192383e-01
6.422632932662963867e-01
6.697923541069030762e-01
6.120918989181518555e-01
5.441012978553771973e-01
4.568722546100616455e-01
5.722211599349975586e-01
8.835669159889221191e-01
6.712930202484130859e-01
5.544989109039306641e-01
5.015650987625122070e-01
5.949258804321289062e-01
6.503220796585083008e-01
7.747011780738830566e-01
7.937219142913818359e-01
5.679231286048889160e-01
7.750059366226196289e-01
6.901510953903198242e-01
6.411081552505493164e-01
6.446037292480468750e-01
7.397373914718627930e-01
5.499194264411926270e-01
5.234200954437255859e-01
6.609951257705688477e-01
5.264856815338134766e-01
6.493558883666992188e-01
6.554204821586608887e-01
5.879127383232116699e-01
6.241214275360107422e-01
6.242116689682006836e-01
5.988761186599731445e-01
5.632534027099609375e-01
7.795217037200927734e-01
6.131333708763122559e-01
5.880922675132751465e-01
5.521505475044250488e-01
6.542819738388061523e-01
4.731550514698028564e-01
5.939692854881286621e-01
5.023173689842224121e-01
5.124499797821044922e-01
6.443955898284912109e-01
5.926772952079772949e-01
7.494797706604003906e-01
6.314741373062133789e-01
5.065537095069885254e-01
4.836887717247009277e-01
7.088896632194519043e-01
6.372947692871093750e-01
5.671954154968261719e-01
6.089397668838500977e-01
5.794473290443420410e-01
5.176046490669250488e-01
7.503293752670288086e-01
5.648757219314575195e-01
5.157082080841064453e-01
5.902392268180847168e-01
6.522727012634277344e-01
4.403214454650878906e-01
6.543768048286437988e-01
7.056758999824523926e-01
6.499854922294616699e-01
6.300204992294311523e-01
5.440222024917602539e-01
6.408346891403198242e-01
7.218531966209411621e-01
6.542040109634399414e-01
7.005034685134887695e-01
5.654292106628417969e-01
7.150025367736816406e-01
5.330224037170410156e-01
5.669821500778198242e-01
5.956491827964782715e-01
6.626657247543334961e-01
6.179839372634887695e-01
7.826907634735107422e-01
6.599787473678588867e-01
6.343736648559570312e-01
7.391576766967773438e-01
6.883559226989746094e-01
4.715170860290527344e-01
5.507589578628540039e-01
6.146750450134277344e-01
6.487255096435546875e-01
8.205919265747070312e-01
5.632138252258300781e-01
6.716744303703308105e-01
6.091082096099853516e-01
4.659337997436523438e-01
5.708727240562438965e-01
6.397213935852050781e-01
6.614408493041992188e-01
6.567351818084716797e-01
5.929814577102661133e-01
6.426262855529785156e-01
6.938469409942626953e-01
6.073105335235595703e-01
6.343631148338317871e-01
5.676026344299316406e-01
6.523755788803100586e-01
6.389200687408447266e-01
6.035062670707702637e-01
4.865498244762420654e-01
5.749689936637878418e-01
6.523472666740417480e-01
5.290492773056030273e-01
6.055461764335632324e-01
6.399242281913757324e-01
6.675577759742736816e-01
6.852192878723144531e-01
6.751617789268493652e-01
6.495379209518432617e-01
6.312830448150634766e-01
6.037610769271850586e-01
5.532811284065246582e-01
5.934678316116333008e-01
5.715854763984680176e-01
6.775879859924316406e-01
6.054840087890625000e-01
5.743775367736816406e-01
6.414041519165039062e-01
6.958096623420715332e-01
5.637390613555908203e-01
5.880445241928100586e-01
5.759515166282653809e-01
5.150775909423828125e-01
5.874806642532348633e-01
5.436382293701171875e-01
6.222078800201416016e-01
5.904701352119445801e-01
5.475931167602539062e-01
7.292392253875732422e-01
6.706013083457946777e-01
7.535228729248046875e-01
6.055964231491088867e-01
6.285653710365295410e-01
7.212508916854858398e-01
7.685413360595703125e-01
5.782786607742309570e-01
5.950988531112670898e-01
4.619307518005371094e-01
7.311777472496032715e-01
6.962993741035461426e-01
7.354565858840942383e-01
6.665599346160888672e-01
6.863371133804321289e-01
5.393022298812866211e-01
5.865671634674072266e-01
6.742875576019287109e-01
6.970514059066772461e-01
6.053771972656250000e-01
6.848350167274475098e-01
6.259452104568481445e-01
5.841193199157714844e-01
6.034644246101379395e-01
6.888187527656555176e-01
5.638034343719482422e-01
4.967162609100341797e-01
4.426398277282714844e-01
5.866903662681579590e-01
6.773699522018432617e-01
6.357704401016235352e-01
5.686360597610473633e-01
6.064602732658386230e-01
7.474933266639709473e-01
5.893778800964355469e-01
6.924545168876647949e-01
6.075865030288696289e-01
5.995394587516784668e-01
8.012602925300598145e-01
6.736878156661987305e-01
6.254824995994567871e-01
5.692572593688964844e-01
5.259536504745483398e-01
4.714610576629638672e-01
6.328986883163452148e-01
5.168315172195434570e-01
5.421149730682373047e-01
4.761011004447937012e-01
5.645011663436889648e-01
5.785326957702636719e-01
5.777118206024169922e-01
5.713145732879638672e-01
6.174956560134887695e-01
4.978081881999969482e-01
6.677454710006713867e-01
6.066429018974304199e-01
5.304243564605712891e-01
4.247648119926452637e-01
5.716266632080078125e-01
6.450457572937011719e-01
4.882504940032958984e-01
5.632531642913818359e-01
6.125094890594482422e-01
5.099813938140869141e-01
5.441249608993530273e-01
4.870413243770599365e-01
6.200925111770629883e-01
5.516757965087890625e-01
7.177740931510925293e-01
6.408113241195678711e-01
4.991753101348876953e-01
6.621061563491821289e-01
5.351511836051940918e-01
6.977081298828125000e-01
5.842409133911132812e-01
5.703110098838806152e-01
4.998300075531005859e-01
6.200039386749267578e-01
5.530015230178833008e-01
5.303440093994140625e-01
5.514335632324218750e-01
4.938808977603912354e-01
5.713645219802856445e-01
5.906764864921569824e-01
6.800789833068847656e-01
5.675224065780639648e-01
6.461339592933654785e-01
6.247265338897705078e-01
5.828155875205993652e-01
4.916874766349792480e-01
6.284652352333068848e-01
5.347975492477416992e-01
7.804963588714599609e-01
5.761346220970153809e-01
5.516056418418884277e-01
5.107548236846923828e-01
5.967769622802734375e-01
5.869125127792358398e-01
6.372663974761962891e-01
6.487128734588623047e-01
5.677669644355773926e-01
5.345629453659057617e-01
6.208968162536621094e-01
5.610713362693786621e-01
5.773093700408935547e-01
5.058606863021850586e-01
5.848386287689208984e-01
5.856814384460449219e-01
6.197189092636108398e-01
5.197014212608337402e-01
6.912341117858886719e-01
6.679259538650512695e-01
5.206115245819091797e-01
5.669853687286376953e-01
6.614510416984558105e-01
6.043794751167297363e-01
6.118154525756835938e-01
6.232634782791137695e-01
6.804457902908325195e-01
6.286714076995849609e-01
5.753499269485473633e-01
5.616627931594848633e-01
6.339814662933349609e-01
5.750231742858886719e-01
7.711488008499145508e-01
5.855913758277893066e-01
6.395252346992492676e-01
5.484133958816528320e-01
6.909366250038146973e-01
5.692747831344604492e-01
5.093483328819274902e-01
5.859388113021850586e-01
4.977765679359436035e-01
5.154387354850769043e-01
5.697346925735473633e-01
6.017392277717590332e-01
5.471189022064208984e-01
6.151245832443237305e-01
4.747648537158966064e-01
6.504850387573242188e-01
4.933594465255737305e-01
6.262714862823486328e-01
4.876505732536315918e-01
7.308458089828491211e-01
6.457185745239257812e-01
6.073904037475585938e-01
5.728775858879089355e-01
5.525621175765991211e-01
5.584659576416015625e-01
7.644051909446716309e-01
6.988705396652221680e-01
5.303017497062683105e-01
6.513798236846923828e-01
6.964320540428161621e-01
5.217168331146240234e-01
6.917074918746948242e-01
6.117668151855468750e-01
6.427997350692749023e-01
6.264219880104064941e-01
6.777936816215515137e-01
5.970103144645690918e-01
5.459713339805603027e-01
4.473558068275451660e-01
6.199025511741638184e-01
5.903210639953613281e-01
6.077777147293090820e-01
6.521150469779968262e-01
5.786514282226562500e-01
6.698868870735168457e-01
7.059751152992248535e-01
6.786609292030334473e-01
5.623149871826171875e-01
6.336306333541870117e-01
5.265191197395324707e-01
6.032241582870483398e-01
5.013042688369750977e-01
5.210143923759460449e-01
6.037268638610839844e-01
5.876119136810302734e-01
5.659173130989074707e-01
5.642570257186889648e-01
5.795574188232421875e-01
5.082055330276489258e-01
6.163393855094909668e-01
5.974986553192138672e-01
7.036534547805786133e-01
6.528848409652709961e-01
4.975651800632476807e-01
5.996239185333251953e-01
7.033202648162841797e-01
6.468675136566162109e-01
4.983025491237640381e-01
5.981477499008178711e-01
6.851711273193359375e-01
5.114137530326843262e-01
5.041402578353881836e-01
5.833873748779296875e-01
5.548222064971923828e-01
6.155074834823608398e-01
6.399692893028259277e-01
6.466767787933349609e-01
6.139876842498779297e-01
6.143670082092285156e-01
5.644073486328125000e-01
5.385883450508117676e-01
7.128205895423889160e-01
5.137159824371337891e-01
5.860267877578735352e-01
7.013990879058837891e-01
5.314387679100036621e-01
5.098240971565246582e-01
5.462126731872558594e-01
5.381705164909362793e-01
6.536241173744201660e-01
5.105261802673339844e-01
5.702283382415771484e-01
4.891335964202880859e-01
4.812198281288146973e-01
6.054228544235229492e-01
5.082324743270874023e-01
6.095696091651916504e-01
7.414129376411437988e-01
6.430783271789550781e-01
6.149194240570068359e-01
5.891958475112915039e-01
5.211790204048156738e-01
5.659478306770324707e-01
6.116134524345397949e-01
6.716012954711914062e-01
6.820701360702514648e-01
6.630944609642028809e-01
6.763434410095214844e-01
5.628481507301330566e-01
6.389570236206054688e-01
5.212455987930297852e-01
6.155061125755310059e-01
5.625745058059692383e-01
5.947445631027221680e-01
5.370917320251464844e-01
5.115239620208740234e-01
5.967699885368347168e-01
5.499439239501953125e-01
6.240988373756408691e-01
5.585194826126098633e-01
6.020610332489013672e-01
5.374923944473266602e-01
5.491560697555541992e-01
5.130463838577270508e-01
6.773760318756103516e-01
5.852124691009521484e-01
6.586272120475769043e-01
6.444318294525146484e-01
5.678507089614868164e-01
5.890932083129882812e-01
6.194831728935241699e-01
5.732885599136352539e-01
5.586004853248596191e-01
6.828010082244873047e-01
5.750844478607177734e-01
6.814337968826293945e-01
5.235204696655273438e-01
6.059750914573669434e-01
5.388040542602539062e-01
6.758157014846801758e-01
6.392167210578918457e-01
6.380584239959716797e-01
5.787326097488403320e-01
7.180079817771911621e-01
5.754387974739074707e-01
6.369092464447021484e-01
6.514261960983276367e-01
6.553258895874023438e-01
6.675962805747985840e-01
6.951609849929809570e-01
6.116592884063720703e-01
5.595960021018981934e-01
6.850557327270507812e-01
5.567301511764526367e-01
6.896204948425292969e-01
5.712200403213500977e-01
5.590326786041259766e-01
6.336053609848022461e-01
5.710571408271789551e-01
5.302937030792236328e-01
7.796571254730224609e-01
6.026384830474853516e-01
6.639220714569091797e-01
5.676694512367248535e-01
7.237784862518310547e-01
6.103740334510803223e-01
5.022228360176086426e-01
5.575439333915710449e-01
6.277818679809570312e-01
5.883305072784423828e-01
7.546784877777099609e-01
5.756211280822753906e-01
6.994540691375732422e-01
6.360386610031127930e-01
6.242643594741821289e-01
5.852391719818115234e-01
5.820258855819702148e-01
5.640953779220581055e-01
6.596801280975341797e-01
6.445406675338745117e-01
6.328304409980773926e-01
6.700859069824218750e-01
4.947778880596160889e-01
5.491085052490234375e-01
6.759354472160339355e-01
6.067471504211425781e-01
4.754339456558227539e-01
5.250017642974853516e-01
5.128224492073059082e-01
5.196287631988525391e-01
5.978606343269348145e-01
5.195072293281555176e-01
8.271656036376953125e-01
5.670713186264038086e-01
4.604033529758453369e-01
5.976856350898742676e-01
6.298522949218750000e-01
6.796481609344482422e-01
6.428927183151245117e-01
6.425294280052185059e-01
8.205369710922241211e-01
5.714420080184936523e-01
6.673728227615356445e-01
7.055830359458923340e-01
5.759922266006469727e-01
5.360600948333740234e-01
6.425197124481201172e-01
6.168326139450073242e-01
5.523290038108825684e-01
6.427413225173950195e-01
6.713811159133911133e-01
5.156843662261962891e-01
6.046069264411926270e-01
5.472480654716491699e-01
5.367792248725891113e-01
5.293936729431152344e-01
5.774373412132263184e-01
5.337973833084106445e-01
5.606790781021118164e-01
6.380156874656677246e-01
5.249783992767333984e-01
6.146073937416076660e-01
6.200080513954162598e-01
6.089279651641845703e-01
6.567666530609130859e-01
8.618254065513610840e-01
5.871674418449401855e-01
5.723626613616943359e-01
6.861283779144287109e-01
7.647600173950195312e-01
5.778211951255798340e-01
5.635900497436523438e-01
4.766792654991149902e-01
6.453977823257446289e-01
5.581853985786437988e-01
7.361320853233337402e-01
5.612604022026062012e-01
7.331825494766235352e-01
5.265667438507080078e-01
5.159927606582641602e-01
6.835697889328002930e-01
6.025732755661010742e-01
6.198706626892089844e-01
6.690001487731933594e-01
6.532903909683227539e-01
5.915861725807189941e-01
6.236486434936523438e-01
6.454056501388549805e-01
5.250916481018066406e-01
5.676280856132507324e-01
6.514036059379577637e-01
5.678773522377014160e-01
7.567278742790222168e-01
6.358654499053955078e-01
5.341363549232482910e-01
7.158159017562866211e-01
6.048821210861206055e-01
5.874140858650207520e-01
5.548862814903259277e-01
6.232402324676513672e-01
6.729346513748168945e-01
7.910269498825073242e-01
6.523168087005615234e-01
5.072420835494995117e-01
5.556051731109619141e-01
6.519645452499389648e-01
5.969094634056091309e-01
5.928098559379577637e-01
7.196829915046691895e-01
6.290326714515686035e-01
5.560364723205566406e-01
5.524243116378784180e-01
7.577968239784240723e-01
5.250842571258544922e-01
4.749690890312194824e-01
5.216180086135864258e-01
4.839149713516235352e-01
5.087880492210388184e-01
4.462777972221374512e-01
4.686959981918334961e-01
6.076734066009521484e-01
5.529888868331909180e-01
6.108648777008056641e-01
4.860554039478302002e-01
5.912941694259643555e-01
5.198279619216918945e-01
5.928258895874023438e-01
4.602888822555541992e-01
5.214614272117614746e-01
4.689543545246124268e-01
6.086721420288085938e-01
5.259771347045898438e-01
4.823209345340728760e-01
5.770202875137329102e-01
5.774680376052856445e-01
4.932762384414672852e-01
4.872112274169921875e-01
5.164295434951782227e-01
5.852354764938354492e-01
5.397235155105590820e-01
6.283270716667175293e-01
4.600871503353118896e-01
5.286113619804382324e-01
5.701788067817687988e-01
4.809598922729492188e-01
5.235916376113891602e-01
6.046133041381835938e-01
7.043943405151367188e-01
6.086005568504333496e-01
4.896406531333923340e-01
4.827286005020141602e-01
5.468909144401550293e-01
4.979888200759887695e-01
5.770630240440368652e-01
5.693579912185668945e-01
6.723064184188842773e-01
5.185405611991882324e-01
7.197544574737548828e-01
5.821763277053833008e-01
4.926272034645080566e-01
6.691991090774536133e-01
5.748733282089233398e-01
6.672569513320922852e-01
5.890648365020751953e-01
5.632308721542358398e-01
6.311612129211425781e-01
5.145630836486816406e-01
4.860297143459320068e-01
5.218714475631713867e-01
5.071330666542053223e-01
5.912519693374633789e-01
6.503627896308898926e-01
5.103353261947631836e-01
5.495700836181640625e-01
4.491857886314392090e-01
4.954029917716979980e-01
5.175214409828186035e-01
5.770772695541381836e-01
5.042070150375366211e-01
6.149700284004211426e-01
5.613609552383422852e-01
5.706024765968322754e-01
4.657313823699951172e-01
4.908587932586669922e-01
6.228721737861633301e-01
5.544741153717041016e-01
5.463371276855468750e-01
5.874284505844116211e-01
6.200719475746154785e-01
6.462647914886474609e-01
5.786036849021911621e-01
6.476815938949584961e-01
4.676607549190521240e-01
5.443599224090576172e-01
5.469454526901245117e-01
5.899363160133361816e-01
6.879383325576782227e-01
5.760006904602050781e-01
5.346440076828002930e-01
5.183140039443969727e-01
5.846654176712036133e-01
5.740879774093627930e-01
4.397150874137878418e-01
5.945216417312622070e-01
5.208925604820251465e-01
5.361797809600830078e-01
5.962797403335571289e-01
4.954380393028259277e-01
6.659585237503051758e-01
4.535962343215942383e-01
5.770839452743530273e-01
4.967158734798431396e-01
5.042974352836608887e-01
6.691187620162963867e-01
6.154266595840454102e-01
6.400423049926757812e-01
5.124337673187255859e-01
5.373669266700744629e-01
5.462418198585510254e-01
5.157374143600463867e-01
5.876873135566711426e-01
5.865465402603149414e-01
5.262047052383422852e-01
6.421982049942016602e-01
6.134595870971679688e-01
4.555352926254272461e-01
6.380726695060729980e-01
4.692182540893554688e-01
5.689018964767456055e-01
4.835402667522430420e-01
5.559064149856567383e-01
4.754328727722167969e-01
7.088537216186523438e-01
6.602178812026977539e-01
6.260954737663269043e-01
4.906115233898162842e-01
6.987276673316955566e-01
5.216828584671020508e-01
6.549581289291381836e-01
5.766005516052246094e-01
5.623153448104858398e-01
5.062326192855834961e-01
6.109272241592407227e-01
5.134841203689575195e-01
5.247811079025268555e-01
5.486283302307128906e-01
6.918859481811523438e-01
6.989272832870483398e-01
5.838791728019714355e-01
6.463361978530883789e-01
6.425220370292663574e-01
5.688712000846862793e-01
5.955803394317626953e-01
5.949872136116027832e-01
6.061995029449462891e-01
5.378850102424621582e-01
6.962807178497314453e-01
5.670199394226074219e-01
6.199958920478820801e-01
6.846400499343872070e-01
5.443917512893676758e-01
5.926823616027832031e-01
6.184549927711486816e-01
5.364729762077331543e-01
6.341893672943115234e-01
5.354685783386230469e-01
6.275271773338317871e-01
5.239340662956237793e-01
6.007989645004272461e-01
5.467671155929565430e-01
6.070278286933898926e-01
6.070709824562072754e-01
5.752649903297424316e-01
5.487184524536132812e-01
5.563156604766845703e-01
5.356034040451049805e-01
5.691770315170288086e-01
4.782181680202484131e-01
6.196781396865844727e-01
4.573679566383361816e-01
6.965028047561645508e-01
6.490690708160400391e-01
5.863575935363769531e-01
5.566145181655883789e-01
4.931954741477966309e-01
6.083301305770874023e-01
5.498015284538269043e-01
5.879027843475341797e-01
5.264108180999755859e-01
6.262022852897644043e-01
4.562307596206665039e-01
6.817888021469116211e-01
5.519622564315795898e-01
6.895493268966674805e-01
5.645765066146850586e-01
5.978305935859680176e-01
5.345530509948730469e-01
5.928864479064941406e-01
5.304334759712219238e-01
6.097764968872070312e-01
6.620774269104003906e-01
6.794532537460327148e-01
5.542236566543579102e-01
6.044976711273193359e-01
5.965991020202636719e-01
6.108832359313964844e-01
6.630774140357971191e-01
6.493428945541381836e-01
5.693073272705078125e-01
5.554008483886718750e-01
6.876659393310546875e-01
5.687481760978698730e-01
6.250483989715576172e-01
5.482342243194580078e-01
5.483276844024658203e-01
5.478555560111999512e-01
5.434923768043518066e-01
7.019551992416381836e-01
5.530805587768554688e-01
4.539386034011840820e-01
6.298354864120483398e-01
6.915031671524047852e-01
5.806809663772583008e-01
6.251236200332641602e-01
6.485431194305419922e-01
5.623720884323120117e-01
6.801335811614990234e-01
5.814414024353027344e-01
7.287728786468505859e-01
6.214042305946350098e-01
5.587460398674011230e-01
6.278104782104492188e-01
5.946052074432373047e-01
6.629570722579956055e-01
5.138329863548278809e-01
5.771850347518920898e-01
7.320160865783691406e-01
6.456081867218017578e-01
5.230985283851623535e-01
6.223192214965820312e-01
5.240216255187988281e-01
6.455876231193542480e-01
5.751863718032836914e-01
6.988121867179870605e-01
6.641405224800109863e-01
6.872947812080383301e-01
6.736023426055908203e-01
6.098525524139404297e-01
7.829596400260925293e-01
5.655014514923095703e-01
6.078009009361267090e-01
6.403325796127319336e-01
5.492919087409973145e-01
5.128987431526184082e-01
5.720264315605163574e-01
6.102021336555480957e-01
6.120432615280151367e-01
4.999371767044067383e-01
4.649737477302551270e-01
5.610198974609375000e-01
5.027376413345336914e-01
5.363368988037109375e-01
6.310580968856811523e-01
6.276807785034179688e-01
5.997877717018127441e-01
5.697850584983825684e-01
5.848245620727539062e-01
6.154658794403076172e-01
5.094846487045288086e-01
5.838671922683715820e-01
7.202298641204833984e-01
7.148921489715576172e-01
6.700738668441772461e-01
6.482826471328735352e-01
5.178694725036621094e-01
6.060274839401245117e-01
5.557402372360229492e-01
5.873084068298339844e-01
5.836128592491149902e-01
5.333952903747558594e-01
5.864034295082092285e-01
6.248509287834167480e-01
5.621000528335571289e-01
7.198591828346252441e-01
5.790560841560363770e-01
6.165074110031127930e-01
5.111805200576782227e-01
6.760717630386352539e-01
6.068714857101440430e-01
6.761882305145263672e-01
6.661212444305419922e-01
7.947037816047668457e-01
5.615862011909484863e-01
5.735114812850952148e-01
5.669329762458801270e-01
5.656256675720214844e-01
4.786280989646911621e-01
5.135166049003601074e-01
5.917851924896240234e-01
6.068712472915649414e-01
6.358828544616699219e-01
5.509209036827087402e-01
5.980823636054992676e-01
5.528539419174194336e-01
5.390025377273559570e-01
7.961252927780151367e-01
5.951840281486511230e-01
5.295141935348510742e-01
5.288244485855102539e-01
7.046821117401123047e-01
5.723724961280822754e-01
7.446229457855224609e-01
6.954770088195800781e-01
5.839685201644897461e-01
6.357153654098510742e-01
6.370950937271118164e-01
6.209890842437744141e-01
7.589942216873168945e-01
5.979976654052734375e-01
6.747986078262329102e-01
6.004666090011596680e-01
6.832887530326843262e-01
5.367413759231567383e-01
6.640338897705078125e-01
5.604739189147949219e-01
7.356879711151123047e-01
6.403526067733764648e-01
5.486478805541992188e-01
7.030801177024841309e-01
6.857969760894775391e-01
5.601686239242553711e-01
5.901355743408203125e-01
5.418570637702941895e-01
5.501141548156738281e-01
5.975921154022216797e-01
6.266246438026428223e-01
7.930958271026611328e-01
5.994102954864501953e-01
5.617393851280212402e-01
6.153076887130737305e-01
5.410504341125488281e-01
6.210941076278686523e-01
6.066576242446899414e-01
5.573214292526245117e-01
6.046474575996398926e-01
5.582253336906433105e-01
5.918202996253967285e-01
5.762519836425781250e-01
5.996412038803100586e-01
6.028345823287963867e-01
6.006733179092407227e-01
5.814961791038513184e-01
6.673246622085571289e-01
4.847922027111053467e-01
6.430473327636718750e-01
6.713587045669555664e-01
5.534177422523498535e-01
6.217802762985229492e-01
5.753876566886901855e-01
6.138286590576171875e-01
7.128188014030456543e-01
5.339928865432739258e-01
6.371048688888549805e-01
6.569862961769104004e-01
6.289972066879272461e-01
6.609048247337341309e-01
5.934400558471679688e-01
5.580751299858093262e-01
5.341441631317138672e-01
5.512486100196838379e-01
6.448042988777160645e-01
5.200613141059875488e-01
4.662930965423583984e-01
5.302851200103759766e-01
4.918912649154663086e-01
5.800597071647644043e-01
4.085040986537933350e-01
4.933672845363616943e-01
5.586624145507812500e-01
4.933148622512817383e-01
5.419357419013977051e-01
6.231188178062438965e-01
5.026561021804809570e-01
5.308142304420471191e-01
5.976657867431640625e-01
5.289285182952880859e-01
4.904049038887023926e-01
4.936373531818389893e-01
5.647101402282714844e-01
4.750712513923645020e-01
6.886484026908874512e-01
5.844162702560424805e-01
6.265594959259033203e-01
5.607114434242248535e-01
5.584649443626403809e-01
6.492218971252441406e-01
5.578337907791137695e-01
5.492225885391235352e-01
5.743161439895629883e-01
6.133202910423278809e-01
5.442488193511962891e-01
4.643819630146026611e-01
5.418156385421752930e-01
5.097357034683227539e-01
5.902725458145141602e-01
4.814233779907226562e-01
5.245992541313171387e-01
5.553980469703674316e-01
6.297907829284667969e-01
5.168566703796386719e-01
6.156020164489746094e-01
5.754625201225280762e-01
5.992821455001831055e-01
4.888772368431091309e-01
5.968021750450134277e-01
5.401402711868286133e-01
5.244766473770141602e-01
5.125262737274169922e-01
5.807976722717285156e-01
4.423189759254455566e-01
6.461471319198608398e-01
5.429030656814575195e-01
5.472197532653808594e-01
7.086310386657714844e-01
5.232096910476684570e-01
4.230380058288574219e-01
6.151940822601318359e-01
5.390018820762634277e-01
5.814343094825744629e-01
5.622459053993225098e-01
5.750813484191894531e-01
4.898252189159393311e-01
5.662887692451477051e-01
5.072426795959472656e-01
5.111565589904785156e-01
4.261770844459533691e-01
5.025430917739868164e-01
6.256397962570190430e-01
5.443645119667053223e-01
5.786462426185607910e-01
5.497012734413146973e-01
5.625463128089904785e-01
5.722727179527282715e-01
4.481408298015594482e-01
5.531330108642578125e-01
4.684369266033172607e-01
6.120778322219848633e-01
5.145753622055053711e-01
5.975714921951293945e-01
5.307663679122924805e-01
5.134477615356445312e-01
5.337347388267517090e-01
5.734365582466125488e-01
5.904113054275512695e-01
6.611706018447875977e-01
5.479682683944702148e-01
5.566300153732299805e-01
6.508793830871582031e-01
4.940896630287170410e-01
4.552003145217895508e-01
5.472092628479003906e-01
6.813179254531860352e-01
5.383167266845703125e-01
5.979808568954467773e-01
4.962021112442016602e-01
6.097750663757324219e-01
6.725507378578186035e-01
5.956385731697082520e-01
4.833024144172668457e-01
5.616395473480224609e-01
5.622272491455078125e-01
5.734557509422302246e-01
6.885263919830322266e-01
6.168129444122314453e-01
6.087508201599121094e-01
5.443870425224304199e-01
5.046955943107604980e-01
5.464298725128173828e-01
5.667142868041992188e-01
4.877729415893554688e-01
5.394258499145507812e-01
5.398230552673339844e-01
5.518484115600585938e-01
5.505269765853881836e-01
5.474323630332946777e-01
5.232076644897460938e-01
5.731650590896606445e-01
5.429985523223876953e-01
5.450716614723205566e-01
5.170685052871704102e-01
5.271637439727783203e-01
5.416166782379150391e-01
5.717697739601135254e-01
5.217617750167846680e-01
5.825361013412475586e-01
5.799916982650756836e-01
5.449149608612060547e-01
6.256947517395019531e-01
5.694476366043090820e-01
5.625917911529541016e-01
4.846825599670410156e-01
5.534117817878723145e-01
7.263407111167907715e-01
5.538157224655151367e-01
6.198126077651977539e-01
5.527490377426147461e-01
5.158741474151611328e-01
5.494245290756225586e-01
6.465480327606201172e-01
5.193985700607299805e-01
4.994143247604370117e-01
5.799040794372558594e-01
5.510693788528442383e-01
4.551304578781127930e-01
5.109632611274719238e-01
4.773083329200744629e-01
5.168524980545043945e-01
4.486322402954101562e-01
4.971235096454620361e-01
5.205448865890502930e-01
6.189630031585693359e-01
5.362323522567749023e-01
4.128319323062896729e-01
5.103058815002441406e-01
6.539360284805297852e-01
5.252903699874877930e-01
6.325387358665466309e-01
5.233990550041198730e-01
5.855794548988342285e-01
5.943565368652343750e-01
5.866938829421997070e-01
5.617151260375976562e-01
6.791366934776306152e-01
6.072107553482055664e-01
5.796163082122802734e-01
5.671091079711914062e-01
4.690224826335906982e-01
6.214220523834228516e-01
6.046994924545288086e-01
6.137533187866210938e-01
4.739014208316802979e-01
4.868034422397613525e-01
6.731464266777038574e-01
5.823644399642944336e-01
5.615338087081909180e-01
7.117655873298645020e-01
4.872310757637023926e-01
6.125581264495849609e-01
5.622504949569702148e-01
5.535720586776733398e-01
5.503394603729248047e-01
6.326451301574707031e-01
5.384675264358520508e-01
4.590227007865905762e-01
6.850107908248901367e-01
5.845148563385009766e-01
5.583288669586181641e-01
5.311325788497924805e-01
5.158294439315795898e-01
5.443818569183349609e-01
5.642863512039184570e-01
5.428706407546997070e-01
5.504013299942016602e-01
5.369641184806823730e-01
5.175447463989257812e-01
6.024948358535766602e-01
6.106323003768920898e-01
5.186123251914978027e-01
5.162563323974609375e-01
5.615097880363464355e-01
4.986777901649475098e-01
4.990594089031219482e-01
5.574414730072021484e-01
4.945715367794036865e-01
6.310054063796997070e-01
5.636494159698486328e-01
6.547269225120544434e-01
6.186965703964233398e-01
6.150494217872619629e-01
6.063781976699829102e-01
5.210605263710021973e-01
5.545721054077148438e-01
4.855372905731201172e-01
4.840928614139556885e-01
5.894428491592407227e-01
5.922932624816894531e-01
4.787774085998535156e-01
6.175140142440795898e-01
6.904608607292175293e-01
5.109554529190063477e-01
5.467087030410766602e-01
6.404530405998229980e-01
5.868052244186401367e-01
5.000445246696472168e-01
5.546379089355468750e-01
5.751586556434631348e-01
6.482287049293518066e-01
5.293841958045959473e-01
5.885736942291259766e-01
6.222618818283081055e-01
5.782320499420166016e-01
5.830799341201782227e-01
6.769381165504455566e-01
5.215164422988891602e-01
6.125516891479492188e-01
6.697525978088378906e-01
5.496479272842407227e-01
4.863242805004119873e-01
5.159426331520080566e-01
6.175298690795898438e-01
5.180099010467529297e-01
6.753097772598266602e-01
5.989142656326293945e-01
6.349738240242004395e-01
5.428633689880371094e-01
5.144367814064025879e-01
4.783511459827423096e-01
5.856039524078369141e-01
5.683133602142333984e-01
5.658431649208068848e-01
5.403457283973693848e-01
6.425237655639648438e-01
5.687204599380493164e-01
6.084755659103393555e-01
6.181847453117370605e-01
6.549495458602905273e-01
6.938453912734985352e-01
5.721148252487182617e-01
6.732429265975952148e-01
5.864444971084594727e-01
5.746923685073852539e-01
5.279803872108459473e-01
6.031241416931152344e-01
5.479235649108886719e-01
5.925749540328979492e-01
5.724714994430541992e-01
5.966777801513671875e-01
6.399788260459899902e-01
5.379827022552490234e-01
6.193882226943969727e-01
5.947492122650146484e-01
6.190031766891479492e-01
5.137609243392944336e-01
5.141620635986328125e-01
5.863296389579772949e-01
4.911474287509918213e-01
6.701130270957946777e-01
5.553648471832275391e-01
6.204745769500732422e-01
5.916988849639892578e-01
5.180313587188720703e-01
5.292760133743286133e-01
5.578686594963073730e-01
5.152337551116943359e-01
5.434091091156005859e-01
6.081720590591430664e-01
4.969680607318878174e-01
5.918800234794616699e-01
5.244246721267700195e-01
5.891751646995544434e-01
5.678932666778564453e-01
6.644265651702880859e-01
6.205792427062988281e-01
6.022976636886596680e-01
6.369756460189819336e-01
5.748596191406250000e-01
5.936725735664367676e-01
4.844866394996643066e-01
6.975622177124023438e-01
7.398909330368041992e-01
5.422391891479492188e-01
6.196929812431335449e-01
5.397215485572814941e-01
5.580512285232543945e-01
5.508434176445007324e-01
7.866925001144409180e-01
5.435428619384765625e-01
7.147239446640014648e-01
5.556977987289428711e-01
6.566158533096313477e-01
6.356552839279174805e-01
6.015419960021972656e-01
4.881121814250946045e-01
5.295910239219665527e-01
6.044663190841674805e-01
6.016708612442016602e-01
5.201681852340698242e-01
6.749719381332397461e-01
6.758985519409179688e-01
5.051865577697753906e-01
5.032967925071716309e-01
6.103743314743041992e-01
5.578256249427795410e-01
6.463316679000854492e-01
7.072489857673645020e-01
5.938059091567993164e-01
5.184496641159057617e-01
6.584759950637817383e-01
6.675638556480407715e-01
5.229709148406982422e-01
5.854348540306091309e-01
7.672935128211975098e-01
5.512344837188720703e-01
5.733960866928100586e-01
5.967047214508056641e-01
6.950212717056274414e-01
5.616779327392578125e-01
6.616007685661315918e-01
5.635392665863037109e-01
6.836156845092773438e-01
5.003740787506103516e-01
4.627633094787597656e-01
6.656239032745361328e-01
5.428326725959777832e-01
6.492274999618530273e-01
6.580439209938049316e-01
5.304937362670898438e-01
4.957900643348693848e-01
6.994019150733947754e-01
7.010393738746643066e-01
4.974223077297210693e-01
6.389119625091552734e-01
5.333309173583984375e-01
5.214705467224121094e-01
6.069265604019165039e-01
5.109223723411560059e-01
4.844321012496948242e-01
5.386823415756225586e-01
3.791641891002655029e-01
5.731800794601440430e-01
5.247908234596252441e-01
4.433130919933319092e-01
5.394293069839477539e-01
5.724616646766662598e-01
5.160337090492248535e-01
5.263688564300537109e-01
4.977406859397888184e-01
5.292067527770996094e-01
5.293259620666503906e-01
5.928474664688110352e-01
5.318596363067626953e-01
4.900420308113098145e-01
4.806527495384216309e-01
5.819804668426513672e-01
5.284202098846435547e-01
5.583289265632629395e-01
5.126786231994628906e-01
5.715932846069335938e-01
5.890496969223022461e-01
5.934762954711914062e-01
6.101222038269042969e-01
5.353150963783264160e-01
5.103862881660461426e-01
5.473943948745727539e-01
5.316194295883178711e-01
5.012932419776916504e-01
4.761335849761962891e-01
4.927648007869720459e-01
4.956142306327819824e-01
4.295400381088256836e-01
4.942585229873657227e-01
4.864391088485717773e-01
4.771158993244171143e-01
4.768446981906890869e-01
5.584659576416015625e-01
5.604671835899353027e-01
4.459832608699798584e-01
5.557609796524047852e-01
5.084989070892333984e-01
5.562883615493774414e-01
5.993342399597167969e-01
6.276016831398010254e-01
6.402437090873718262e-01
4.393283724784851074e-01
6.101236343383789062e-01
4.939782619476318359e-01
5.117738246917724609e-01
5.465264320373535156e-01
5.865471363067626953e-01
4.670562148094177246e-01
5.446703433990478516e-01
5.803231000900268555e-01
6.773005127906799316e-01
4.924870729446411133e-01
5.216590166091918945e-01
5.434440374374389648e-01
6.010512113571166992e-01
5.480323433876037598e-01
6.815056800842285156e-01
5.031709074974060059e-01
5.768818259239196777e-01
5.268332958221435547e-01
5.934612751007080078e-01
6.067353487014770508e-01
4.372372925281524658e-01
4.825563132762908936e-01
4.468334019184112549e-01
5.407426357269287109e-01
5.239807367324829102e-01
7.024576663970947266e-01
5.752285122871398926e-01
5.537025332450866699e-01
4.853232800960540771e-01
4.503575265407562256e-01
5.299341678619384766e-01
5.850381851196289062e-01
5.657548904418945312e-01
4.911772608757019043e-01
4.823549985885620117e-01
4.572947025299072266e-01
5.110039710998535156e-01
4.361498951911926270e-01
4.389032125473022461e-01
5.233963727951049805e-01
5.680888891220092773e-01
5.205659866333007812e-01
6.221042275428771973e-01
5.385237932205200195e-01
5.529808402061462402e-01
5.717458128929138184e-01
5.092449188232421875e-01
4.942130744457244873e-01
5.091074705123901367e-01
4.949495494365692139e-01
3.714960515499114990e-01
4.674516320228576660e-01
5.547928810119628906e-01
4.951644241809844971e-01
5.449904203414916992e-01
5.624210834503173828e-01
5.430140495300292969e-01
5.709213614463806152e-01
4.210273623466491699e-01
5.071543455123901367e-01
6.306177377700805664e-01
6.149371862411499023e-01
5.250424742698669434e-01
5.376352071762084961e-01
5.698066949844360352e-01
4.499515891075134277e-01
5.481718182563781738e-01
6.098461151123046875e-01
6.321058869361877441e-01
5.478632450103759766e-01
5.022255182266235352e-01
4.966030120849609375e-01
6.728625297546386719e-01
5.006181001663208008e-01
5.021460652351379395e-01
6.475927829742431641e-01
4.708107709884643555e-01
5.859425663948059082e-01
4.726168215274810791e-01
5.987409353256225586e-01
5.055298805236816406e-01
5.270881056785583496e-01
5.632725954055786133e-01
5.915854573249816895e-01
6.154963970184326172e-01
5.582456588745117188e-01
5.708167552947998047e-01
5.326709151268005371e-01
5.837534070014953613e-01
5.578651428222656250e-01
5.674862265586853027e-01
4.553300738334655762e-01
5.289248228073120117e-01
5.607682466506958008e-01
6.242307424545288086e-01
5.708106756210327148e-01
5.289854407310485840e-01
4.905293583869934082e-01
6.185661554336547852e-01
5.163111090660095215e-01
5.920911431312561035e-01
5.336328744888305664e-01
6.174256205558776855e-01
5.531774759292602539e-01
5.173467397689819336e-01
4.327936172485351562e-01
5.770735740661621094e-01
5.665791630744934082e-01
5.575855970382690430e-01
5.438500642776489258e-01
5.051849484443664551e-01
4.831801652908325195e-01
6.124367713928222656e-01
5.206266641616821289e-01
5.863836407661437988e-01
6.189932823181152344e-01
4.932361841201782227e-01
4.706684350967407227e-01
5.524879693984985352e-01
4.914636015892028809e-01
5.006184577941894531e-01
6.121332645416259766e-01
4.946160018444061279e-01
6.239007711410522461e-01
6.059497594833374023e-01
5.807266831398010254e-01
6.866945028305053711e-01
4.820769429206848145e-01
5.922919511795043945e-01
5.995178222656250000e-01
5.524272918701171875e-01
5.321461558341979980e-01
5.671594142913818359e-01
5.584944486618041992e-01
6.489303112030029297e-01
5.399864912033081055e-01
5.334488749504089355e-01
6.042082309722900391e-01
5.786027312278747559e-01
6.848490238189697266e-01
6.293438673019409180e-01
5.321754217147827148e-01
5.034279227256774902e-01
6.662116646766662598e-01
5.511178970336914062e-01
4.976665377616882324e-01
5.304825901985168457e-01
6.321896910667419434e-01
5.362968444824218750e-01
6.264675855636596680e-01
5.125864744186401367e-01
4.175121784210205078e-01
5.446230173110961914e-01
6.426059007644653320e-01
4.977941215038299561e-01
5.173237323760986328e-01
6.780734658241271973e-01
4.891625940799713135e-01
4.705866575241088867e-01
5.983602404594421387e-01
5.627174973487854004e-01
6.213587522506713867e-01
5.574157238006591797e-01
5.397534370422363281e-01
5.968030691146850586e-01
6.714185476303100586e-01
5.403660535812377930e-01
6.698227524757385254e-01
6.158570647239685059e-01
5.093617439270019531e-01
5.466501116752624512e-01
6.751315593719482422e-01
6.190345287322998047e-01
7.067136764526367188e-01
5.052526593208312988e-01
5.682910084724426270e-01
5.959892272949218750e-01
6.618735790252685547e-01
5.813068151473999023e-01
5.795279145240783691e-01
5.448516607284545898e-01
6.362901926040649414e-01
5.932619571685791016e-01
5.809811949729919434e-01
5.569750070571899414e-01
5.326746106147766113e-01
5.839303135871887207e-01
5.907592773437500000e-01
6.234875917434692383e-01
5.719091892242431641e-01
7.086049318313598633e-01
5.497823953628540039e-01
5.450615286827087402e-01
5.841871500015258789e-01
5.118756294250488281e-01
5.033351182937622070e-01
5.554484128952026367e-01
6.607513427734375000e-01
6.116716861724853516e-01
6.131793260574340820e-01
5.267194509506225586e-01
5.238138437271118164e-01
5.693679451942443848e-01
6.229329109191894531e-01
5.339456200599670410e-01
5.618638992309570312e-01
5.908471345901489258e-01
5.107330083847045898e-01
5.455989241600036621e-01
4.279955625534057617e-01
4.964812397956848145e-01
5.409700870513916016e-01
5.027223229408264160e-01
5.363214015960693359e-01
5.430448651313781738e-01
5.799358487129211426e-01
5.218134522438049316e-01
5.839805603027343750e-01
4.925158023834228516e-01
6.771820783615112305e-01
5.295746922492980957e-01
6.216818094253540039e-01
5.367166996002197266e-01
5.097521543502807617e-01
7.439128756523132324e-01
5.920919179916381836e-01
5.628815293312072754e-01
5.231881141662597656e-01
4.441534280776977539e-01
5.675033330917358398e-01
6.703841090202331543e-01
6.052367687225341797e-01
5.803878307342529297e-01
6.317647695541381836e-01
5.698606967926025391e-01
4.542269706726074219e-01
4.915728569030761719e-01
6.482732295989990234e-01
6.049130558967590332e-01
6.139879226684570312e-01
6.168365478515625000e-01
5.404566526412963867e-01
5.230293273925781250e-01
5.921406149864196777e-01
6.000492572784423828e-01
3.954457938671112061e-01
4.768833518028259277e-01
4.932039976119995117e-01
5.512876510620117188e-01
4.941471815109252930e-01
7.172456979751586914e-01
6.301860809326171875e-01
5.579001903533935547e-01
5.538473129272460938e-01
5.862036943435668945e-01
5.304146409034729004e-01
6.361862421035766602e-01
7.218339443206787109e-01
6.236156225204467773e-01
5.599597096443176270e-01
5.924857854843139648e-01
6.325321793556213379e-01
6.458401679992675781e-01
5.556891560554504395e-01
4.736560583114624023e-01
6.250985264778137207e-01
5.563362836837768555e-01
5.757904052734375000e-01
5.674302577972412109e-01
5.401159524917602539e-01
5.326494574546813965e-01
6.695649027824401855e-01
5.910974740982055664e-01
5.815378427505493164e-01
5.933287739753723145e-01
5.115914940834045410e-01
6.114311218261718750e-01
5.695773363113403320e-01
5.480338931083679199e-01
6.547092199325561523e-01
5.694863796234130859e-01
5.515865683555603027e-01
5.356284379959106445e-01
5.005151033401489258e-01
6.985434293746948242e-01
4.968569278717041016e-01
5.851849317550659180e-01
5.452228188514709473e-01
6.427702903747558594e-01
5.939261913299560547e-01
5.579853653907775879e-01
5.442242622375488281e-01
5.716779232025146484e-01
6.036993265151977539e-01
5.112464427947998047e-01
5.065355896949768066e-01
6.110876798629760742e-01
6.324959993362426758e-01
6.482057571411132812e-01
4.742150008678436279e-01
6.293190717697143555e-01
5.878106951713562012e-01
6.157344579696655273e-01
4.851789474487304688e-01
4.952132105827331543e-01
5.231789350509643555e-01
6.155085563659667969e-01
6.409189701080322266e-01
4.453331232070922852e-01
4.694797396659851074e-01
5.489295125007629395e-01
4.724685549736022949e-01
5.605854392051696777e-01
5.637945532798767090e-01
4.747178256511688232e-01
5.281203985214233398e-01
4.874288439750671387e-01
4.879412055015563965e-01
5.077167153358459473e-01
5.582780241966247559e-01
5.087829232215881348e-01
5.770239233970642090e-01
6.219214200973510742e-01
4.590393900871276855e-01
4.642849564552307129e-01
5.340309143066406250e-01
5.191954374313354492e-01
6.135010719299316406e-01
5.087615251541137695e-01
6.070888042449951172e-01
5.367091894149780273e-01
4.511520266532897949e-01
5.249136686325073242e-01
5.581604242324829102e-01
5.265240669250488281e-01
4.722856581211090088e-01
5.565551519393920898e-01
6.079601049423217773e-01
4.544682800769805908e-01
5.531039237976074219e-01
5.568346977233886719e-01
5.750116109848022461e-01
4.839025735855102539e-01
4.944887161254882812e-01
5.406547784805297852e-01
5.550276041030883789e-01
5.193014144897460938e-01
5.972353816032409668e-01
4.548032283782958984e-01
5.291178822517395020e-01
6.230329871177673340e-01
5.446465015411376953e-01
4.676658213138580322e-01
5.418455004692077637e-01
5.887622237205505371e-01
5.127289295196533203e-01
5.501170158386230469e-01
4.947394728660583496e-01
5.723788738250732422e-01
4.769526422023773193e-01
5.567439198493957520e-01
5.115581154823303223e-01
6.025428771972656250e-01
5.146272182464599609e-01
4.765039980411529541e-01
4.849190413951873779e-01
5.137434601783752441e-01
5.656272172927856445e-01
6.843457221984863281e-01
4.785718917846679688e-01
5.113786458969116211e-01
4.835885763168334961e-01
4.944894909858703613e-01
4.617924690246582031e-01
5.259056091308593750e-01
5.586424469947814941e-01
4.706706404685974121e-01
5.412783622741699219e-01
4.756612777709960938e-01
4.630182683467864990e-01
5.399348735809326172e-01
5.975438952445983887e-01
5.134512782096862793e-01
5.092401504516601562e-01
5.206989645957946777e-01
4.583846330642700195e-01
5.485301017761230469e-01
5.859959125518798828e-01
4.907432496547698975e-01
6.089398860931396484e-01
4.794524908065795898e-01
5.894590616226196289e-01
4.718398451805114746e-01
4.448781013488769531e-01
4.785614609718322754e-01
5.189911127090454102e-01
5.010530948638916016e-01
4.283322095870971680e-01
4.782522320747375488e-01
5.585683584213256836e-01
5.163234472274780273e-01
5.889922380447387695e-01
6.228326559066772461e-01
6.637174487113952637e-01
4.949363172054290771e-01
5.370730161666870117e-01
4.818975925445556641e-01
5.456821918487548828e-01
5.550662279129028320e-01
6.086596846580505371e-01
4.283769726753234863e-01
4.508040547370910645e-01
6.225544214248657227e-01
5.345371961593627930e-01
5.620597600936889648e-01
4.802951216697692871e-01
5.468860268592834473e-01
4.781299829483032227e-01
5.489047765731811523e-01
4.407964944839477539e-01
5.456757545471191406e-01
5.424045324325561523e-01
5.866593122482299805e-01
5.386437773704528809e-01
5.502432584762573242e-01
4.795210361480712891e-01
5.744590163230895996e-01
4.713174998760223389e-01
5.122416019439697266e-01
4.966699779033660889e-01
5.947361588478088379e-01
5.566071271896362305e-01
6.751530766487121582e-01
5.632120370864868164e-01
4.607908725738525391e-01
5.541101694107055664e-01
5.263568162918090820e-01
5.271135568618774414e-01
4.467093348503112793e-01
6.159166097640991211e-01
5.862655639648437500e-01
4.320744872093200684e-01
5.846812725067138672e-01
7.039600610733032227e-01
4.558613896369934082e-01
5.530437231063842773e-01
5.571655631065368652e-01
5.024849176406860352e-01
4.721972942352294922e-01
5.581830739974975586e-01
6.679749488830566406e-01
5.651704072952270508e-01
5.494698286056518555e-01
4.299181699752807617e-01
5.393907427787780762e-01
5.534361004829406738e-01
5.335842370986938477e-01
6.331809759140014648e-01
3.733190894126892090e-01
4.352068901062011719e-01
4.942872226238250732e-01
5.531229972839355469e-01
5.116552114486694336e-01
5.057561397552490234e-01
5.816001296043395996e-01
5.088562965393066406e-01
6.453535556793212891e-01
6.003953218460083008e-01
4.790611863136291504e-01
4.909555912017822266e-01
5.820114612579345703e-01
5.598583221435546875e-01
5.088127851486206055e-01
4.727055430412292480e-01
6.196372509002685547e-01
4.966280758380889893e-01
5.142962336540222168e-01
5.417661666870117188e-01
5.078830718994140625e-01
5.072427392005920410e-01
5.685751438140869141e-01
5.362186431884765625e-01
5.269482135772705078e-01
5.748267173767089844e-01
5.156495571136474609e-01
6.088308095932006836e-01
5.529458522796630859e-01
6.134146451950073242e-01
5.343438386917114258e-01
5.614038705825805664e-01
5.627861618995666504e-01
4.108892083168029785e-01
5.118083953857421875e-01
4.805470705032348633e-01
5.356994867324829102e-01
4.527972936630249023e-01
4.799517989158630371e-01
5.496296286582946777e-01
6.141213178634643555e-01
4.882410764694213867e-01
6.232247352600097656e-01
6.490302681922912598e-01
6.405816674232482910e-01
6.398510932922363281e-01
4.023227095603942871e-01
5.606994628906250000e-01
5.924050807952880859e-01
5.150634050369262695e-01
5.748517513275146484e-01
5.469406247138977051e-01
6.142750978469848633e-01
4.672278165817260742e-01
5.890200734138488770e-01
5.256358981132507324e-01
7.026515007019042969e-01
6.757360100746154785e-01
4.850470423698425293e-01
5.294886231422424316e-01
5.730032920837402344e-01
5.914565324783325195e-01
5.564719438552856445e-01
6.091394424438476562e-01
5.025644302368164062e-01
5.349365472793579102e-01
5.134685635566711426e-01
5.226753950119018555e-01
4.325423538684844971e-01
4.970998466014862061e-01
4.093040227890014648e-01
6.254451274871826172e-01
5.390934944152832031e-01
5.380508899688720703e-01
4.881080389022827148e-01
5.324300527572631836e-01
5.636078715324401855e-01
5.948474407196044922e-01
4.465708136558532715e-01
6.553024649620056152e-01
4.977291524410247803e-01
5.981926321983337402e-01
5.732754468917846680e-01
5.215083360671997070e-01
4.609923958778381348e-01
4.997711181640625000e-01
6.890944242477416992e-01
5.023738741874694824e-01
5.986742973327636719e-01
6.846115589141845703e-01
5.417941212654113770e-01
4.696087837219238281e-01
5.839469432830810547e-01
5.406992435455322266e-01
6.347932815551757812e-01
5.707144141197204590e-01
6.161459684371948242e-01
5.214811563491821289e-01
5.951396226882934570e-01
6.993259191513061523e-01
4.755319058895111084e-01
5.483105778694152832e-01
6.055195331573486328e-01
5.594317913055419922e-01
5.076682567596435547e-01
6.591240167617797852e-01
5.323118567466735840e-01
6.440171003341674805e-01
6.804035305976867676e-01
6.242051124572753906e-01
5.022674202919006348e-01
6.437206268310546875e-01
5.955449342727661133e-01
4.929649829864501953e-01
5.385463237762451172e-01
5.017822384834289551e-01
5.476272106170654297e-01
4.871546328067779541e-01
5.956097841262817383e-01
6.071603298187255859e-01
5.656869411468505859e-01
5.355751514434814453e-01
5.450448393821716309e-01
6.501935720443725586e-01
5.576341152191162109e-01
5.102056264877319336e-01
4.671102762222290039e-01
4.399353861808776855e-01
5.496300458908081055e-01
5.817680358886718750e-01
6.119879484176635742e-01
5.125755667686462402e-01
4.651879072189331055e-01
5.298824906349182129e-01
6.652894020080566406e-01
4.634934663772583008e-01
5.167362093925476074e-01
4.857910275459289551e-01
5.137461423873901367e-01
5.312659144401550293e-01
5.338104963302612305e-01
5.638886690139770508e-01
4.961562454700469971e-01
6.639690399169921875e-01
5.401135683059692383e-01
6.476498842239379883e-01
5.336491465568542480e-01
5.435541868209838867e-01
5.586526393890380859e-01
4.902859628200531006e-01
6.035561561584472656e-01
4.960438609123229980e-01
5.954064130783081055e-01
6.736592054367065430e-01
5.416002273559570312e-01
7.280992269515991211e-01
7.184944152832031250e-01
5.812267065048217773e-01
7.276570796966552734e-01
5.244578719139099121e-01
6.632736921310424805e-01
6.143720746040344238e-01
5.834953784942626953e-01
5.461535453796386719e-01
6.385449171066284180e-01
5.783514976501464844e-01
5.911995768547058105e-01
5.262751579284667969e-01
4.674420952796936035e-01
4.843507707118988037e-01
5.222824811935424805e-01
4.369234442710876465e-01
6.320954561233520508e-01
6.662963628768920898e-01
5.240811705589294434e-01
4.385066628456115723e-01
5.068262219429016113e-01
5.003324747085571289e-01
5.530400276184082031e-01
5.132473707199096680e-01
5.487948656082153320e-01
5.742252469062805176e-01
5.669299364089965820e-01
5.129321217536926270e-01
5.837092995643615723e-01
6.105291843414306641e-01
4.298261404037475586e-01
6.392283439636230469e-01
4.618072509765625000e-01
4.559880793094635010e-01
6.764770150184631348e-01
5.920142531394958496e-01
5.400652289390563965e-01
5.690636634826660156e-01
5.718280076980590820e-01
5.769083499908447266e-01
6.250820159912109375e-01
5.664829015731811523e-01
5.517823100090026855e-01
4.803204238414764404e-01
4.729085266590118408e-01
5.540819764137268066e-01
6.294671297073364258e-01
4.875502586364746094e-01
4.533168673515319824e-01
5.192120075225830078e-01
4.438841640949249268e-01
4.684434235095977783e-01
5.078494548797607422e-01
3.867375254631042480e-01
4.181949496269226074e-01
4.203903675079345703e-01
4.417306184768676758e-01
5.149427652359008789e-01
5.475758910179138184e-01
5.321471691131591797e-01
4.751780033111572266e-01
4.968562126159667969e-01
3.588630557060241699e-01
5.079902410507202148e-01
4.952232241630554199e-01
4.260132014751434326e-01
4.010990262031555176e-01
5.280277132987976074e-01
4.327141642570495605e-01
4.921656250953674316e-01
3.838953673839569092e-01
5.413907766342163086e-01
5.264201164245605469e-01
4.949389100074768066e-01
4.474854469299316406e-01
3.390612006187438965e-01
5.443444252014160156e-01
4.304871559143066406e-01
5.243943333625793457e-01
5.459740161895751953e-01
4.841578900814056396e-01
5.030747056007385254e-01
5.696443915367126465e-01
5.147389173507690430e-01
5.518851280212402344e-01
5.028381347656250000e-01
6.437619924545288086e-01
5.775301456451416016e-01
4.342399239540100098e-01
5.307355523109436035e-01
5.616924762725830078e-01
4.699107110500335693e-01
5.038408041000366211e-01
5.250861048698425293e-01
4.661389291286468506e-01
5.660308003425598145e-01
5.435969829559326172e-01
4.280991256237030029e-01
6.358600854873657227e-01
5.887625217437744141e-01
4.882527589797973633e-01
4.474366903305053711e-01
4.790045619010925293e-01
4.209106564521789551e-01
4.923978447914123535e-01
4.251663982868194580e-01
4.571621417999267578e-01
5.044815540313720703e-01
5.288902521133422852e-01
4.914222061634063721e-01
4.914090037345886230e-01
5.092415809631347656e-01
5.329105854034423828e-01
4.400823712348937988e-01
5.358198881149291992e-01
4.380316734313964844e-01
5.129222869873046875e-01
5.195138454437255859e-01
4.720737040042877197e-01
4.269994497299194336e-01
5.105311870574951172e-01
4.895347952842712402e-01
5.733938217163085938e-01
5.397972464561462402e-01
5.582281351089477539e-01
4.222887754440307617e-01
4.541515707969665527e-01
5.590181946754455566e-01
5.171784758567810059e-01
4.243761301040649414e-01
5.190343260765075684e-01
4.716253280639648438e-01
5.248458385467529297e-01
4.554651081562042236e-01
5.510228276252746582e-01
4.516910910606384277e-01
4.985064864158630371e-01
5.087205171585083008e-01
4.411702752113342285e-01
5.751515030860900879e-01
4.602198302745819092e-01
6.242211461067199707e-01
5.446835160255432129e-01
5.061590671539306641e-01
5.153361558914184570e-01
5.523793697357177734e-01
5.026001930236816406e-01
6.846603155136108398e-01
4.945879578590393066e-01
6.384575366973876953e-01
4.366566836833953857e-01
4.595653414726257324e-01
4.582669436931610107e-01
5.813190340995788574e-01
5.429691672325134277e-01
5.131345391273498535e-01
4.796341359615325928e-01
5.328629612922668457e-01
4.333179891109466553e-01
6.022773385047912598e-01
5.139272212982177734e-01
5.065114498138427734e-01
5.474331974983215332e-01
6.639962196350097656e-01
4.583210647106170654e-01
6.194401383399963379e-01
5.761339068412780762e-01
4.779566824436187744e-01
5.286062955856323242e-01
5.237671732902526855e-01
4.749934673309326172e-01
5.007520914077758789e-01
4.758324325084686279e-01
4.546863138675689697e-01
5.777965784072875977e-01
4.793648719787597656e-01
5.139982104301452637e-01
4.583296775817871094e-01
5.349987745285034180e-01
4.570396542549133301e-01
5.005439519882202148e-01
5.318114161491394043e-01
5.234804749488830566e-01
5.454001426696777344e-01
4.885770082473754883e-01
5.120953917503356934e-01
5.469731688499450684e-01
5.364923477172851562e-01
5.124427080154418945e-01
4.836872518062591553e-01
5.439236164093017578e-01
4.870433211326599121e-01
4.645148217678070068e-01
4.492891132831573486e-01
5.718799829483032227e-01
5.252307653427124023e-01
5.406373143196105957e-01
4.567546844482421875e-01
6.944836974143981934e-01
5.720880031585693359e-01
5.609191656112670898e-01
5.738861560821533203e-01
6.910857558250427246e-01
5.162576436996459961e-01
5.290911197662353516e-01
4.221388995647430420e-01
6.648486852645874023e-01
6.186790466308593750e-01
4.857503771781921387e-01
6.509217619895935059e-01
4.864050745964050293e-01
7.175229191780090332e-01
4.467781186103820801e-01
4.762344062328338623e-01
4.848199188709259033e-01
4.660187959671020508e-01
5.249223709106445312e-01
4.710658192634582520e-01
6.323753595352172852e-01
5.319393277168273926e-01
5.830516815185546875e-01
5.219824314117431641e-01
5.425909757614135742e-01
5.017102956771850586e-01
4.990240335464477539e-01
4.660502970218658447e-01
4.486635327339172363e-01
4.958200752735137939e-01
5.348813533782958984e-01
4.767638444900512695e-01
5.211896300315856934e-01
6.626322865486145020e-01
5.196194052696228027e-01
5.614752769470214844e-01
6.868221163749694824e-01
6.343874335289001465e-01
4.499162435531616211e-01
5.504964590072631836e-01
5.467728972434997559e-01
5.455951094627380371e-01
5.165636539459228516e-01
4.579147994518280029e-01
5.329111218452453613e-01
5.916741490364074707e-01
4.557980895042419434e-01
6.611804366111755371e-01
5.104895234107971191e-01
5.311346054077148438e-01
5.254569649696350098e-01
5.897188186645507812e-01
5.438937544822692871e-01
5.267465114593505859e-01
4.597423672676086426e-01
5.162338018417358398e-01
4.893832802772521973e-01
5.037801265716552734e-01
5.594606995582580566e-01
4.879719614982604980e-01
5.664116144180297852e-01
6.104058623313903809e-01
5.051924586296081543e-01
5.323498249053955078e-01
5.843963623046875000e-01
5.656856298446655273e-01
4.758731126785278320e-01
5.286349058151245117e-01
5.825599431991577148e-01
5.795868039131164551e-01
5.221927165985107422e-01
5.006157159805297852e-01
5.889573097229003906e-01
5.268838405609130859e-01
6.734194755554199219e-01
4.983759224414825439e-01
6.586461067199707031e-01
5.353515148162841797e-01
5.314626097679138184e-01
5.665767788887023926e-01
5.506334900856018066e-01
5.567252039909362793e-01
5.515357851982116699e-01
4.750807583332061768e-01
5.998537540435791016e-01
6.375113725662231445e-01
5.106466412544250488e-01
5.608803033828735352e-01
5.435189008712768555e-01
5.485855340957641602e-01
5.005707144737243652e-01
5.509955883026123047e-01
6.247798204421997070e-01
5.233613252639770508e-01
4.988686144351959229e-01
4.880029857158660889e-01
5.588489770889282227e-01
5.582517385482788086e-01
5.900169014930725098e-01
6.557810306549072266e-01
5.761575698852539062e-01
5.543247461318969727e-01
5.257360935211181641e-01
6.599179506301879883e-01
5.587316751480102539e-01
4.328210949897766113e-01
5.689939260482788086e-01
4.842631816864013672e-01
5.229715108871459961e-01
5.127009749412536621e-01
5.555998086929321289e-01
5.418592095375061035e-01
6.593705415725708008e-01
5.137581229209899902e-01
6.348469257354736328e-01
6.483470797538757324e-01
5.819823145866394043e-01
5.113785266876220703e-01
5.767695903778076172e-01
5.738925933837890625e-01
5.438089370727539062e-01
5.210976004600524902e-01
5.469307303428649902e-01
6.767377853393554688e-01
5.159671306610107422e-01
5.175238847732543945e-01
4.508784413337707520e-01
5.203031897544860840e-01
4.816325306892395020e-01
4.880785644054412842e-01
5.026869773864746094e-01
6.146718263626098633e-01
5.004262924194335938e-01
5.370176434516906738e-01
4.834203422069549561e-01
6.349420547485351562e-01
4.883543252944946289e-01
4.355044662952423096e-01
5.100880861282348633e-01
5.358222723007202148e-01
6.380852460861206055e-01
6.520878076553344727e-01
6.049404144287109375e-01
5.039852857589721680e-01
6.534689664840698242e-01
5.624182224273681641e-01
5.627608299255371094e-01
5.552318692207336426e-01
5.749429464340209961e-01
5.143913030624389648e-01
4.779949784278869629e-01
5.518760681152343750e-01
6.766027212142944336e-01
4.265022873878479004e-01
4.429772198200225830e-01
6.258878111839294434e-01
5.164779424667358398e-01
5.493929982185363770e-01
4.685768485069274902e-01
4.811211228370666504e-01
6.134272813796997070e-01
4.923387169837951660e-01
6.157984733581542969e-01
5.056543350219726562e-01
5.387268662452697754e-01
5.167341232299804688e-01
6.326190233230590820e-01
5.419518351554870605e-01
6.077904701232910156e-01
4.994918107986450195e-01
6.026148796081542969e-01
5.430642366409301758e-01
4.606816470623016357e-01
5.988270044326782227e-01
4.794359803199768066e-01
6.589483618736267090e-01
6.201723814010620117e-01
6.683711409568786621e-01
5.881226062774658203e-01
5.547263622283935547e-01
4.700024724006652832e-01
4.322109222412109375e-01
5.569545030593872070e-01
5.259056091308593750e-01
4.847517907619476318e-01
6.127821207046508789e-01
5.211906433105468750e-01
5.246066451072692871e-01
5.730783343315124512e-01
4.700826108455657959e-01
4.642410874366760254e-01
6.174551844596862793e-01
5.793830752372741699e-01
5.058464407920837402e-01
6.604518890380859375e-01
5.926098823547363281e-01
5.930559039115905762e-01
5.101639032363891602e-01
6.593896746635437012e-01
5.218664407730102539e-01
4.963255226612091064e-01
7.145540714263916016e-01
4.945236742496490479e-01
4.456706345081329346e-01
4.790914356708526611e-01
4.857434332370758057e-01
5.955407619476318359e-01
4.928045272827148438e-01
5.426537394523620605e-01
4.155535995960235596e-01
4.781246781349182129e-01
4.481201171875000000e-01
4.852074980735778809e-01
5.251348614692687988e-01
5.021614432334899902e-01
4.837291836738586426e-01
4.376534521579742432e-01
5.452086925506591797e-01
5.916639566421508789e-01
5.105358362197875977e-01
4.832076728343963623e-01
5.045291185379028320e-01
4.739580750465393066e-01
5.288243293762207031e-01
5.511807203292846680e-01
4.295642971992492676e-01
4.371595680713653564e-01
6.019707918167114258e-01
5.444316267967224121e-01
4.522500634193420410e-01
4.212157428264617920e-01
4.881797134876251221e-01
6.453988552093505859e-01
4.852262437343597412e-01
4.985523819923400879e-01
4.538990855216979980e-01
4.887173771858215332e-01
5.250761508941650391e-01
5.363283753395080566e-01
4.908159971237182617e-01
5.231424570083618164e-01
4.908133149147033691e-01
4.750034809112548828e-01
5.722182989120483398e-01
4.763990640640258789e-01
5.337638258934020996e-01
4.637621045112609863e-01
4.807946085929870605e-01
5.264239311218261719e-01
5.465005636215209961e-01
6.131075024604797363e-01
5.891795754432678223e-01
4.142873883247375488e-01
5.105901956558227539e-01
3.974079191684722900e-01
4.484367966651916504e-01
4.743176102638244629e-01
5.654132366180419922e-01
4.257560372352600098e-01
5.034828186035156250e-01
4.680024385452270508e-01
4.986175298690795898e-01
5.249866843223571777e-01
4.866465330123901367e-01
4.302024245262145996e-01
4.814489483833312988e-01
4.319683909416198730e-01
4.626124501228332520e-01
5.087107419967651367e-01
5.368070602416992188e-01
4.728115797042846680e-01
4.400729537010192871e-01
4.104552865028381348e-01
5.642552375793457031e-01
4.524074792861938477e-01
6.050983667373657227e-01
5.021964907646179199e-01
5.666534900665283203e-01
5.503537654876708984e-01
5.479698181152343750e-01
5.395296216011047363e-01
5.108839273452758789e-01
3.978390395641326904e-01
5.254658460617065430e-01
4.311682581901550293e-01
6.085623502731323242e-01
5.160608291625976562e-01
6.305389404296875000e-01
5.289862751960754395e-01
5.548220872879028320e-01
4.806818068027496338e-01
4.552874565124511719e-01
5.194638967514038086e-01
6.710509061813354492e-01
4.552245736122131348e-01
5.217241644859313965e-01
5.186684131622314453e-01
4.378165602684020996e-01
4.417091608047485352e-01
4.796411991119384766e-01
5.258399248123168945e-01
4.855441451072692871e-01
6.069583892822265625e-01
5.472145676612854004e-01
4.717611968517303467e-01
5.514830946922302246e-01
5.198899507522583008e-01
5.292278528213500977e-01
4.871555268764495850e-01
4.766662716865539551e-01
4.632971584796905518e-01
4.811374545097351074e-01
5.482038259506225586e-01
4.822762608528137207e-01
4.949179291725158691e-01
4.208316802978515625e-01
4.543751478195190430e-01
4.973140060901641846e-01
5.049794912338256836e-01
5.854707956314086914e-01
5.009036064147949219e-01
4.950440526008605957e-01
5.221604108810424805e-01
5.339484214782714844e-01
3.960373699665069580e-01
4.232813119888305664e-01
4.891974925994873047e-01
5.018426179885864258e-01
5.608903765678405762e-01
4.601159095764160156e-01
5.465170145034790039e-01
5.544055700302124023e-01
4.744774699211120605e-01
4.673810303211212158e-01
4.336768984794616699e-01
4.263466596603393555e-01
6.167817711830139160e-01
4.027978479862213135e-01
4.916355609893798828e-01
6.626780033111572266e-01
4.417579174041748047e-01
5.490994453430175781e-01
4.766737222671508789e-01
5.127521753311157227e-01
5.680679082870483398e-01
5.454113483428955078e-01
5.855816602706909180e-01
5.276141166687011719e-01
6.455099582672119141e-01
4.508711695671081543e-01
5.846078991889953613e-01
5.169157385826110840e-01
4.846602082252502441e-01
3.888802230358123779e-01
5.297412276268005371e-01
5.151176452636718750e-01
5.451173782348632812e-01
6.809923648834228516e-01
4.885753989219665527e-01
4.245597422122955322e-01
4.974183738231658936e-01
5.542515516281127930e-01
5.357028245925903320e-01
3.923347592353820801e-01
5.098956823348999023e-01
5.650247335433959961e-01
5.817861557006835938e-01
6.651664972305297852e-01
4.041610062122344971e-01
5.126528739929199219e-01
5.188166499137878418e-01
5.126091241836547852e-01
5.796397924423217773e-01
5.350169539451599121e-01
4.375185370445251465e-01
5.521220564842224121e-01
4.942938983440399170e-01
4.856957197189331055e-01
4.112548828125000000e-01
4.468867778778076172e-01
5.702632069587707520e-01
6.132113933563232422e-01
5.749267339706420898e-01
5.317003726959228516e-01
4.993966221809387207e-01
4.818035960197448730e-01
4.484007358551025391e-01
5.958235263824462891e-01
4.754838645458221436e-01
4.981939792633056641e-01
5.441961288452148438e-01
5.674077868461608887e-01
4.739550352096557617e-01
6.313741803169250488e-01
5.349926948547363281e-01
5.730423927307128906e-01
5.554091930389404297e-01
5.141750574111938477e-01
4.914729893207550049e-01
5.108511447906494141e-01
6.189731359481811523e-01
5.201275348663330078e-01
4.803289175033569336e-01
4.917899370193481445e-01
4.560982286930084229e-01
5.138702392578125000e-01
5.543601512908935547e-01
4.947995245456695557e-01
4.712623059749603271e-01
4.875933825969696045e-01
6.446059346199035645e-01
4.256733953952789307e-01
4.834351539611816406e-01
4.779981374740600586e-01
5.587977170944213867e-01
5.544074773788452148e-01
4.751524925231933594e-01
4.311289191246032715e-01
6.005290746688842773e-01
4.621669650077819824e-01
5.938972234725952148e-01
5.420875549316406250e-01
5.772624015808105469e-01
4.619407653808593750e-01
5.300146341323852539e-01
5.182125568389892578e-01
5.410164594650268555e-01
6.062914133071899414e-01
4.924016296863555908e-01
5.221330523490905762e-01
4.512616097927093506e-01
6.068143844604492188e-01
4.244413673877716064e-01
6.039950251579284668e-01
5.119601488113403320e-01
4.758613705635070801e-01
5.253459215164184570e-01
5.669415593147277832e-01
4.417714476585388184e-01
6.109772920608520508e-01
4.359374642372131348e-01
5.033825635910034180e-01
5.008497238159179688e-01
4.425988495349884033e-01
4.925245046615600586e-01
4.752393364906311035e-01
5.726064443588256836e-01
4.789902865886688232e-01
6.182121634483337402e-01
5.961617827415466309e-01
4.741468429565429688e-01
5.959527492523193359e-01
4.164509177207946777e-01
5.198289155960083008e-01
4.478604793548583984e-01
4.846643805503845215e-01
5.746487975120544434e-01
4.894518256187438965e-01
5.263499021530151367e-01
4.966073334217071533e-01
4.747515916824340820e-01
5.391299724578857422e-01
4.769780039787292480e-01
4.855933785438537598e-01
5.381528139114379883e-01
5.387262105941772461e-01
4.515587687492370605e-01
4.491897225379943848e-01
4.974550902843475342e-01
6.671115756034851074e-01
5.429123640060424805e-01
6.024610996246337891e-01
5.128312706947326660e-01
5.069980621337890625e-01
6.237037181854248047e-01
4.959602653980255127e-01
5.628347396850585938e-01
5.980141162872314453e-01
5.220798850059509277e-01
5.316959023475646973e-01
5.013772249221801758e-01
6.202240586280822754e-01
5.449458360671997070e-01
5.036112070083618164e-01
5.190170407295227051e-01
4.415349662303924561e-01
5.606772303581237793e-01
5.304522514343261719e-01
4.836052060127258301e-01
5.230425596237182617e-01
5.187183618545532227e-01
4.617149233818054199e-01
4.703851342201232910e-01
5.645339488983154297e-01
4.446099996566772461e-01
6.167091131210327148e-01
5.283069610595703125e-01
4.977478086948394775e-01
5.648509263992309570e-01
4.721284508705139160e-01
4.877575635910034180e-01
4.277893304824829102e-01
5.900466442108154297e-01
4.775920808315277100e-01
5.366900563240051270e-01
4.931952953338623047e-01
4.889079332351684570e-01
5.134186744689941406e-01
6.124131083488464355e-01
6.184212565422058105e-01
4.730015695095062256e-01
6.448636651039123535e-01
5.246632099151611328e-01
4.973129034042358398e-01
5.410073995590209961e-01
6.098828315734863281e-01
5.519864559173583984e-01
5.381705760955810547e-01
5.828926563262939453e-01
5.517412424087524414e-01
5.978407859802246094e-01
6.017901897430419922e-01
5.948253870010375977e-01
5.977982282638549805e-01
5.417661666870117188e-01
5.488859415054321289e-01
5.799753665924072266e-01
5.492526292800903320e-01
4.715362787246704102e-01
5.712842941284179688e-01
5.401166677474975586e-01
5.763946771621704102e-01
4.692631363868713379e-01
6.860942840576171875e-01
5.448145270347595215e-01
4.806277155876159668e-01
5.735671520233154297e-01
5.351240634918212891e-01
5.667747259140014648e-01
5.067690610885620117e-01
5.596674680709838867e-01
5.859069824218750000e-01
5.321308970451354980e-01
6.552642583847045898e-01
4.228596687316894531e-01
4.780967533588409424e-01
6.232942342758178711e-01
5.137455463409423828e-01
5.597960948944091797e-01
5.883209705352783203e-01
6.688957810401916504e-01
5.136884450912475586e-01
5.387338399887084961e-01
4.890058040618896484e-01
5.460214614868164062e-01
4.284011721611022949e-01
6.667013168334960938e-01
4.530370831489562988e-01
4.125865995883941650e-01
5.670713186264038086e-01
4.946233630180358887e-01
4.289899170398712158e-01
5.323436260223388672e-01
5.991389751434326172e-01
4.972962141036987305e-01
3.834527432918548584e-01
4.354724884033203125e-01
5.528590083122253418e-01
5.002580285072326660e-01
4.272630214691162109e-01
3.953841924667358398e-01
3.789147734642028809e-01
4.479008913040161133e-01
5.297515988349914551e-01
5.539326667785644531e-01
4.278200566768646240e-01
4.875153005123138428e-01
4.713241159915924072e-01
5.082755088806152344e-01
4.847001135349273682e-01
5.355995893478393555e-01
4.887776076793670654e-01
4.516326487064361572e-01
4.589377045631408691e-01
4.087722897529602051e-01
5.604425668716430664e-01
4.603412747383117676e-01
4.737369418144226074e-01
4.700973033905029297e-01
4.612703919410705566e-01
4.909824728965759277e-01
4.298962354660034180e-01
4.927286505699157715e-01
4.244833588600158691e-01
5.042791962623596191e-01
5.347222089767456055e-01
5.060847401618957520e-01
4.908169209957122803e-01
5.157858729362487793e-01
4.936568737030029297e-01
4.096316695213317871e-01
4.796911776065826416e-01
5.228240489959716797e-01
4.767001271247863770e-01
5.052031278610229492e-01
4.185530245304107666e-01
5.454792380332946777e-01
4.604811072349548340e-01
5.745124220848083496e-01
5.064572095870971680e-01
4.784408807754516602e-01
4.282511472702026367e-01
4.381604194641113281e-01
4.320238530635833740e-01
4.802381992340087891e-01
4.539633393287658691e-01
5.696929097175598145e-01
5.179784297943115234e-01
4.699594080448150635e-01
4.718416035175323486e-01
4.425675272941589355e-01
4.670071899890899658e-01
4.456298351287841797e-01
4.699004590511322021e-01
4.583794772624969482e-01
4.294501245021820068e-01
4.627406001091003418e-01
4.928073287010192871e-01
5.490204095840454102e-01
5.134909749031066895e-01
4.922451376914978027e-01
5.484815239906311035e-01
5.910114049911499023e-01
5.583344697952270508e-01
4.888401627540588379e-01
5.936307907104492188e-01
5.262470245361328125e-01
4.722194671630859375e-01
5.250246524810791016e-01
5.622836947441101074e-01
4.889950752258300781e-01
4.781925082206726074e-01
4.956605136394500732e-01
5.799278020858764648e-01
5.548920631408691406e-01
4.912736415863037109e-01
4.923970699310302734e-01
4.315731823444366455e-01
4.605793654918670654e-01
5.584651827812194824e-01
4.003556072711944580e-01
4.003397822380065918e-01
4.547524750232696533e-01
3.597071468830108643e-01
5.486435890197753906e-01
4.474255144596099854e-01
5.241105556488037109e-01
5.559564232826232910e-01
5.212330818176269531e-01
4.337269067764282227e-01
4.257864356040954590e-01
4.626115262508392334e-01
4.117093682289123535e-01
4.200944900512695312e-01
4.299759268760681152e-01
4.956410229206085205e-01
5.168550610542297363e-01
4.691004753112792969e-01
4.950413107872009277e-01
5.165600180625915527e-01
3.981363773345947266e-01
4.201589226722717285e-01
4.504235684871673584e-01
4.556232988834381104e-01
5.002807378768920898e-01
4.597494602203369141e-01
5.237917900085449219e-01
5.899379253387451172e-01
6.599868535995483398e-01
4.129731655120849609e-01
5.591906309127807617e-01
4.785826206207275391e-01
4.197353124618530273e-01
4.729474782943725586e-01
4.952789545059204102e-01
6.593974828720092773e-01
4.790782928466796875e-01
5.885734558105468750e-01
5.351198911666870117e-01
5.707218647003173828e-01
4.746962189674377441e-01
5.028722286224365234e-01
3.987509608268737793e-01
5.300153493881225586e-01
4.309479892253875732e-01
4.926695823669433594e-01
5.347747802734375000e-01
4.220167398452758789e-01
4.430018067359924316e-01
3.889635205268859863e-01
5.195305347442626953e-01
4.657000005245208740e-01
3.953522443771362305e-01
4.066188037395477295e-01
5.460034608840942383e-01
5.184048414230346680e-01
4.810989201068878174e-01
5.785402059555053711e-01
5.344172716140747070e-01
5.714780092239379883e-01
4.288759827613830566e-01
4.537939727306365967e-01
5.169804096221923828e-01
5.672643184661865234e-01
4.806524217128753662e-01
5.240885019302368164e-01
5.259472131729125977e-01
5.026528835296630859e-01
4.462642371654510498e-01
5.292592048645019531e-01
4.413706362247467041e-01
4.977263808250427246e-01
5.080969333648681641e-01
4.962437450885772705e-01
4.563163220882415771e-01
5.068803429603576660e-01
5.238862037658691406e-01
5.987198352813720703e-01
4.470809698104858398e-01
4.372243881225585938e-01
4.581997394561767578e-01
4.924129247665405273e-01
5.846884250640869141e-01
5.240226984024047852e-01
4.951899647712707520e-01
4.668432176113128662e-01
5.193489789962768555e-01
5.403220653533935547e-01
5.256118774414062500e-01
6.984528303146362305e-01
5.033320188522338867e-01
5.754439830780029297e-01
5.061312317848205566e-01
5.380058884620666504e-01
4.488545358180999756e-01
3.978171944618225098e-01
5.114830732345581055e-01
5.041365623474121094e-01
4.934711754322052002e-01
5.274320840835571289e-01
5.309606790542602539e-01
4.756024479866027832e-01
5.361086130142211914e-01
3.754599094390869141e-01
4.028727114200592041e-01
4.854822456836700439e-01
4.836062788963317871e-01
4.359146058559417725e-01
5.175750255584716797e-01
4.961375296115875244e-01
5.083791017532348633e-01
5.549627542495727539e-01
5.790310502052307129e-01
5.153635740280151367e-01
6.255665421485900879e-01
5.197896957397460938e-01
6.467047929763793945e-01
4.982208013534545898e-01
5.659557580947875977e-01
5.117838978767395020e-01
4.497588872909545898e-01
6.318435072898864746e-01
4.547989666461944580e-01
5.080568790435791016e-01
5.720237493515014648e-01
5.001527667045593262e-01
5.106343030929565430e-01
5.158011913299560547e-01
5.501585602760314941e-01
5.096687674522399902e-01
5.452213287353515625e-01
4.640415310859680176e-01
4.882095754146575928e-01
5.157787799835205078e-01
4.758447110652923584e-01
5.072323679924011230e-01
4.825221598148345947e-01
4.557771384716033936e-01
5.387679934501647949e-01
5.256954431533813477e-01
5.523415207862854004e-01
5.359563827514648438e-01
4.587986469268798828e-01
5.730398893356323242e-01
5.960359573364257812e-01
3.708910644054412842e-01
4.710212945938110352e-01
5.933626890182495117e-01
5.775445699691772461e-01
4.784722328186035156e-01
5.442643761634826660e-01
4.922033548355102539e-01
4.911737143993377686e-01
4.563599228858947754e-01
6.518347859382629395e-01
4.469193816184997559e-01
4.442707598209381104e-01
5.448900461196899414e-01
4.662424623966217041e-01
5.820877552032470703e-01
5.646981000900268555e-01
5.418490171432495117e-01
5.643285512924194336e-01
5.133235454559326172e-01
6.285592317581176758e-01
5.206233263015747070e-01
5.377451777458190918e-01
4.525931775569915771e-01
4.375256299972534180e-01
5.752371549606323242e-01
5.272951126098632812e-01
4.494435489177703857e-01
5.023825764656066895e-01
5.022834539413452148e-01
4.649627208709716797e-01
5.417057275772094727e-01
4.595284461975097656e-01
5.770939588546752930e-01
6.210409402847290039e-01
5.295933485031127930e-01
4.774155616760253906e-01
5.089548230171203613e-01
4.510949552059173584e-01
4.783763289451599121e-01
5.787307620048522949e-01
4.419929981231689453e-01
5.889137983322143555e-01
4.429052472114562988e-01
5.092322230339050293e-01
5.676064491271972656e-01
5.896598100662231445e-01
4.753623902797698975e-01
5.830209255218505859e-01
5.600304603576660156e-01
5.606237053871154785e-01
4.484337866306304932e-01
5.238804817199707031e-01
4.597039818763732910e-01
5.570985078811645508e-01
4.037583768367767334e-01
5.682502388954162598e-01
5.486670732498168945e-01
5.835810899734497070e-01
5.847259163856506348e-01
4.953106343746185303e-01
5.426646471023559570e-01
5.411541461944580078e-01
4.439733028411865234e-01
4.667366147041320801e-01
5.501414537429809570e-01
5.293733477592468262e-01
4.682582020759582520e-01
5.171384811401367188e-01
5.969889163970947266e-01
4.820700585842132568e-01
4.071156084537506104e-01
5.145028829574584961e-01
4.955304861068725586e-01
4.877845346927642822e-01
5.985867977142333984e-01
5.104150772094726562e-01
5.616824626922607422e-01
5.774962902069091797e-01
5.176263451576232910e-01
5.565139651298522949e-01
5.401426553726196289e-01
4.990776181221008301e-01
4.985358715057373047e-01
6.311749219894409180e-01
5.575332641601562500e-01
4.968915283679962158e-01
4.825524985790252686e-01
5.954900979995727539e-01
4.808590412139892578e-01
5.518126487731933594e-01
5.239812135696411133e-01
5.858085155487060547e-01
4.397951364517211914e-01
4.429383873939514160e-01
5.144418478012084961e-01
5.950096845626831055e-01
4.524987041950225830e-01
5.002185106277465820e-01
5.738463997840881348e-01
5.759519338607788086e-01
5.249257087707519531e-01
5.609420537948608398e-01
5.524960160255432129e-01
5.979673266410827637e-01
5.533014535903930664e-01
4.541513621807098389e-01
5.791079998016357422e-01
5.275090336799621582e-01
4.788886904716491699e-01
4.406912922859191895e-01
4.892927110195159912e-01
5.427497625350952148e-01
4.418485760688781738e-01
5.902379751205444336e-01
5.865992903709411621e-01
5.570247173309326172e-01
4.391275048255920410e-01
4.907749593257904053e-01
4.920845329761505127e-01
5.053339600563049316e-01
3.764843940734863281e-01
5.441917181015014648e-01
4.130175113677978516e-01
4.666487574577331543e-01
4.903996586799621582e-01
4.147011637687683105e-01
4.590704441070556641e-01
4.933856129646301270e-01
4.951964616775512695e-01
4.828608632087707520e-01
5.377022027969360352e-01
4.420329332351684570e-01
4.187451899051666260e-01
4.720388650894165039e-01
4.651694297790527344e-01
4.554753303527832031e-01
4.098978340625762939e-01
4.356945753097534180e-01
5.258861780166625977e-01
5.993361473083496094e-01
5.677190423011779785e-01
4.525260329246520996e-01
4.604194760322570801e-01
5.671276450157165527e-01
4.579987823963165283e-01
5.026099085807800293e-01
5.465945005416870117e-01
5.115664601325988770e-01
4.636184573173522949e-01
4.964974522590637207e-01
4.038889408111572266e-01
4.599472284317016602e-01
4.694556593894958496e-01
4.225087463855743408e-01
4.905750751495361328e-01
4.302645623683929443e-01
5.551432371139526367e-01
4.741548895835876465e-01
5.059874057769775391e-01
4.819710254669189453e-01
4.401907324790954590e-01
5.433806180953979492e-01
4.300321340560913086e-01
4.075140953063964844e-01
4.065600633621215820e-01
4.605819284915924072e-01
4.391180276870727539e-01
4.666140675544738770e-01
4.368348717689514160e-01
4.448132216930389404e-01
3.986383378505706787e-01
5.905739068984985352e-01
4.438461065292358398e-01
5.249475240707397461e-01
4.345523118972778320e-01
5.634164810180664062e-01
4.453829228878021240e-01
4.361610114574432373e-01
4.734679460525512695e-01
5.029014348983764648e-01
4.394173920154571533e-01
5.303770303726196289e-01
4.934351444244384766e-01
4.512598514556884766e-01
4.419281780719757080e-01
4.985980987548828125e-01
4.573173522949218750e-01
4.723007082939147949e-01
4.414016306400299072e-01
4.863751530647277832e-01
5.957218408584594727e-01
4.328070282936096191e-01
5.348364710807800293e-01
5.191110372543334961e-01
4.930830597877502441e-01
4.343188405036926270e-01
3.368063271045684814e-01
6.224256753921508789e-01
4.080774188041687012e-01
4.441832900047302246e-01
5.731718540191650391e-01
3.822911977767944336e-01
5.370005965232849121e-01
4.304528236389160156e-01
5.675339698791503906e-01
4.214775562286376953e-01
5.572246313095092773e-01
3.751261234283447266e-01
4.937849342823028564e-01
5.046041011810302734e-01
4.137471318244934082e-01
5.461117029190063477e-01
5.531417131423950195e-01
5.243542194366455078e-01
5.586786270141601562e-01
4.318239688873291016e-01
5.275717973709106445e-01
5.146251320838928223e-01
3.932823538780212402e-01
5.070383548736572266e-01
4.462141692638397217e-01
4.398345351219177246e-01
4.389912188053131104e-01
4.706624746322631836e-01
4.309891462326049805e-01
4.817076325416564941e-01
4.620659351348876953e-01
4.409270882606506348e-01
4.809890091419219971e-01
4.820452332496643066e-01
6.201103329658508301e-01
4.599817395210266113e-01
4.212938249111175537e-01
4.709217250347137451e-01
4.931526780128479004e-01
4.515918195247650146e-01
4.715719223022460938e-01
5.655063390731811523e-01
4.631527364253997803e-01
4.616044163703918457e-01
4.448074102401733398e-01
5.184961557388305664e-01
5.966452360153198242e-01
4.530230760574340820e-01
4.058863520622253418e-01
4.745699465274810791e-01
4.624990522861480713e-01
4.241715669631958008e-01
5.278031826019287109e-01
5.642256140708923340e-01
4.797771573066711426e-01
4.850914478302001953e-01
5.061318278312683105e-01
5.219029784202575684e-01
4.810699820518493652e-01
5.606394410133361816e-01
5.507868528366088867e-01
4.799295067787170410e-01
4.735075831413269043e-01
4.379889965057373047e-01
5.032457113265991211e-01
4.740133285522460938e-01
6.208128929138183594e-01
5.097624063491821289e-01
5.020210146903991699e-01
5.125943422317504883e-01
5.809647440910339355e-01
5.602965354919433594e-01
4.667280316352844238e-01
4.380096793174743652e-01
5.525071620941162109e-01
4.715095162391662598e-01
5.741480588912963867e-01
5.092831254005432129e-01
4.829289615154266357e-01
5.480618476867675781e-01
4.321386218070983887e-01
4.621251523494720459e-01
4.145458340644836426e-01
5.174714326858520508e-01
5.387303233146667480e-01
4.753766357898712158e-01
4.284299314022064209e-01
4.753059744834899902e-01
4.637938141822814941e-01
4.880353808403015137e-01
5.687727928161621094e-01
5.381006598472595215e-01
5.420155525207519531e-01
5.063921809196472168e-01
5.195566415786743164e-01
5.309472084045410156e-01
4.106528759002685547e-01
6.056041121482849121e-01
5.951582789421081543e-01
4.538004398345947266e-01
4.783618450164794922e-01
5.032180547714233398e-01
5.279272198677062988e-01
5.770204067230224609e-01
4.278160929679870605e-01
4.066047072410583496e-01
5.272001028060913086e-01
4.939744770526885986e-01
5.498874783515930176e-01
4.505582153797149658e-01
4.155286848545074463e-01
4.603376388549804688e-01
4.853532016277313232e-01
4.684949517250061035e-01
4.854454100131988525e-01
6.001394987106323242e-01
5.071083307266235352e-01
5.517456531524658203e-01
4.781771600246429443e-01
5.420038104057312012e-01
5.536732077598571777e-01
4.864860773086547852e-01
5.574902892112731934e-01
4.791441261768341064e-01
4.311637282371520996e-01
5.557047724723815918e-01
4.626778662204742432e-01
5.057079792022705078e-01
4.677364826202392578e-01
4.677276313304901123e-01
5.182303786277770996e-01
5.013074278831481934e-01
4.825615286827087402e-01
4.999988079071044922e-01
5.730742216110229492e-01
5.182908773422241211e-01
5.012353658676147461e-01
4.784737825393676758e-01
4.393464922904968262e-01
4.641893506050109863e-01
5.794179439544677734e-01
5.126112699508666992e-01
5.263016819953918457e-01
4.502660632133483887e-01
5.503399968147277832e-01
5.720274448394775391e-01
5.959621667861938477e-01
4.647802710533142090e-01
4.808763563632965088e-01
5.342667698860168457e-01
4.803825020790100098e-01
5.474822521209716797e-01
5.802946090698242188e-01
5.322345495223999023e-01
5.515029430389404297e-01
4.391070008277893066e-01
4.705033898353576660e-01
4.910776615142822266e-01
4.876896142959594727e-01
4.394975900650024414e-01
4.496331214904785156e-01
4.819461703300476074e-01
5.027114152908325195e-01
4.611904025077819824e-01
5.018883347511291504e-01
4.795823693275451660e-01
5.362048149108886719e-01
4.263634085655212402e-01
5.213382244110107422e-01
4.408537745475769043e-01
4.867191910743713379e-01
5.855398178100585938e-01
4.203583002090454102e-01
5.067325830459594727e-01
5.210078358650207520e-01
4.517615437507629395e-01
4.874764084815979004e-01
4.853716492652893066e-01
4.027377367019653320e-01
5.530409812927246094e-01
4.230403006076812744e-01
3.615196347236633301e-01
4.713968038558959961e-01
4.534097015857696533e-01
3.649452328681945801e-01
4.948456585407257080e-01
5.688365697860717773e-01
4.553891420364379883e-01
6.069760918617248535e-01
5.418127179145812988e-01
4.944169521331787109e-01
5.479736328125000000e-01
5.695068836212158203e-01
5.633629560470581055e-01
5.886821746826171875e-01
4.520204067230224609e-01
5.525683164596557617e-01
5.396444797515869141e-01
4.975541830062866211e-01
4.304517507553100586e-01
4.798263311386108398e-01
4.816324710845947266e-01
6.200710535049438477e-01
4.536590874195098877e-01
4.364103674888610840e-01
5.540637373924255371e-01
6.053049564361572266e-01
5.461472272872924805e-01
4.736658930778503418e-01
5.666823387145996094e-01
5.476686954498291016e-01
5.013310909271240234e-01
3.993659615516662598e-01
5.450351238250732422e-01
4.926873445510864258e-01
5.152831077575683594e-01
5.051246881484985352e-01
5.852149128913879395e-01
4.363131225109100342e-01
4.094206988811492920e-01
4.341284334659576416e-01
5.399127006530761719e-01
5.124069452285766602e-01
5.044952630996704102e-01
5.142472982406616211e-01
4.530026912689208984e-01
6.061738729476928711e-01
3.887090682983398438e-01
5.240475535392761230e-01
4.994170665740966797e-01
4.801428020000457764e-01
5.464415550231933594e-01
5.129547119140625000e-01
5.535740256309509277e-01
4.915555417537689209e-01
6.315941810607910156e-01
4.739758372306823730e-01
4.269782304763793945e-01
5.014803409576416016e-01
4.527162909507751465e-01
4.399603903293609619e-01
4.297589659690856934e-01
5.804669857025146484e-01
4.576041400432586670e-01
5.145826339721679688e-01
5.209841728210449219e-01
5.338521599769592285e-01
5.756348967552185059e-01
5.144492387771606445e-01
5.497063398361206055e-01
3.994654715061187744e-01
5.003088712692260742e-01
4.530283212661743164e-01
4.585759937763214111e-01
5.205494165420532227e-01
6.206133365631103516e-01
4.834296405315399170e-01
6.125150918960571289e-01
4.947554171085357666e-01
4.629453420639038086e-01
4.122126102447509766e-01
6.114954948425292969e-01
6.592168807983398438e-01
5.618711709976196289e-01
5.309496521949768066e-01
5.947470068931579590e-01
4.297029078006744385e-01
4.528003931045532227e-01
5.333359241485595703e-01
4.724597632884979248e-01
4.702273607254028320e-01
4.527865052223205566e-01
5.071111917495727539e-01
5.585660934448242188e-01
4.868224263191223145e-01
4.418476521968841553e-01
4.883816242218017578e-01
4.259589910507202148e-01
4.842021167278289795e-01
3.892760872840881348e-01
4.445108175277709961e-01
4.923119843006134033e-01
3.970309197902679443e-01
5.339237451553344727e-01
4.771395921707153320e-01
4.862802326679229736e-01
4.599646031856536865e-01
3.313065767288208008e-01
4.707689583301544189e-01
3.586126565933227539e-01
4.858735203742980957e-01
4.686448574066162109e-01
5.994513034820556641e-01
5.034042596817016602e-01
3.909331560134887695e-01
4.330476522445678711e-01
4.599081873893737793e-01
4.895107746124267578e-01
4.460290074348449707e-01
4.596246480941772461e-01
4.904428720474243164e-01
3.884594440460205078e-01
4.610485732555389404e-01
4.980707168579101562e-01
4.423407316207885742e-01
5.706366896629333496e-01
4.194786548614501953e-01
4.434451460838317871e-01
4.589514136314392090e-01
4.491088688373565674e-01
4.671159386634826660e-01
4.041350781917572021e-01
4.242759943008422852e-01
3.991505503654479980e-01
4.065665006637573242e-01
4.182778298854827881e-01
4.896045327186584473e-01
5.454233288764953613e-01
4.421716630458831787e-01
3.682111501693725586e-01
5.082514882087707520e-01
5.046557188034057617e-01
4.119840860366821289e-01
5.022845268249511719e-01
5.124398469924926758e-01
4.189449548721313477e-01
4.763570427894592285e-01
5.087749958038330078e-01
4.504752755165100098e-01
4.058696031570434570e-01
5.075176358222961426e-01
4.456040859222412109e-01
5.671458244323730469e-01
4.271377325057983398e-01
4.167944192886352539e-01
4.358750581741333008e-01
4.960538744926452637e-01
4.969810843467712402e-01
4.100354015827178955e-01
4.859643578529357910e-01
3.881223499774932861e-01
5.402673482894897461e-01
4.310098290443420410e-01
4.843610525131225586e-01
5.099766850471496582e-01
5.143326520919799805e-01
4.862177968025207520e-01
4.912025928497314453e-01
3.844569623470306396e-01
4.293030202388763428e-01
5.678946971893310547e-01
4.043669700622558594e-01
4.030572474002838135e-01
5.024566650390625000e-01
4.647652208805084229e-01
4.334945082664489746e-01
4.468303024768829346e-01
4.535071849822998047e-01
4.366762042045593262e-01
5.512624979019165039e-01
4.803213179111480713e-01
4.129555225372314453e-01
3.913463950157165527e-01
5.189772248268127441e-01
3.907136321067810059e-01
5.823108553886413574e-01
4.716661572456359863e-01
4.811273515224456787e-01
3.994541466236114502e-01
4.668114781379699707e-01
3.627002835273742676e-01
4.654957056045532227e-01
4.631458520889282227e-01
3.983838260173797607e-01
3.354955613613128662e-01
4.292331635951995850e-01
4.787574112415313721e-01
5.331114530563354492e-01
4.142428338527679443e-01
4.814074039459228516e-01
4.562970399856567383e-01
4.203302860260009766e-01
3.917179703712463379e-01
4.847141206264495850e-01
5.507861375808715820e-01
5.629583001136779785e-01
3.817417323589324951e-01
4.376929402351379395e-01
4.641050696372985840e-01
3.995927572250366211e-01
4.551852941513061523e-01
4.647657573223114014e-01
4.915521144866943359e-01
5.128396749496459961e-01
5.549843311309814453e-01
5.219827890396118164e-01
5.899696946144104004e-01
4.016363322734832764e-01
4.984904527664184570e-01
3.927198946475982666e-01
5.454777479171752930e-01
5.703091621398925781e-01
5.298402905464172363e-01
4.964100122451782227e-01
4.380934536457061768e-01
4.771523475646972656e-01
5.392615795135498047e-01
4.211650490760803223e-01
4.643351137638092041e-01
4.532404839992523193e-01
4.408090710639953613e-01
5.580492615699768066e-01
4.669896960258483887e-01
5.890413522720336914e-01
5.247459411621093750e-01
5.779525041580200195e-01
4.570241570472717285e-01
4.117730855941772461e-01
4.638994336128234863e-01
4.601774215698242188e-01
4.457046985626220703e-01
4.887981712818145752e-01
5.756412744522094727e-01
4.826531112194061279e-01
4.834495484828948975e-01
4.197273850440979004e-01
5.011395812034606934e-01
4.584341645240783691e-01
6.122851371765136719e-01
5.771025419235229492e-01
5.271784067153930664e-01
5.285829305648803711e-01
4.855034351348876953e-01
4.090967774391174316e-01
4.211951494216918945e-01
4.158046543598175049e-01
4.707337915897369385e-01
4.761148393154144287e-01
3.374319672584533691e-01
4.171641469001770020e-01
4.601211845874786377e-01
4.264611601829528809e-01
5.272455215454101562e-01
5.223226547241210938e-01
4.721775949001312256e-01
4.169643223285675049e-01
4.851726889610290527e-01
4.889081716537475586e-01
4.129098355770111084e-01
4.624878764152526855e-01
4.991031289100646973e-01
4.334786236286163330e-01
4.594028592109680176e-01
4.955383241176605225e-01
4.051980972290039062e-01
4.523425996303558350e-01
3.623694479465484619e-01
5.786137580871582031e-01
4.053536653518676758e-01
5.916831493377685547e-01
4.556179046630859375e-01
4.045824408531188965e-01
4.943360984325408936e-01
4.310865700244903564e-01
5.224943161010742188e-01
4.448583126068115234e-01
3.834288716316223145e-01
5.247206687927246094e-01
5.902740955352783203e-01
4.800229072570800781e-01
5.219327807426452637e-01
5.102057456970214844e-01
5.589807629585266113e-01
5.116342306137084961e-01
4.543717503547668457e-01
5.069093704223632812e-01
4.386833608150482178e-01
4.811705350875854492e-01
5.554164648056030273e-01
4.632387757301330566e-01
5.022335052490234375e-01
5.452764034271240234e-01
5.259082317352294922e-01
5.837770700454711914e-01
5.188717842102050781e-01
5.857076644897460938e-01
5.242490768432617188e-01
4.267229437828063965e-01
5.063973665237426758e-01
5.045540332794189453e-01
4.473302364349365234e-01
5.008381605148315430e-01
4.955326318740844727e-01
5.274068713188171387e-01
4.263492822647094727e-01
4.560778737068176270e-01
5.004802942276000977e-01
4.769397079944610596e-01
5.098438858985900879e-01
4.138160347938537598e-01
4.791604876518249512e-01
4.230936765670776367e-01
5.455220937728881836e-01
4.705255627632141113e-01
4.973294436931610107e-01
5.689458250999450684e-01
4.982447922229766846e-01
4.361606240272521973e-01
5.559569001197814941e-01
4.925798177719116211e-01
5.217093229293823242e-01
3.871992230415344238e-01
4.897330105304718018e-01
4.795424044132232666e-01
5.222821235656738281e-01
6.108942031860351562e-01
4.858694076538085938e-01
4.984895288944244385e-01
5.286509394645690918e-01
5.677806138992309570e-01
4.718464314937591553e-01
4.253627657890319824e-01
5.432132482528686523e-01
5.458196997642517090e-01
5.165302753448486328e-01
5.308027863502502441e-01
5.027722716331481934e-01
4.870479106903076172e-01
4.720329940319061279e-01
4.488090872764587402e-01
4.664252400398254395e-01
4.344271719455718994e-01
5.600448846817016602e-01
5.025587081909179688e-01
4.613783955574035645e-01
4.726833701133728027e-01
4.232968091964721680e-01
3.800193071365356445e-01
5.782817602157592773e-01
4.849170744419097900e-01
4.907281994819641113e-01
4.700730443000793457e-01
5.062243342399597168e-01
5.156390666961669922e-01
5.251593589782714844e-01
4.172215759754180908e-01
4.281790256500244141e-01
5.508895516395568848e-01
4.929515421390533447e-01
4.310114383697509766e-01
5.861010551452636719e-01
4.617747664451599121e-01
4.817303419113159180e-01
4.869444966316223145e-01
5.099857449531555176e-01
4.725421667098999023e-01
5.760874748229980469e-01
5.066218376159667969e-01
4.098217487335205078e-01
4.816991686820983887e-01
4.697407484054565430e-01
5.666730999946594238e-01
5.047833323478698730e-01
4.962252676486968994e-01
5.307726263999938965e-01
5.789197683334350586e-01
4.554265737533569336e-01
5.095029473304748535e-01
5.385102033615112305e-01
5.329107046127319336e-01
6.465435028076171875e-01
4.774981141090393066e-01
4.780356287956237793e-01
4.407969713211059570e-01
5.130056142807006836e-01
5.260921120643615723e-01
4.305406808853149414e-01
4.930936098098754883e-01
5.831413865089416504e-01
4.204345941543579102e-01
4.845042526721954346e-01
4.441765546798706055e-01
4.452620148658752441e-01
4.967962503433227539e-01
5.259312391281127930e-01
5.025658011436462402e-01
4.784567654132843018e-01
5.872062444686889648e-01
4.897171854972839355e-01
4.703246653079986572e-01
5.065813064575195312e-01
5.012236833572387695e-01
5.956383943557739258e-01
4.640269875526428223e-01
4.393804371356964111e-01
5.501662492752075195e-01
5.040456056594848633e-01
5.285940170288085938e-01
5.303528308868408203e-01
5.794134736061096191e-01
5.533671379089355469e-01
5.355013012886047363e-01
5.054380893707275391e-01
5.916431546211242676e-01
4.840964674949645996e-01
5.357019901275634766e-01
4.464299380779266357e-01
5.128920078277587891e-01
4.529021978378295898e-01
4.986183047294616699e-01
5.426576137542724609e-01
5.135754942893981934e-01
4.824362099170684814e-01
5.117441415786743164e-01
4.817984402179718018e-01
3.897589743137359619e-01
7.005791664123535156e-01
4.367836713790893555e-01
4.431528449058532715e-01
4.536245167255401611e-01
4.882354140281677246e-01
4.417668879032135010e-01
4.130974411964416504e-01
5.386143922805786133e-01
4.292548894882202148e-01
5.444794893264770508e-01
4.726480841636657715e-01
4.660823941230773926e-01
5.015593767166137695e-01
4.408032894134521484e-01
3.808590471744537354e-01
4.325461685657501221e-01
3.576078414916992188e-01
3.985989689826965332e-01
3.694168329238891602e-01
5.357678532600402832e-01
5.134814977645874023e-01
4.359094500541687012e-01
4.697007834911346436e-01
4.873127341270446777e-01
4.433787465095520020e-01
4.422687590122222900e-01
5.223642587661743164e-01
4.346101582050323486e-01
4.149948358535766602e-01
3.997310698032379150e-01
4.466212689876556396e-01
4.100601673126220703e-01
4.210069775581359863e-01
4.012094140052795410e-01
4.220479726791381836e-01
3.951782584190368652e-01
4.458125233650207520e-01
4.272437095642089844e-01
4.526266753673553467e-01
4.496023058891296387e-01
3.938573002815246582e-01
4.625175595283508301e-01
4.476594924926757812e-01
4.008666872978210449e-01
5.609083175659179688e-01
4.600037336349487305e-01
4.340513944625854492e-01
4.549670219421386719e-01
4.035207629203796387e-01
4.210188984870910645e-01
4.063606262207031250e-01
5.209535956382751465e-01
4.398306906223297119e-01
5.301053524017333984e-01
4.123559594154357910e-01
4.661485254764556885e-01
4.844952225685119629e-01
4.495924115180969238e-01
4.375684857368469238e-01
4.918203055858612061e-01
4.938527941703796387e-01
4.596025347709655762e-01
4.134885072708129883e-01
4.747959077358245850e-01
4.942864775657653809e-01
4.541974067687988281e-01
4.476415514945983887e-01
4.440227746963500977e-01
4.439901411533355713e-01
3.948706984519958496e-01
4.654806852340698242e-01
3.826118707656860352e-01
4.216958880424499512e-01
4.521971940994262695e-01
4.098924696445465088e-01
4.563602805137634277e-01
4.732330441474914551e-01
4.748721718788146973e-01
4.255406856536865234e-01
4.057539701461791992e-01
4.228703975677490234e-01
4.668394923210144043e-01
4.205585122108459473e-01
3.811783790588378906e-01
5.441466569900512695e-01
4.853651821613311768e-01
5.714998245239257812e-01
5.106097459793090820e-01
5.323135852813720703e-01
4.630545079708099365e-01
3.878716826438903809e-01
4.547789394855499268e-01
4.910981655120849609e-01
3.470516800880432129e-01
4.295457005500793457e-01
4.838477969169616699e-01
4.314495325088500977e-01
3.931719660758972168e-01
4.196861684322357178e-01
4.785130620002746582e-01
4.271836876869201660e-01
4.504972994327545166e-01
4.224842488765716553e-01
4.149272143840789795e-01
3.729120492935180664e-01
5.760862827301025391e-01
4.795141220092773438e-01
3.739552497863769531e-01
4.153774976730346680e-01
4.380693435668945312e-01
4.132660031318664551e-01
3.968806266784667969e-01
4.283855557441711426e-01
4.573175311088562012e-01
4.749568402767181396e-01
4.085725545883178711e-01
5.066034197807312012e-01
4.250980615615844727e-01
4.222565889358520508e-01
4.405778050422668457e-01
4.225142002105712891e-01
4.043124914169311523e-01
5.244066715240478516e-01
5.050110816955566406e-01
4.760517776012420654e-01
4.275684952735900879e-01
4.353761076927185059e-01
3.668051958084106445e-01
6.090738177299499512e-01
4.568975567817687988e-01
4.033452272415161133e-01
4.960518479347229004e-01
5.712072253227233887e-01
4.930991232395172119e-01
5.003986358642578125e-01
4.458970725536346436e-01
5.291499495506286621e-01
5.311628580093383789e-01
4.934555888175964355e-01
5.283748507499694824e-01
4.172711074352264404e-01
5.001164078712463379e-01
5.134363770484924316e-01
4.118859767913818359e-01
4.164766371250152588e-01
4.783599972724914551e-01
4.986541867256164551e-01
4.219707548618316650e-01
5.938991308212280273e-01
4.728132188320159912e-01
4.558205008506774902e-01
3.738032877445220947e-01
4.708468914031982422e-01
4.477949738502502441e-01
5.060682892799377441e-01
4.802274107933044434e-01
4.986352324485778809e-01
3.869980573654174805e-01
4.917408525943756104e-01
4.657778143882751465e-01
4.567303061485290527e-01
4.724688231945037842e-01
5.420591235160827637e-01
4.010747075080871582e-01
4.939337074756622314e-01
4.578741788864135742e-01
4.337412416934967041e-01
4.878201484680175781e-01
5.520769953727722168e-01
3.907749950885772705e-01
3.820545077323913574e-01
5.261584520339965820e-01
3.309986293315887451e-01
3.951253294944763184e-01
4.047518968582153320e-01
5.038989186286926270e-01
4.356305599212646484e-01
5.248748064041137695e-01
4.991767406463623047e-01
4.405254721641540527e-01
5.330214500427246094e-01
4.800260663032531738e-01
4.564280211925506592e-01
5.118732452392578125e-01
4.136787056922912598e-01
5.012408494949340820e-01
5.171970129013061523e-01
4.582451879978179932e-01
3.935623168945312500e-01
4.612805545330047607e-01
5.529183745384216309e-01
5.467844605445861816e-01
4.600987136363983154e-01
4.716351628303527832e-01
4.521488845348358154e-01
5.285727977752685547e-01
5.935746431350708008e-01
5.091862678527832031e-01
5.141627192497253418e-01
4.910697340965270996e-01
5.303612947463989258e-01
4.487564861774444580e-01
5.171478986740112305e-01
4.191893339157104492e-01
4.015258550643920898e-01
4.555398523807525635e-01
5.039325952529907227e-01
5.021441578865051270e-01
3.873381614685058594e-01
4.315720200538635254e-01
4.952174723148345947e-01
5.280973911285400391e-01
4.819074273109436035e-01
4.029179513454437256e-01
5.132584571838378906e-01
5.227060914039611816e-01
4.360283017158508301e-01
4.639864861965179443e-01
4.355813860893249512e-01
5.006735324859619141e-01
4.254826903343200684e-01
4.836348891258239746e-01
6.727080345153808594e-01
4.645250439643859863e-01
4.326006770133972168e-01
4.861183166503906250e-01
4.690268039703369141e-01
4.935197830200195312e-01
3.972200155258178711e-01
4.432724714279174805e-01
4.477652907371520996e-01
4.809118509292602539e-01
4.564598202705383301e-01
4.718608260154724121e-01
6.092926859855651855e-01
5.037034749984741211e-01
4.731330871582031250e-01
4.191014468669891357e-01
5.425779223442077637e-01
5.901771187782287598e-01
4.926101565361022949e-01
5.707560181617736816e-01
4.845551848411560059e-01
5.156613588333129883e-01
4.302525520324707031e-01
4.123791456222534180e-01
5.407907962799072266e-01
3.864327073097229004e-01
6.013675928115844727e-01
4.770282506942749023e-01
5.467880368232727051e-01
4.906064271926879883e-01
5.245310068130493164e-01
5.585333108901977539e-01
5.353488326072692871e-01
4.437295794486999512e-01
4.764711558818817139e-01
4.467285275459289551e-01
6.442643404006958008e-01
3.909279406070709229e-01
3.747457265853881836e-01
4.383885860443115234e-01
4.776408970355987549e-01
4.900692105293273926e-01
4.030433297157287598e-01
4.836063683032989502e-01
4.369905889034271240e-01
4.528483748435974121e-01
4.449022412300109863e-01
4.992896318435668945e-01
5.518934726715087891e-01
5.035385489463806152e-01
3.866755068302154541e-01
4.541971385478973389e-01
4.783152043819427490e-01
4.765676558017730713e-01
5.121887922286987305e-01
4.733409583568572998e-01
5.676069259643554688e-01
5.325961112976074219e-01
5.147788524627685547e-01
4.715421497821807861e-01
4.935249686241149902e-01
4.966838359832763672e-01
3.996888995170593262e-01
4.884210526943206787e-01
4.027577638626098633e-01
4.570197463035583496e-01
4.279027581214904785e-01
4.614597558975219727e-01
5.258772373199462891e-01
4.211273789405822754e-01
5.985831022262573242e-01
5.181026458740234375e-01
4.982272386550903320e-01
4.128311276435852051e-01
4.601572155952453613e-01
4.862284362316131592e-01
5.246721506118774414e-01
4.819563031196594238e-01
4.840217828750610352e-01
4.993209838867187500e-01
4.685131609439849854e-01
4.852818250656127930e-01
5.601493716239929199e-01
4.098865389823913574e-01
4.230318069458007812e-01
5.216777324676513672e-01
4.084346890449523926e-01
4.597525596618652344e-01
4.737271070480346680e-01
4.399203062057495117e-01
5.284333229064941406e-01
5.446725487709045410e-01
4.448968768119812012e-01
3.605851531028747559e-01
4.526445269584655762e-01
5.707387924194335938e-01
5.300788283348083496e-01
5.112925767898559570e-01
4.256244301795959473e-01
4.660333096981048584e-01
5.188280940055847168e-01
4.088035821914672852e-01
4.585805535316467285e-01
6.014406681060791016e-01
5.541978478431701660e-01
4.754191637039184570e-01
4.600177407264709473e-01
4.886811971664428711e-01
5.210551619529724121e-01
6.000523567199707031e-01
4.367374181747436523e-01
3.986631631851196289e-01
4.254244565963745117e-01
5.522516369819641113e-01
4.852949380874633789e-01
4.683309197425842285e-01
5.530935525894165039e-01
4.212227761745452881e-01
4.628759026527404785e-01
4.347369074821472168e-01
4.607615470886230469e-01
5.221468210220336914e-01
5.454545617103576660e-01
3.985097408294677734e-01
3.887796998023986816e-01
5.065556764602661133e-01
5.274190902709960938e-01
5.401359796524047852e-01
5.036089420318603516e-01
4.604087471961975098e-01
6.184635162353515625e-01
3.939189314842224121e-01
4.088711738586425781e-01
4.474756717681884766e-01
5.084515213966369629e-01
5.148809552192687988e-01
3.912755846977233887e-01
4.910286962985992432e-01
5.174930095672607422e-01
4.977068006992340088e-01
5.364942550659179688e-01
4.565390944480895996e-01
4.084840416908264160e-01
4.797158241271972656e-01
5.491263270378112793e-01
5.069601535797119141e-01
5.257514715194702148e-01
5.327907800674438477e-01
3.757162690162658691e-01
4.480172991752624512e-01
3.898672759532928467e-01
4.066603481769561768e-01
4.400757551193237305e-01
4.783240258693695068e-01
4.227522313594818115e-01
3.503919839859008789e-01
4.254011213779449463e-01
4.092434644699096680e-01
3.637615144252777100e-01
3.956056833267211914e-01
3.641041517257690430e-01
4.307485818862915039e-01
3.540652096271514893e-01
4.408655166625976562e-01
3.389635384082794189e-01
4.492811858654022217e-01
4.406754374504089355e-01
3.830943703651428223e-01
5.313994884490966797e-01
5.230852365493774414e-01
4.419784545898437500e-01
5.259695649147033691e-01
3.892867565155029297e-01
5.074767470359802246e-01
4.377856254577636719e-01
4.028800725936889648e-01
5.413146615028381348e-01
5.279243588447570801e-01
4.696691930294036865e-01
3.953770995140075684e-01
3.955830335617065430e-01
3.996461331844329834e-01
3.993175923824310303e-01
4.351375102996826172e-01
4.825498163700103760e-01
4.489359259605407715e-01
3.965467214584350586e-01
5.190496444702148438e-01
5.316932797431945801e-01
4.539836943149566650e-01
4.855425655841827393e-01
4.745857715606689453e-01
3.726262748241424561e-01
5.138615965843200684e-01
4.364858567714691162e-01
4.013243615627288818e-01
4.021464288234710693e-01
4.180271625518798828e-01
4.943123459815979004e-01
4.182515144348144531e-01
4.833629429340362549e-01
5.034822225570678711e-01
5.726920366287231445e-01
3.854903876781463623e-01
4.191169142723083496e-01
4.535036683082580566e-01
4.527640044689178467e-01
4.515443146228790283e-01
4.464204311370849609e-01
4.650738239288330078e-01
4.439575672149658203e-01
4.066714048385620117e-01
4.181934595108032227e-01
3.374162316322326660e-01
4.695941805839538574e-01
4.922749400138854980e-01
4.265534877777099609e-01
4.168328642845153809e-01
3.592450022697448730e-01
5.634295940399169922e-01
4.285191893577575684e-01
4.360937476158142090e-01
4.192078113555908203e-01
5.113525390625000000e-01
3.698552250862121582e-01
3.998338878154754639e-01
3.451592624187469482e-01
3.717297315597534180e-01
4.137668609619140625e-01
4.263135194778442383e-01
4.512343406677246094e-01
4.550153017044067383e-01
4.512940049171447754e-01
4.781560301780700684e-01
6.213463544845581055e-01
4.812203645706176758e-01
3.739371001720428467e-01
4.955180585384368896e-01
4.121630787849426270e-01
4.117023944854736328e-01
3.848308920860290527e-01
4.211806952953338623e-01
4.859851002693176270e-01
4.410167038440704346e-01
4.716446101665496826e-01
3.878923356533050537e-01
4.135633111000061035e-01
3.728567361831665039e-01
4.169554412364959717e-01
4.101085662841796875e-01
4.629731774330139160e-01
4.550662934780120850e-01
4.987809062004089355e-01
4.757594764232635498e-01
4.221492409706115723e-01
5.857563018798828125e-01
4.591549932956695557e-01
3.836580514907836914e-01
4.452248215675354004e-01
4.041724205017089844e-01
4.217482805252075195e-01
5.362741947174072266e-01
4.032967686653137207e-01
3.858252763748168945e-01
4.555575251579284668e-01
4.703148603439331055e-01
4.580859839916229248e-01
4.320328533649444580e-01
4.387828111648559570e-01
4.524810016155242920e-01
5.034255981445312500e-01
4.642285704612731934e-01
5.037302970886230469e-01
5.434085130691528320e-01
5.365642309188842773e-01
4.951896965503692627e-01
4.304723441600799561e-01
4.043615162372589111e-01
3.276343941688537598e-01
3.739966154098510742e-01
5.012736916542053223e-01
4.337201118469238281e-01
4.543169140815734863e-01
4.196353256702423096e-01
4.257527589797973633e-01
5.860021710395812988e-01
5.004535913467407227e-01
4.959386587142944336e-01
3.960701823234558105e-01
4.619314670562744141e-01
4.366888403892517090e-01
4.291707873344421387e-01
5.382902026176452637e-01
4.203785657882690430e-01
5.135797858238220215e-01
4.661590754985809326e-01
4.789053499698638916e-01
4.481531977653503418e-01
4.634609818458557129e-01
4.991745650768280029e-01
4.866316616535186768e-01
3.739646077156066895e-01
3.938097655773162842e-01
4.333074688911437988e-01
3.675520122051239014e-01
4.196218550205230713e-01
4.755823910236358643e-01
4.758692383766174316e-01
3.800859451293945312e-01
4.199798107147216797e-01
4.107947945594787598e-01
4.529740214347839355e-01
4.300166368484497070e-01
5.114930868148803711e-01
4.946819543838500977e-01
3.751432597637176514e-01
4.078034162521362305e-01
3.471736609935760498e-01
3.557623326778411865e-01
3.841149806976318359e-01
4.834524393081665039e-01
4.071889221668243408e-01
4.708891510963439941e-01
5.058372616767883301e-01
3.521713316440582275e-01
4.553465247154235840e-01
5.379415154457092285e-01
4.022144675254821777e-01
4.326603710651397705e-01
4.824284911155700684e-01
4.989919662475585938e-01
4.072267115116119385e-01
4.499685764312744141e-01
4.729119539260864258e-01
5.282136201858520508e-01
5.065194964408874512e-01
4.668714106082916260e-01
3.540090620517730713e-01
4.298095703125000000e-01
4.894268810749053955e-01
4.603468775749206543e-01
4.947491288185119629e-01
4.621224403381347656e-01
4.698538780212402344e-01
4.701510667800903320e-01
4.499883055686950684e-01
5.073201656341552734e-01
4.654618799686431885e-01
4.350129067897796631e-01
5.002511739730834961e-01
4.372217953205108643e-01
5.022630691528320312e-01
4.246064126491546631e-01
3.728128075599670410e-01
4.274074435234069824e-01
4.614214897155761719e-01
4.120610356330871582e-01
3.585363626480102539e-01
5.431861877441406250e-01
4.727800190448760986e-01
5.044713020324707031e-01
5.205258131027221680e-01
5.255951881408691406e-01
4.110804200172424316e-01
5.131387710571289062e-01
4.668917655944824219e-01
5.127184987068176270e-01
4.838891327381134033e-01
4.459263086318969727e-01
3.798680305480957031e-01
4.973520934581756592e-01
4.479307532310485840e-01
5.220551490783691406e-01
5.095165371894836426e-01
3.824248909950256348e-01
3.673587441444396973e-01
5.004519224166870117e-01
3.872277140617370605e-01
4.263178706169128418e-01
5.452232360839843750e-01
4.903647303581237793e-01
4.107623100280761719e-01
4.272558391094207764e-01
4.020056724548339844e-01
3.976492881774902344e-01
4.426364898681640625e-01
5.363170504570007324e-01
4.640392661094665527e-01
4.735249280929565430e-01
3.669868707656860352e-01
5.066705942153930664e-01
4.480052888393402100e-01
6.302219629287719727e-01
5.551007986068725586e-01
4.194751083850860596e-01
5.632044076919555664e-01
4.116920232772827148e-01
4.506507515907287598e-01
4.680989682674407959e-01
5.553402900695800781e-01
4.868129491806030273e-01
4.335650503635406494e-01
4.513739347457885742e-01
5.407236814498901367e-01
5.552786588668823242e-01
4.917254745960235596e-01
4.537333250045776367e-01
4.857791066169738770e-01
4.896040856838226318e-01
4.720199108123779297e-01
5.177962183952331543e-01
4.418153166770935059e-01
5.899623632431030273e-01
4.002873897552490234e-01
4.573450982570648193e-01
6.027771234512329102e-01
4.820811152458190918e-01
4.467661380767822266e-01
3.744388222694396973e-01
4.367447793483734131e-01
3.769257664680480957e-01
4.507973492145538330e-01
4.960038661956787109e-01
5.217172503471374512e-01
4.498150646686553955e-01
5.994986295700073242e-01
4.855666756629943848e-01
4.304309487342834473e-01
4.876478016376495361e-01
4.066274762153625488e-01
4.079026579856872559e-01
4.572571516036987305e-01
5.565953254699707031e-01
4.106802344322204590e-01
3.976432085037231445e-01
4.711141586303710938e-01
4.751213192939758301e-01
5.052125453948974609e-01
5.200430750846862793e-01
5.681782960891723633e-01
3.963964879512786865e-01
5.706321597099304199e-01
4.964708685874938965e-01
4.617666602134704590e-01
6.343727707862854004e-01
4.988454580307006836e-01
4.433374106884002686e-01
4.684484601020812988e-01
4.405952990055084229e-01
3.613868355751037598e-01
5.004611611366271973e-01
4.578723907470703125e-01
4.774348139762878418e-01
5.235422253608703613e-01
4.921254515647888184e-01
3.747143149375915527e-01
5.119324326515197754e-01
4.716139137744903564e-01
5.378748178482055664e-01
4.915823340415954590e-01
4.919373691082000732e-01
4.474514126777648926e-01
5.440056324005126953e-01
4.363048374652862549e-01
5.155405402183532715e-01
4.307161569595336914e-01
5.304578542709350586e-01
4.999628663063049316e-01
4.840637445449829102e-01
4.122197031974792480e-01
5.017715692520141602e-01
5.066992640495300293e-01
4.850111603736877441e-01
5.200749635696411133e-01
5.195235013961791992e-01
5.812412500381469727e-01
5.639821290969848633e-01
4.109094142913818359e-01
4.361592233180999756e-01
5.152127742767333984e-01
5.127476453781127930e-01
5.617804527282714844e-01
4.809151589870452881e-01
5.099834203720092773e-01
4.225131869316101074e-01
4.588038027286529541e-01
5.006227493286132812e-01
5.141273140907287598e-01
4.840082824230194092e-01
4.035883247852325439e-01
4.438393115997314453e-01
4.094942808151245117e-01
3.793365657329559326e-01
5.520885586738586426e-01
4.869569540023803711e-01
4.733911752700805664e-01
5.617684721946716309e-01
4.084371924400329590e-01
5.188258290290832520e-01
4.634351730346679688e-01
5.087373256683349609e-01
5.522974729537963867e-01
4.548647403717041016e-01
4.216841459274291992e-01
3.883859515190124512e-01
3.112661242485046387e-01
4.021164178848266602e-01
4.155613183975219727e-01
4.571462869644165039e-01
3.513678312301635742e-01
4.409545660018920898e-01
3.827644884586334229e-01
4.398956894874572754e-01
3.857420980930328369e-01
3.487098217010498047e-01
3.969370722770690918e-01
3.807848691940307617e-01
3.968771696090698242e-01
4.518195986747741699e-01
4.580086469650268555e-01
3.480531871318817139e-01
3.228844404220581055e-01
5.582361817359924316e-01
3.544234037399291992e-01
4.598128795623779297e-01
4.691019654273986816e-01
4.046088457107543945e-01
3.763762116432189941e-01
3.479318320751190186e-01
4.409211277961730957e-01
4.296860694885253906e-01
4.666128754615783691e-01
4.907904267311096191e-01
3.573817014694213867e-01
4.210778772830963135e-01
3.394892811775207520e-01
3.287397325038909912e-01
4.216995239257812500e-01
5.982962846755981445e-01
3.988634347915649414e-01
4.018132686614990234e-01
4.294675588607788086e-01
5.871149897575378418e-01
3.950292468070983887e-01
4.176408648490905762e-01
3.524462878704071045e-01
4.769120216369628906e-01
4.442825317382812500e-01
4.212840795516967773e-01
4.689782857894897461e-01
4.227117300033569336e-01
4.316377043724060059e-01
4.746913313865661621e-01
5.001818537712097168e-01
4.281814694404602051e-01
3.977362513542175293e-01
4.556602239608764648e-01
3.920151591300964355e-01
5.281863212585449219e-01
4.297229349613189697e-01
3.993870019912719727e-01
4.211658835411071777e-01
5.023904442787170410e-01
4.767490625381469727e-01
4.655446410179138184e-01
5.492742061614990234e-01
4.222037792205810547e-01
3.530535697937011719e-01
4.602035284042358398e-01
3.923342227935791016e-01
4.075627326965332031e-01
3.764272928237915039e-01
4.594749212265014648e-01
5.716627836227416992e-01
4.482294321060180664e-01
4.020568430423736572e-01
4.095854461193084717e-01
4.499457776546478271e-01
4.232611656188964844e-01
4.899666309356689453e-01
5.328962802886962891e-01
4.764116704463958740e-01
4.181356430053710938e-01
4.908240139484405518e-01
3.908793926239013672e-01
3.797066807746887207e-01
5.467022657394409180e-01
3.500819802284240723e-01
4.117058515548706055e-01
4.209627807140350342e-01
4.108982980251312256e-01
3.351823091506958008e-01
4.499220550060272217e-01
3.646675348281860352e-01
4.368686079978942871e-01
4.639447927474975586e-01
4.810543656349182129e-01
3.993285298347473145e-01
3.557877540588378906e-01
4.971993267536163330e-01
4.213357269763946533e-01
3.994297385215759277e-01
5.257852077484130859e-01
5.108866095542907715e-01
4.732117950916290283e-01
4.383752048015594482e-01
4.107747673988342285e-01
4.334621429443359375e-01
3.907161056995391846e-01
4.355859160423278809e-01
4.356349706649780273e-01
3.951461315155029297e-01
4.503185749053955078e-01
4.129451811313629150e-01
4.310719370841979980e-01
4.037941098213195801e-01
4.564646780490875244e-01
5.134266018867492676e-01
4.718067646026611328e-01
3.939973413944244385e-01
4.251345992088317871e-01
3.667556941509246826e-01
4.628869295120239258e-01
4.482712149620056152e-01
5.310226678848266602e-01
4.470388889312744141e-01
4.295839667320251465e-01
3.602165281772613525e-01
4.450367689132690430e-01
4.054746627807617188e-01
3.866419494152069092e-01
4.307743310928344727e-01
5.121078491210937500e-01
4.452752470970153809e-01
3.874862790107727051e-01
4.211516678333282471e-01
3.705586194992065430e-01
4.507192075252532959e-01
4.164019525051116943e-01
5.576145648956298828e-01
3.782113790512084961e-01
3.487651646137237549e-01
3.823731541633605957e-01
4.354335069656372070e-01
5.251462459564208984e-01
4.418203532695770264e-01
4.436915218830108643e-01
4.317896962165832520e-01
4.481403231620788574e-01
4.076368212699890137e-01
4.989922046661376953e-01
4.754467606544494629e-01
4.997959733009338379e-01
3.868269026279449463e-01
4.655682444572448730e-01
4.552977383136749268e-01
4.875248074531555176e-01
4.596988260746002197e-01
4.255454540252685547e-01
4.572445154190063477e-01
4.224683046340942383e-01
3.738783299922943115e-01
4.090017080307006836e-01
3.886448740959167480e-01
5.466130971908569336e-01
4.536089301109313965e-01
4.350339174270629883e-01
3.980718851089477539e-01
3.708468973636627197e-01
4.017901420593261719e-01
5.267388224601745605e-01
4.834993183612823486e-01
4.622293710708618164e-01
4.287037849426269531e-01
3.794344067573547363e-01
4.905058145523071289e-01
3.584532439708709717e-01
4.594217240810394287e-01
4.338684678077697754e-01
3.995690345764160156e-01
4.710474014282226562e-01
4.570600688457489014e-01
4.324416518211364746e-01
3.849582076072692871e-01
4.363180994987487793e-01
5.483289361000061035e-01
3.905528485774993896e-01
4.892064929008483887e-01
4.637220501899719238e-01
4.306889176368713379e-01
4.492386579513549805e-01
3.750773668289184570e-01
4.473977684974670410e-01
3.990758061408996582e-01
4.109784960746765137e-01
4.095591306686401367e-01
4.820357263088226318e-01
4.465286731719970703e-01
4.139055609703063965e-01
4.409388899803161621e-01
4.123993813991546631e-01
5.440321564674377441e-01
4.080155491828918457e-01
3.726956248283386230e-01
4.346311688423156738e-01
3.850125074386596680e-01
3.934325575828552246e-01
4.627390503883361816e-01
4.591310918331146240e-01
4.467120766639709473e-01
4.788423776626586914e-01
5.462597608566284180e-01
4.579740762710571289e-01
4.424845278263092041e-01
4.371672272682189941e-01
4.633920192718505859e-01
4.287040233612060547e-01
5.153471231460571289e-01
5.288445949554443359e-01
4.495258629322052002e-01
4.734631478786468506e-01
3.759440481662750244e-01
4.404687881469726562e-01
4.528329968452453613e-01
4.129818081855773926e-01
5.416220426559448242e-01
5.616197586059570312e-01
4.293220639228820801e-01
4.151243567466735840e-01
5.018111467361450195e-01
4.926957190036773682e-01
4.022869467735290527e-01
4.560742974281311035e-01
3.967113494873046875e-01
4.874153435230255127e-01
3.924190998077392578e-01
4.964056313037872314e-01
4.912372827529907227e-01
4.235028624534606934e-01
3.786529600620269775e-01
5.095276832580566406e-01
4.061451554298400879e-01
4.338945150375366211e-01
3.980934023857116699e-01
4.152028560638427734e-01
4.697684347629547119e-01
4.061933755874633789e-01
4.278723001480102539e-01
3.774178922176361084e-01
4.670654535293579102e-01
5.242792367935180664e-01
3.747906386852264404e-01
4.352330565452575684e-01
4.243735969066619873e-01
4.249878525733947754e-01
5.584598779678344727e-01
4.047460556030273438e-01
4.398357868194580078e-01
4.826461076736450195e-01
4.224606156349182129e-01
4.197314083576202393e-01
5.462386608123779297e-01
4.680535197257995605e-01
4.086339175701141357e-01
4.364334344863891602e-01
5.358790159225463867e-01
3.663384020328521729e-01
5.478177666664123535e-01
4.398992061614990234e-01
4.173564910888671875e-01
4.225346148014068604e-01
4.603203833103179932e-01
3.796020150184631348e-01
3.704801797866821289e-01
4.969358444213867188e-01
4.324820041656494141e-01
4.479002058506011963e-01
3.966732025146484375e-01
4.192824959754943848e-01
6.024529337882995605e-01
5.240039825439453125e-01
4.959996342658996582e-01
4.994782805442810059e-01
4.591660499572753906e-01
3.634069263935089111e-01
4.326522350311279297e-01
5.476382970809936523e-01
4.270212054252624512e-01
6.094364523887634277e-01
4.684418141841888428e-01
4.673518240451812744e-01
3.593600094318389893e-01
4.255756735801696777e-01
5.164345502853393555e-01
5.243404507637023926e-01
4.407208859920501709e-01
4.903036355972290039e-01
4.504210948944091797e-01
4.362613558769226074e-01
4.515804946422576904e-01
4.560280442237854004e-01
4.349269866943359375e-01
4.386267960071563721e-01
4.719617366790771484e-01
5.075045824050903320e-01
5.466206669807434082e-01
5.055574178695678711e-01
4.666077792644500732e-01
5.079857707023620605e-01
4.693657159805297852e-01
4.206282198429107666e-01
4.180853366851806641e-01
4.399384856224060059e-01
4.772133231163024902e-01
4.660167396068572998e-01
5.642144680023193359e-01
4.315029382705688477e-01
4.643767476081848145e-01
4.503852128982543945e-01
5.269986987113952637e-01
4.786219596862792969e-01
3.849698305130004883e-01
4.841474592685699463e-01
5.045318603515625000e-01
5.144560337066650391e-01
5.472177267074584961e-01
4.446921348571777344e-01
3.920381069183349609e-01
4.762731194496154785e-01
5.560724735260009766e-01
4.529386758804321289e-01
4.025044441223144531e-01
4.658410549163818359e-01
4.580545127391815186e-01
4.388979077339172363e-01
4.432288408279418945e-01
5.056324601173400879e-01
4.426198601722717285e-01
4.953841567039489746e-01
4.716620147228240967e-01
4.253781139850616455e-01
4.627958834171295166e-01
4.437302052974700928e-01
4.766540825366973877e-01
4.547054171562194824e-01
5.321366786956787109e-01
4.747206568717956543e-01
4.780337214469909668e-01
3.958753645420074463e-01
5.537453889846801758e-01
6.317833662033081055e-01
4.127567410469055176e-01
4.988328218460083008e-01
4.746665358543395996e-01
4.114711880683898926e-01
5.027614235877990723e-01
4.056042432785034180e-01
4.190150797367095947e-01
3.829886913299560547e-01
5.317797660827636719e-01
4.097217321395874023e-01
3.455097377300262451e-01
4.018911719322204590e-01
3.028977215290069580e-01
3.713177442550659180e-01
3.704780340194702148e-01
4.768645763397216797e-01
4.509019255638122559e-01
4.264592528343200684e-01
4.294511079788208008e-01
3.651331663131713867e-01
3.720867633819580078e-01
4.791355133056640625e-01
3.319206237792968750e-01
3.791480958461761475e-01
3.898668289184570312e-01
4.403758943080902100e-01
3.633874058723449707e-01
4.378518164157867432e-01
3.943747878074645996e-01
3.978713452816009521e-01
3.100706636905670166e-01
4.188472926616668701e-01
3.567570447921752930e-01
4.460076391696929932e-01
3.848450779914855957e-01
4.516781568527221680e-01
4.661654233932495117e-01
4.615799188613891602e-01
4.706612229347229004e-01
3.783483505249023438e-01
3.488312959671020508e-01
3.414236307144165039e-01
3.492309451103210449e-01
4.126162230968475342e-01
3.815329968929290771e-01
5.052020549774169922e-01
3.618746399879455566e-01
4.798688590526580811e-01
3.561348915100097656e-01
4.171958863735198975e-01
4.538632333278656006e-01
3.801641166210174561e-01
3.422433137893676758e-01
4.372135698795318604e-01
4.589903354644775391e-01
3.235983252525329590e-01
5.045697689056396484e-01
3.268547654151916504e-01
5.570971369743347168e-01
4.352814257144927979e-01
3.853614330291748047e-01
3.894863724708557129e-01
3.909510970115661621e-01
3.653728365898132324e-01
4.323743283748626709e-01
4.372765421867370605e-01
3.787000179290771484e-01
3.173539340496063232e-01
5.194848775863647461e-01
3.608377277851104736e-01
4.020185470581054688e-01
5.177339315414428711e-01
4.544804096221923828e-01
4.377347230911254883e-01
4.152950048446655273e-01
4.217252135276794434e-01
3.816052079200744629e-01
4.443319737911224365e-01
4.284176230430603027e-01
4.466392993927001953e-01
3.377826809883117676e-01
4.072203338146209717e-01
4.716993868350982666e-01
3.218708038330078125e-01
3.808509111404418945e-01
3.382127881050109863e-01
4.292254149913787842e-01
4.938331842422485352e-01
4.337133765220642090e-01
3.987779021263122559e-01
3.538507223129272461e-01
3.855526149272918701e-01
3.869990706443786621e-01
4.583847820758819580e-01
5.550070405006408691e-01
4.221994280815124512e-01
3.094808161258697510e-01
5.342749357223510742e-01
4.380111694335937500e-01
4.386099278926849365e-01
4.820027947425842285e-01
4.725103974342346191e-01
3.655196130275726318e-01
3.927876353263854980e-01
4.367110133171081543e-01
4.915357828140258789e-01
4.464089572429656982e-01
3.610230088233947754e-01
3.858559727668762207e-01
4.047013521194458008e-01
4.215806722640991211e-01
3.531998991966247559e-01
4.242325425148010254e-01
4.641476273536682129e-01
4.325564205646514893e-01
3.837103247642517090e-01
4.024387300014495850e-01
3.233621716499328613e-01
4.047195315361022949e-01
3.631584346294403076e-01
5.287660360336303711e-01
4.146584570407867432e-01
4.041253626346588135e-01
3.554927706718444824e-01
4.538942873477935791e-01
4.361007511615753174e-01
3.387999534606933594e-01
4.344712495803833008e-01
4.471344351768493652e-01
5.186150670051574707e-01
4.786894917488098145e-01
3.476973176002502441e-01
4.098601043224334717e-01
4.825988411903381348e-01
3.703446388244628906e-01
3.539053201675415039e-01
4.360559880733489990e-01
4.081499576568603516e-01
4.444304704666137695e-01
4.627671837806701660e-01
3.943357765674591064e-01
3.974884152412414551e-01
4.139361381530761719e-01
4.313842356204986572e-01
4.712077677249908447e-01
4.148294031620025635e-01
3.926196098327636719e-01
4.664412438869476318e-01
3.712335824966430664e-01
4.177553653717041016e-01
4.042099714279174805e-01
4.112163782119750977e-01
3.869376480579376221e-01
4.270758330821990967e-01
4.513500928878784180e-01
4.318846762180328369e-01
4.298347830772399902e-01
4.402032494544982910e-01
4.650865197181701660e-01
4.920332133769989014e-01
4.190645515918731689e-01
3.280910849571228027e-01
4.874624013900756836e-01
3.616777062416076660e-01
4.433035850524902344e-01
4.341358542442321777e-01
4.692835509777069092e-01
3.464835584163665771e-01
4.512148499488830566e-01
4.855334758758544922e-01
5.566390752792358398e-01
4.723279774188995361e-01
4.696110486984252930e-01
4.689033627510070801e-01
4.878062605857849121e-01
4.470742344856262207e-01
2.858247756958007812e-01
3.670318722724914551e-01
4.334577918052673340e-01
4.745794832706451416e-01
4.541972875595092773e-01
4.488766193389892578e-01
4.105166196823120117e-01
3.892460465431213379e-01
4.830108880996704102e-01
4.526442885398864746e-01
5.114308595657348633e-01
4.462352693080902100e-01
4.134997725486755371e-01
3.905357718467712402e-01
4.482484161853790283e-01
4.264200329780578613e-01
4.323838353157043457e-01
4.248312115669250488e-01
3.758049011230468750e-01
3.895339965820312500e-01
3.454191386699676514e-01
4.144169092178344727e-01
3.299376666545867920e-01
4.478028118610382080e-01
5.322454571723937988e-01
5.382398962974548340e-01
4.178819060325622559e-01
3.782559633255004883e-01
3.714503943920135498e-01
3.576220273971557617e-01
3.699138760566711426e-01
3.948960602283477783e-01
4.363925755023956299e-01
5.037221908569335938e-01
4.737467765808105469e-01
5.054877996444702148e-01
5.351668000221252441e-01
5.550611019134521484e-01
3.570523858070373535e-01
3.879911899566650391e-01
4.348599016666412354e-01
4.284424185752868652e-01
4.583424627780914307e-01
4.252383112907409668e-01
3.811779916286468506e-01
4.247086644172668457e-01
4.958746731281280518e-01
3.950507640838623047e-01
4.571288228034973145e-01
4.564533531665802002e-01
4.724659323692321777e-01
3.960372507572174072e-01
4.051942825317382812e-01
4.050980806350708008e-01
5.504976511001586914e-01
3.895466923713684082e-01
4.254763126373291016e-01
3.883247375488281250e-01
3.602993190288543701e-01
4.915118217468261719e-01
4.719198048114776611e-01
5.523825883865356445e-01
4.998097419738769531e-01
5.033826828002929688e-01
4.183503091335296631e-01
4.745180606842041016e-01
4.357625246047973633e-01
4.330086708068847656e-01
4.732694029808044434e-01
3.272404372692108154e-01
4.135940074920654297e-01
4.484112262725830078e-01
4.187078475952148438e-01
4.952686131000518799e-01
4.002491235733032227e-01
3.557781279087066650e-01
4.655121564865112305e-01
4.270049631595611572e-01
4.522144198417663574e-01
3.842125236988067627e-01
4.359391331672668457e-01
4.702692627906799316e-01
5.972203016281127930e-01
3.938392102718353271e-01
4.922260344028472900e-01
4.874320328235626221e-01
4.160538911819458008e-01
4.322116672992706299e-01
5.731533765792846680e-01
4.117726385593414307e-01
4.778296053409576416e-01
4.749197959899902344e-01
4.841737151145935059e-01
4.606862664222717285e-01
5.528740286827087402e-01
4.361937642097473145e-01
3.277760148048400879e-01
4.693854451179504395e-01
4.744839966297149658e-01
3.461621403694152832e-01
5.213879346847534180e-01
4.809236824512481689e-01
4.805071949958801270e-01
5.122936964035034180e-01
5.385812520980834961e-01
3.841567635536193848e-01
3.584309220314025879e-01
4.689819514751434326e-01
3.649294376373291016e-01
4.939848184585571289e-01
5.152294635772705078e-01
5.503293275833129883e-01
4.639817178249359131e-01
4.480485022068023682e-01
4.855006039142608643e-01
4.732355177402496338e-01
4.831228852272033691e-01
5.988098382949829102e-01
3.842080831527709961e-01
4.405090212821960449e-01
5.183385014533996582e-01
3.706547021865844727e-01
4.314068555831909180e-01
5.719638466835021973e-01
4.677674472332000732e-01
6.415661573410034180e-01
4.350594282150268555e-01
4.717361330986022949e-01
4.451463222503662109e-01
4.815053045749664307e-01
4.765929579734802246e-01
4.801348149776458740e-01
4.818381071090698242e-01
3.788160681724548340e-01
3.969791531562805176e-01
5.874459147453308105e-01
4.989635646343231201e-01
5.262342095375061035e-01
4.571238160133361816e-01
5.253672003746032715e-01
3.971419930458068848e-01
4.353604912757873535e-01
4.895423650741577148e-01
4.131675958633422852e-01
5.671640634536743164e-01
4.119668304920196533e-01
3.949084579944610596e-01
4.485199153423309326e-01
4.722684323787689209e-01
4.364593327045440674e-01
4.127707779407501221e-01
4.670140147209167480e-01
4.751788079738616943e-01
5.070809721946716309e-01
4.569584727287292480e-01
4.627113938331604004e-01
4.626560211181640625e-01
4.611895978450775146e-01
4.413985610008239746e-01
4.622073471546173096e-01
4.176555275917053223e-01
5.033885836601257324e-01
4.400651156902313232e-01
4.378583729267120361e-01
4.221438765525817871e-01
4.921786785125732422e-01
4.394125938415527344e-01
5.256614685058593750e-01
5.518774390220642090e-01
4.202635884284973145e-01
4.113345146179199219e-01
4.553597271442413330e-01
4.194799661636352539e-01
3.917047381401062012e-01
4.297272861003875732e-01
4.893486201763153076e-01
4.372158050537109375e-01
5.633239746093750000e-01
5.816702842712402344e-01
4.636074006557464600e-01
4.060376286506652832e-01
3.957396149635314941e-01
3.984592556953430176e-01
4.400079250335693359e-01
4.551596641540527344e-01
4.140494167804718018e-01
4.031562805175781250e-01
4.803045988082885742e-01
4.530888199806213379e-01
4.838165342807769775e-01
3.780644536018371582e-01
4.476909339427947998e-01
4.632067084312438965e-01
4.621717035770416260e-01
3.246935606002807617e-01
3.998944461345672607e-01
3.604228496551513672e-01
4.223490357398986816e-01
3.801123797893524170e-01
3.432213068008422852e-01
4.407032132148742676e-01
3.750564754009246826e-01
3.231162428855895996e-01
3.367507159709930420e-01
3.367997109889984131e-01
5.195680260658264160e-01
4.485066533088684082e-01
3.765980601310729980e-01
3.182817101478576660e-01
3.917213380336761475e-01
4.606823325157165527e-01
4.505020380020141602e-01
4.723425507545471191e-01
3.723976016044616699e-01
3.877207934856414795e-01
4.592667222023010254e-01
4.813448190689086914e-01
3.419027328491210938e-01
4.030301570892333984e-01
4.327316284179687500e-01
3.960041105747222900e-01
3.613071739673614502e-01
4.621320068836212158e-01
3.952925205230712891e-01
4.455092549324035645e-01
3.911346197128295898e-01
3.803871870040893555e-01
4.150798916816711426e-01
4.361668825149536133e-01
4.271539747714996338e-01
4.639332294464111328e-01
3.894186913967132568e-01
4.145073294639587402e-01
4.318064153194427490e-01
4.470812678337097168e-01
3.966686725616455078e-01
4.071417450904846191e-01
4.496985673904418945e-01
4.009834527969360352e-01
3.751153647899627686e-01
4.130238890647888184e-01
4.339411556720733643e-01
3.956885337829589844e-01
4.260168969631195068e-01
3.315685391426086426e-01
4.814089536666870117e-01
5.191039443016052246e-01
3.435190320014953613e-01
3.717663884162902832e-01
4.544377624988555908e-01
4.044435322284698486e-01
3.494155704975128174e-01
3.734100461006164551e-01
5.014542341232299805e-01
3.964872956275939941e-01
5.159370303153991699e-01
4.223632216453552246e-01
5.331187844276428223e-01
4.042549729347229004e-01
4.782517254352569580e-01
4.846556782722473145e-01
3.593380153179168701e-01
3.507754206657409668e-01
4.980796575546264648e-01
4.262575805187225342e-01
4.180650115013122559e-01
3.718664646148681641e-01
3.886505365371704102e-01
4.188016057014465332e-01
4.128064513206481934e-01
4.588949680328369141e-01
4.025143384933471680e-01
3.984402120113372803e-01
4.172230660915374756e-01
4.233340024948120117e-01
4.291752874851226807e-01
4.063652157783508301e-01
4.727358222007751465e-01
4.269870519638061523e-01
3.386706709861755371e-01
3.944839239120483398e-01
3.483117222785949707e-01
3.507592678070068359e-01
4.904702901840209961e-01
3.633499741554260254e-01
3.580302894115447998e-01
4.724189043045043945e-01
4.278398156166076660e-01
3.853796124458312988e-01
3.395251333713531494e-01
3.233718276023864746e-01
3.591451644897460938e-01
4.223517179489135742e-01
3.910685181617736816e-01
4.558463394641876221e-01
3.691143989562988281e-01
4.301691055297851562e-01
4.488368928432464600e-01
3.973399996757507324e-01
4.407781362533569336e-01
4.373530447483062744e-01
4.722590446472167969e-01
4.603428244590759277e-01
3.775708675384521484e-01
3.904823064804077148e-01
4.317352175712585449e-01
4.043540656566619873e-01
4.053568840026855469e-01
4.107753634452819824e-01
3.426225185394287109e-01
4.016912579536437988e-01
3.568163514137268066e-01
4.005787968635559082e-01
3.983768224716186523e-01
4.027573466300964355e-01
4.294632077217102051e-01
3.213483691215515137e-01
3.326896131038665771e-01
3.638320565223693848e-01
3.461852967739105225e-01
4.438068568706512451e-01
3.797343671321868896e-01
4.521717131137847900e-01
4.061576426029205322e-01
3.845959305763244629e-01
3.540995419025421143e-01
4.813278317451477051e-01
4.143104553222656250e-01
3.930458128452301025e-01
3.962158262729644775e-01
4.273790121078491211e-01
3.849831223487854004e-01
4.677772521972656250e-01
4.627939462661743164e-01
5.106509923934936523e-01
3.868311047554016113e-01
4.748552739620208740e-01
4.278887510299682617e-01
4.161072671413421631e-01
3.881748616695404053e-01
3.704662919044494629e-01
5.063130259513854980e-01
3.870009183883666992e-01
4.360657632350921631e-01
3.543952405452728271e-01
3.774207234382629395e-01
4.719757437705993652e-01
4.131087660789489746e-01
4.343533515930175781e-01
5.125606060028076172e-01
4.055342078208923340e-01
4.615808427333831787e-01
4.107272326946258545e-01
4.102592468261718750e-01
3.334869742393493652e-01
4.165336489677429199e-01
3.221798837184906006e-01
4.656772613525390625e-01
4.894536733627319336e-01
4.541584849357604980e-01
3.222243785858154297e-01
3.757126629352569580e-01
4.384331107139587402e-01
4.414105713367462158e-01
4.257423877716064453e-01
4.018077552318572998e-01
4.548877477645874023e-01
4.676734507083892822e-01
5.338925719261169434e-01
4.550949931144714355e-01
4.471943378448486328e-01
4.454889297485351562e-01
3.277253508567810059e-01
3.777005970478057861e-01
4.424036741256713867e-01
3.886043429374694824e-01
4.490299820899963379e-01
3.718403577804565430e-01
3.643703758716583252e-01
3.533181250095367432e-01
4.615582227706909180e-01
3.608677685260772705e-01
4.212009906768798828e-01
4.490556120872497559e-01
3.669937849044799805e-01
4.555999040603637695e-01
3.620772361755371094e-01
4.416117668151855469e-01
5.469245910644531250e-01
4.368379414081573486e-01
4.221468567848205566e-01
3.943533599376678467e-01
4.239256680011749268e-01
4.121527671813964844e-01
3.086465299129486084e-01
4.527882635593414307e-01
4.079974889755249023e-01
4.271405637264251709e-01
4.541074931621551514e-01
3.030639290809631348e-01
4.427817463874816895e-01
3.844860196113586426e-01
4.637785553932189941e-01
3.542492389678955078e-01
4.026023149490356445e-01
4.089798331260681152e-01
3.601684272289276123e-01
5.019965171813964844e-01
4.039611816406250000e-01
4.709820151329040527e-01
4.948578476905822754e-01
5.160186290740966797e-01
4.074305891990661621e-01
4.023666977882385254e-01
4.667605757713317871e-01
4.109438657760620117e-01
4.647770524024963379e-01
4.363878965377807617e-01
5.152319669723510742e-01
3.353377878665924072e-01
4.191879332065582275e-01
3.924602270126342773e-01
4.494119882583618164e-01
3.840000033378601074e-01
3.941982388496398926e-01
3.659132719039916992e-01
4.437161684036254883e-01
4.394178390502929688e-01
4.660646319389343262e-01
4.782942235469818115e-01
4.879889488220214844e-01
5.687404870986938477e-01
4.130046367645263672e-01
3.904626369476318359e-01
4.447022676467895508e-01
3.405016660690307617e-01
4.110146760940551758e-01
5.625996589660644531e-01
4.448666572570800781e-01
3.157067298889160156e-01
4.368351697921752930e-01
3.824490904808044434e-01
4.223965406417846680e-01
3.712429404258728027e-01
4.121781587600708008e-01
4.549061059951782227e-01
3.887855410575866699e-01
3.551235795021057129e-01
4.494058191776275635e-01
4.636500477790832520e-01
4.469831585884094238e-01
4.669943749904632568e-01
4.292329549789428711e-01
5.162525177001953125e-01
4.448708891868591309e-01
4.052451252937316895e-01
3.891930282115936279e-01
5.431330204010009766e-01
4.344560503959655762e-01
4.507991671562194824e-01
4.441727399826049805e-01
4.364670217037200928e-01
4.962483346462249756e-01
4.758509993553161621e-01
4.964960515499114990e-01
4.454114437103271484e-01
4.479102194309234619e-01
3.747157156467437744e-01
4.601217508316040039e-01
4.331339001655578613e-01
4.345552921295166016e-01
4.184603393077850342e-01
4.830328226089477539e-01
5.160945653915405273e-01
3.874251246452331543e-01
4.077072739601135254e-01
4.940648078918457031e-01
3.824054300785064697e-01
3.546301424503326416e-01
4.430693387985229492e-01
4.451140165328979492e-01
4.281339049339294434e-01
4.620707929134368896e-01
4.504850208759307861e-01
4.528381228446960449e-01
4.240406155586242676e-01
3.513858914375305176e-01
4.248972833156585693e-01
4.349468052387237549e-01
4.698429703712463379e-01
4.493577182292938232e-01
4.990128278732299805e-01
4.461432993412017822e-01
3.703631758689880371e-01
4.282236695289611816e-01
4.267252683639526367e-01
5.394999980926513672e-01
3.387700915336608887e-01
4.632977843284606934e-01
5.301034450531005859e-01
4.994943439960479736e-01
4.692787826061248779e-01
4.130656123161315918e-01
4.246352910995483398e-01
3.542812466621398926e-01
3.633805513381958008e-01
3.842560052871704102e-01
4.357998669147491455e-01
3.615988194942474365e-01
4.768812358379364014e-01
4.305742979049682617e-01
3.950855731964111328e-01
4.162174463272094727e-01
4.438086152076721191e-01
4.723649621009826660e-01
4.359614253044128418e-01
4.712288975715637207e-01
3.542349338531494141e-01
4.265626072883605957e-01
4.069454669952392578e-01
3.428841233253479004e-01
4.176954030990600586e-01
5.073348879814147949e-01
4.448258578777313232e-01
4.310327768325805664e-01
3.651678860187530518e-01
4.163597822189331055e-01
3.677059710025787354e-01
4.241762459278106689e-01
3.775763213634490967e-01
5.374563932418823242e-01
4.098612666130065918e-01
5.057908296585083008e-01
5.276125669479370117e-01
4.443633854389190674e-01
4.266633093357086182e-01
4.267610013484954834e-01
3.719905614852905273e-01
3.867055773735046387e-01
3.848973214626312256e-01
3.917481303215026855e-01
3.728692531585693359e-01
3.819219470024108887e-01
3.527807593345642090e-01
3.735743165016174316e-01
3.865962326526641846e-01
3.540134131908416748e-01
3.934417665004730225e-01
3.898881077766418457e-01
3.424501717090606689e-01
3.377116918563842773e-01
3.885005414485931396e-01
4.340772330760955811e-01
3.999573290348052979e-01
3.756835758686065674e-01
3.374111652374267578e-01
4.412909746170043945e-01
3.096820116043090820e-01
4.975041449069976807e-01
3.497151434421539307e-01
3.362796604633331299e-01
3.835467100143432617e-01
3.462779223918914795e-01
4.635893702507019043e-01
3.702403306961059570e-01
3.470659852027893066e-01
4.275414645671844482e-01
3.575151562690734863e-01
3.400377035140991211e-01
3.222543001174926758e-01
4.532264471054077148e-01
3.422570824623107910e-01
3.620819151401519775e-01
3.472208380699157715e-01
3.253170549869537354e-01
4.403781890869140625e-01
4.155356585979461670e-01
3.861387372016906738e-01
3.876291513442993164e-01
3.315526247024536133e-01
4.471091926097869873e-01
4.134637117385864258e-01
4.254565834999084473e-01
4.131698012351989746e-01
3.751430511474609375e-01
3.571811318397521973e-01
3.875810503959655762e-01
3.703873455524444580e-01
3.921110332012176514e-01
3.792915940284729004e-01
4.460654258728027344e-01
3.992370367050170898e-01
3.776064515113830566e-01
3.220212459564208984e-01
3.225471377372741699e-01
3.955876827239990234e-01
4.074001312255859375e-01
3.768484890460968018e-01
5.363561511039733887e-01
4.500676989555358887e-01
3.919152617454528809e-01
4.013028740882873535e-01
4.197605252265930176e-01
3.381034433841705322e-01
4.061768949031829834e-01
3.791677653789520264e-01
3.953933119773864746e-01
3.833177089691162109e-01
3.438113033771514893e-01
3.533035218715667725e-01
3.360789716243743896e-01
4.090655446052551270e-01
3.167681694030761719e-01
2.928383946418762207e-01
4.252329468727111816e-01
3.421452641487121582e-01
3.782109022140502930e-01
3.309015035629272461e-01
3.321943283081054688e-01
3.655604422092437744e-01
3.918864727020263672e-01
4.257770478725433350e-01
4.267772436141967773e-01
4.046369194984436035e-01
3.549408912658691406e-01
3.309081792831420898e-01
4.071793556213378906e-01
4.130036830902099609e-01
4.784606397151947021e-01
4.177154004573822021e-01
3.874021172523498535e-01
3.587567210197448730e-01
3.418408632278442383e-01
4.519302845001220703e-01
3.925444781780242920e-01
3.937919139862060547e-01
3.815582990646362305e-01
4.102384448051452637e-01
3.488842844963073730e-01
4.318162202835083008e-01
4.185133576393127441e-01
5.066251754760742188e-01
3.661865293979644775e-01
4.287852346897125244e-01
3.842637836933135986e-01
3.989267945289611816e-01
4.460309743881225586e-01
3.910620808601379395e-01
4.825632274150848389e-01
3.713655471801757812e-01
4.333647489547729492e-01
4.517925977706909180e-01
3.401769399642944336e-01
3.167798519134521484e-01
3.357458710670471191e-01
3.558169007301330566e-01
4.662617444992065430e-01
3.753716051578521729e-01
3.761689066886901855e-01
4.368743002414703369e-01
4.191939532756805420e-01
4.030637145042419434e-01
4.549330770969390869e-01
3.732173740863800049e-01
4.065975844860076904e-01
4.503181576728820801e-01
3.959025740623474121e-01
4.879554808139801025e-01
3.722780346870422363e-01
3.835336565971374512e-01
4.531942903995513916e-01
3.826168775558471680e-01
4.764274954795837402e-01
4.678020477294921875e-01
4.214653670787811279e-01
4.165264070034027100e-01
3.871994316577911377e-01
3.264211416244506836e-01
4.583142995834350586e-01
3.137214779853820801e-01
4.625836908817291260e-01
4.782430827617645264e-01
4.002881050109863281e-01
3.574380278587341309e-01
4.741667807102203369e-01
4.409878849983215332e-01
4.166785180568695068e-01
5.184428691864013672e-01
4.019345641136169434e-01
3.432645797729492188e-01
3.627001941204071045e-01
4.268632233142852783e-01
2.836127877235412598e-01
3.978497982025146484e-01
3.551063835620880127e-01
4.557529687881469727e-01
4.067284464836120605e-01
4.550859928131103516e-01
4.136321544647216797e-01
4.475497901439666748e-01
3.294060230255126953e-01
4.087747037410736084e-01
3.978383243083953857e-01
4.630275070667266846e-01
4.019109308719635010e-01
3.732376694679260254e-01
4.483342766761779785e-01
3.574109077453613281e-01
4.184023141860961914e-01
4.860418736934661865e-01
4.755690097808837891e-01
3.560161292552947998e-01
4.865089654922485352e-01
4.239019751548767090e-01
3.763482570648193359e-01
4.202677011489868164e-01
4.350473880767822266e-01
4.044539630413055420e-01
4.467726945877075195e-01
4.151045680046081543e-01
3.795259296894073486e-01
3.748730421066284180e-01
3.686431050300598145e-01
3.755874633789062500e-01
4.319984912872314453e-01
3.427658677101135254e-01
4.474468231201171875e-01
4.815542101860046387e-01
3.861978054046630859e-01
3.810736238956451416e-01
3.809636235237121582e-01
4.016672968864440918e-01
4.298485517501831055e-01
3.521090745925903320e-01
4.894543886184692383e-01
3.709462881088256836e-01
3.447334766387939453e-01
3.977825641632080078e-01
4.669021070003509521e-01
3.512465059757232666e-01
4.390406012535095215e-01
4.761866927146911621e-01
4.083136320114135742e-01
4.516584873199462891e-01
4.598184525966644287e-01
3.855870068073272705e-01
3.696469962596893311e-01
5.492455959320068359e-01
3.917816281318664551e-01
4.247979223728179932e-01
3.397330045700073242e-01
3.652875423431396484e-01
5.095939040184020996e-01
4.555442333221435547e-01
4.285690784454345703e-01
4.909440875053405762e-01
3.778865337371826172e-01
4.751695990562438965e-01
4.246167540550231934e-01
4.228956699371337891e-01
4.798421263694763184e-01
3.784132003784179688e-01
3.627471327781677246e-01
4.547282159328460693e-01
2.981091141700744629e-01
4.635344445705413818e-01
4.670406579971313477e-01
3.842655420303344727e-01
4.442287981510162354e-01
4.221844077110290527e-01
3.772945404052734375e-01
5.342780351638793945e-01
3.941656947135925293e-01
4.328354597091674805e-01
3.267213106155395508e-01
4.016276895999908447e-01
3.941816687583923340e-01
4.392525553703308105e-01
4.607239365577697754e-01
4.703982472419738770e-01
4.253814220428466797e-01
2.966350913047790527e-01
4.609400033950805664e-01
4.101990461349487305e-01
3.774514794349670410e-01
3.528339266777038574e-01
4.366396665573120117e-01
3.714799880981445312e-01
4.452992677688598633e-01
4.244380593299865723e-01
4.613741636276245117e-01
5.781126022338867188e-01
5.002604126930236816e-01
3.996785283088684082e-01
4.653919041156768799e-01
4.244856238365173340e-01
4.442447125911712646e-01
4.395854473114013672e-01
3.783602118492126465e-01
4.809896945953369141e-01
4.399660825729370117e-01
4.014427065849304199e-01
3.558077812194824219e-01
4.417711794376373291e-01
4.279077649116516113e-01
4.110454618930816650e-01
3.646847009658813477e-01
4.142369925975799561e-01
4.984039962291717529e-01
4.776296615600585938e-01
4.002780914306640625e-01
4.343466758728027344e-01
4.318407773971557617e-01
4.384390711784362793e-01
4.060904383659362793e-01
4.286708235740661621e-01
4.358429908752441406e-01
3.795043230056762695e-01
4.419272840023040771e-01
3.930405378341674805e-01
3.816050291061401367e-01
4.690699875354766846e-01
4.375674724578857422e-01
3.669577538967132568e-01
4.021843671798706055e-01
3.794537186622619629e-01
5.145189166069030762e-01
4.408927559852600098e-01
4.195242822170257568e-01
4.582554101943969727e-01
3.858307003974914551e-01
4.116929471492767334e-01
4.083159863948822021e-01
3.845633864402770996e-01
4.064311087131500244e-01
4.807711243629455566e-01
4.742698967456817627e-01
4.250707328319549561e-01
3.968918621540069580e-01
4.424669742584228516e-01
4.054887890815734863e-01
3.802179396152496338e-01
3.974879086017608643e-01
3.781298696994781494e-01
3.980922698974609375e-01
4.018043279647827148e-01
3.953168392181396484e-01
4.352169036865234375e-01
3.714269995689392090e-01
3.610022366046905518e-01
5.151166915893554688e-01
4.606252014636993408e-01
4.512519836425781250e-01
5.817921161651611328e-01
4.712413251399993896e-01
4.034689068794250488e-01
4.068947136402130127e-01
3.985666930675506592e-01
3.787904977798461914e-01
3.819109499454498291e-01
4.389134049415588379e-01
4.544765949249267578e-01
4.404972493648529053e-01
3.970073461532592773e-01
6.142539381980895996e-01
3.619118332862854004e-01
3.781225085258483887e-01
3.493068218231201172e-01
5.019248127937316895e-01
4.145044982433319092e-01
4.124232530593872070e-01
3.890198171138763428e-01
4.727004766464233398e-01
4.551574587821960449e-01
3.528640270233154297e-01
4.697113931179046631e-01
3.353585004806518555e-01
4.106975793838500977e-01
4.646381735801696777e-01
3.650706410408020020e-01
3.990887701511383057e-01
4.283695220947265625e-01
4.201928377151489258e-01
3.745432496070861816e-01
3.724686503410339355e-01
4.244892001152038574e-01
4.230457246303558350e-01
4.526049494743347168e-01
5.931679010391235352e-01
4.977384209632873535e-01
4.130963087081909180e-01
3.593622148036956787e-01
4.088454842567443848e-01
4.055209159851074219e-01
4.571582674980163574e-01
2.974641621112823486e-01
4.391704201698303223e-01
3.017629086971282959e-01
3.294898867607116699e-01
4.300279319286346436e-01
3.557821214199066162e-01
4.263405799865722656e-01
3.759804666042327881e-01
3.491487205028533936e-01
3.209812641143798828e-01
3.960889577865600586e-01
3.705556988716125488e-01
2.872536778450012207e-01
4.284836649894714355e-01
3.694575428962707520e-01
3.964801430702209473e-01
3.393708467483520508e-01
3.868587911128997803e-01
3.570861220359802246e-01
3.664326071739196777e-01
3.290231525897979736e-01
3.320113122463226318e-01
4.200282096862792969e-01
4.075092077255249023e-01
3.538407385349273682e-01
3.575281500816345215e-01
3.961557745933532715e-01
3.306381106376647949e-01
3.619095683097839355e-01
3.121659457683563232e-01
3.813402652740478516e-01
4.052304029464721680e-01
3.906570076942443848e-01
3.551024794578552246e-01
3.886096179485321045e-01
4.784913957118988037e-01
4.460844993591308594e-01
4.273139834403991699e-01
2.989938855171203613e-01
3.470981717109680176e-01
3.471593856811523438e-01
4.185746610164642334e-01
3.930279612541198730e-01
4.198051691055297852e-01
4.509209096431732178e-01
3.180893063545227051e-01
5.021122694015502930e-01
3.212946355342864990e-01
4.377120733261108398e-01
3.644341826438903809e-01
3.205459415912628174e-01
3.543249964714050293e-01
3.749511837959289551e-01
4.380680620670318604e-01
3.310418725013732910e-01
3.680847287178039551e-01
4.728043377399444580e-01
3.333286643028259277e-01
4.460424184799194336e-01
3.631865680217742920e-01
3.873876929283142090e-01
3.123281896114349365e-01
4.019676744937896729e-01
4.537367224693298340e-01
4.560405015945434570e-01
4.186730682849884033e-01
3.975418210029602051e-01
3.688945472240447998e-01
3.957416415214538574e-01
3.414197564125061035e-01
4.031979441642761230e-01
4.537699818611145020e-01
4.453600645065307617e-01
3.554959893226623535e-01
3.284396529197692871e-01
3.577923476696014404e-01
4.690805673599243164e-01
3.504956066608428955e-01
3.651756644248962402e-01
3.582122325897216797e-01
4.890155196189880371e-01
4.191968739032745361e-01
3.938949108123779297e-01
5.548096895217895508e-01
3.809084296226501465e-01
2.957872748374938965e-01
3.495548367500305176e-01
4.087237119674682617e-01
4.546874761581420898e-01
4.484741985797882080e-01
4.637782573699951172e-01
4.264645576477050781e-01
3.367202877998352051e-01
4.192416667938232422e-01
3.789635896682739258e-01
3.438924551010131836e-01
3.263455927371978760e-01
3.789675235748291016e-01
4.092541038990020752e-01
3.961746096611022949e-01
4.111267924308776855e-01
4.500009715557098389e-01
4.275479316711425781e-01
3.819483220577239990e-01
4.551039040088653564e-01
4.078222513198852539e-01
4.389040470123291016e-01
3.713111579418182373e-01
3.136023283004760742e-01
3.374294638633728027e-01
4.184036254882812500e-01
3.287045359611511230e-01
4.368841648101806641e-01
3.116922974586486816e-01
3.394233584403991699e-01
3.718772828578948975e-01
3.196769058704376221e-01
3.393337726593017578e-01
3.850982189178466797e-01
3.196861743927001953e-01
4.152713716030120850e-01
4.659003913402557373e-01
4.531594216823577881e-01
3.670008480548858643e-01
3.516725897789001465e-01
3.731094598770141602e-01
4.735357165336608887e-01
3.919142484664916992e-01
5.239060521125793457e-01
4.175898432731628418e-01
3.655281364917755127e-01
3.898897171020507812e-01
4.202541410923004150e-01
5.030404329299926758e-01
3.504469990730285645e-01
3.483475446701049805e-01
3.780775070190429688e-01
4.208410084247589111e-01
3.105456233024597168e-01
3.873329460620880127e-01
4.340896010398864746e-01
3.547439575195312500e-01
3.972349166870117188e-01
4.168920516967773438e-01
4.064216613769531250e-01
4.261693954467773438e-01
4.008585810661315918e-01
4.009574949741363525e-01
4.287577271461486816e-01
4.336993694305419922e-01
3.529811799526214600e-01
3.430739343166351318e-01
3.715243935585021973e-01
3.471052050590515137e-01
4.412973523139953613e-01
4.268018007278442383e-01
5.009378790855407715e-01
4.673125743865966797e-01
3.424246311187744141e-01
4.299307465553283691e-01
4.228658378124237061e-01
3.747858405113220215e-01
4.500479698181152344e-01
4.057145714759826660e-01
3.967491984367370605e-01
3.616611361503601074e-01
4.254333376884460449e-01
3.268948495388031006e-01
3.502543568611145020e-01
3.349350392818450928e-01
4.067342281341552734e-01
3.513470888137817383e-01
3.260871171951293945e-01
3.311178982257843018e-01
2.992864251136779785e-01
4.974472522735595703e-01
4.548760652542114258e-01
3.369882106781005859e-01
3.233436346054077148e-01
4.304045140743255615e-01
3.296670317649841309e-01
3.890589773654937744e-01
4.245861470699310303e-01
4.582110643386840820e-01
4.135940074920654297e-01
3.913507461547851562e-01
3.325126171112060547e-01
4.209526181221008301e-01
3.578682541847229004e-01
4.079287648200988770e-01
3.211784958839416504e-01
5.571208000183105469e-01
4.177334606647491455e-01
3.511853218078613281e-01
3.590857386589050293e-01
4.298331141471862793e-01
3.887606859207153320e-01
4.053800106048583984e-01
3.542853593826293945e-01
3.801382780075073242e-01
4.493327736854553223e-01
3.450745642185211182e-01
3.842435479164123535e-01
4.677425026893615723e-01
4.116156101226806641e-01
4.104483723640441895e-01
3.633048832416534424e-01
3.819344937801361084e-01
3.499780297279357910e-01
3.639549612998962402e-01
3.724675178527832031e-01
3.473847806453704834e-01
3.956385850906372070e-01
3.372818827629089355e-01
4.243142604827880859e-01
3.252504169940948486e-01
3.911651372909545898e-01
4.122987687587738037e-01
4.339493215084075928e-01
3.896451592445373535e-01
3.572161197662353516e-01
4.234603047370910645e-01
4.014795422554016113e-01
3.604800701141357422e-01
4.659339785575866699e-01
4.736726880073547363e-01
4.553102850914001465e-01
4.127824902534484863e-01
4.575241208076477051e-01
4.874212145805358887e-01
4.761933982372283936e-01
3.688092827796936035e-01
3.609840273857116699e-01
4.345708787441253662e-01
3.583902716636657715e-01
4.601199924945831299e-01
4.467197656631469727e-01
3.988524675369262695e-01
4.336705207824707031e-01
4.105566143989562988e-01
4.007947444915771484e-01
4.054156243801116943e-01
3.251430690288543701e-01
4.761221408843994141e-01
3.825566768646240234e-01
4.668345749378204346e-01
3.970470428466796875e-01
4.908880591392517090e-01
4.441783428192138672e-01
3.187894821166992188e-01
4.618658125400543213e-01
5.123029947280883789e-01
4.201574325561523438e-01
3.535400032997131348e-01
4.306074380874633789e-01
3.099611997604370117e-01
3.793976902961730957e-01
3.324583172798156738e-01
3.698146939277648926e-01
4.683045744895935059e-01
3.276754617691040039e-01
4.135766029357910156e-01
4.396789669990539551e-01
4.465017318725585938e-01
4.280919432640075684e-01
4.584643542766571045e-01
3.768116831779479980e-01
3.905066549777984619e-01
3.591774702072143555e-01
3.412517309188842773e-01
4.135189354419708252e-01
4.199786186218261719e-01
4.272640347480773926e-01
4.259054064750671387e-01
3.208963871002197266e-01
4.468960762023925781e-01
3.573560416698455811e-01
4.021289348602294922e-01
3.647295832633972168e-01
4.026240110397338867e-01
4.594365656375885010e-01
4.909934997558593750e-01
4.781181514263153076e-01
3.604746460914611816e-01
5.049859881401062012e-01
3.280615806579589844e-01
4.015690684318542480e-01
4.287886917591094971e-01
4.067733287811279297e-01
4.313206076622009277e-01
4.445706307888031006e-01
4.276286363601684570e-01
5.308003425598144531e-01
3.773536682128906250e-01
4.005559682846069336e-01
4.024626016616821289e-01
3.828376233577728271e-01
3.476226329803466797e-01
4.308751821517944336e-01
4.417523145675659180e-01
3.901080787181854248e-01
3.558936715126037598e-01
3.344779014587402344e-01
3.814733326435089111e-01
3.830518722534179688e-01
4.440026879310607910e-01
3.850771486759185791e-01
4.264288544654846191e-01
4.838564693927764893e-01
2.823424339294433594e-01
3.428784012794494629e-01
4.200231432914733887e-01
4.397817254066467285e-01
4.616871476173400879e-01
3.726665973663330078e-01
3.271721303462982178e-01
4.010868370532989502e-01
4.438481926918029785e-01
4.330769181251525879e-01
4.472143054008483887e-01
3.905966877937316895e-01
4.761725664138793945e-01
3.691697418689727783e-01
3.598805665969848633e-01
3.860194683074951172e-01
4.985443651676177979e-01
4.561800360679626465e-01
3.884085416793823242e-01
3.777720928192138672e-01
4.316059350967407227e-01
4.301399588584899902e-01
4.984656274318695068e-01
3.940961956977844238e-01
4.963214397430419922e-01
3.340508341789245605e-01
4.154115021228790283e-01
3.755669593811035156e-01
3.135981261730194092e-01
3.490078449249267578e-01
4.183693826198577881e-01
4.315481781959533691e-01
3.830945491790771484e-01
3.929284811019897461e-01
4.482448101043701172e-01
3.469035625457763672e-01
4.512261450290679932e-01
3.930860161781311035e-01
4.664576053619384766e-01
4.042106568813323975e-01
3.702281713485717773e-01
3.987180590629577637e-01
3.283804655075073242e-01
4.928836524486541748e-01
4.109910130500793457e-01
3.764381706714630127e-01
5.558583736419677734e-01
3.876791596412658691e-01
3.542029261589050293e-01
3.278156518936157227e-01
3.384645283222198486e-01
3.644853234291076660e-01
3.169683218002319336e-01
3.451039791107177734e-01
3.221606314182281494e-01
2.930581271648406982e-01
3.059194386005401611e-01
4.089122414588928223e-01
2.446316480636596680e-01
2.987888753414154053e-01
4.194255769252777100e-01
3.816268742084503174e-01
3.478870987892150879e-01
3.131079971790313721e-01
3.232339322566986084e-01
3.354754745960235596e-01
3.393579721450805664e-01
4.084337651729583740e-01
3.376975655555725098e-01
3.654030263423919678e-01
3.169650435447692871e-01
3.625786006450653076e-01
2.965509593486785889e-01
3.601600825786590576e-01
4.304457008838653564e-01
3.913242816925048828e-01
3.502793014049530029e-01
3.312691450119018555e-01
3.626229763031005859e-01
3.968197703361511230e-01
3.352184295654296875e-01
3.463876545429229736e-01
3.187151551246643066e-01
4.325717389583587646e-01
3.366644084453582764e-01
3.880225419998168945e-01
3.386104106903076172e-01
3.442935943603515625e-01
3.798739016056060791e-01
3.575091660022735596e-01
2.689791321754455566e-01
2.592187523841857910e-01
4.400591254234313965e-01
3.734289407730102539e-01
3.910978436470031738e-01
3.560237288475036621e-01
3.754025101661682129e-01
3.761121034622192383e-01
4.039121270179748535e-01
4.017278254032135010e-01
3.737104535102844238e-01
3.599631786346435547e-01
3.212717473506927490e-01
3.776929974555969238e-01
3.381378054618835449e-01
3.915907442569732666e-01
3.588095307350158691e-01
3.420991599559783936e-01
4.536227583885192871e-01
3.382676243782043457e-01
3.789446353912353516e-01
3.289008438587188721e-01
2.805868983268737793e-01
4.663417041301727295e-01
3.387651443481445312e-01
4.073823690414428711e-01
3.905885815620422363e-01
3.073767125606536865e-01
3.631142377853393555e-01
3.266780972480773926e-01
3.197440505027770996e-01
4.026618301868438721e-01
2.778743207454681396e-01
4.249933958053588867e-01
3.455291986465454102e-01
3.092856109142303467e-01
2.992601394653320312e-01
3.068032562732696533e-01
3.279989361763000488e-01
3.090255260467529297e-01
4.060512185096740723e-01
3.635376095771789551e-01
3.945261836051940918e-01
3.665755093097686768e-01
3.707982897758483887e-01
3.807983994483947754e-01
4.111892580986022949e-01
3.484924733638763428e-01
4.583919942378997803e-01
3.408695459365844727e-01
3.137236237525939941e-01
3.956292271614074707e-01
4.316318035125732422e-01
4.209588170051574707e-01
3.551447093486785889e-01
3.761591613292694092e-01
3.135212659835815430e-01
5.190216302871704102e-01
3.396412134170532227e-01
3.774542510509490967e-01
3.960795402526855469e-01
4.063247442245483398e-01
3.824098408222198486e-01
4.677655100822448730e-01
3.408611416816711426e-01
3.495991826057434082e-01
3.184930086135864258e-01
3.899970948696136475e-01
3.764540553092956543e-01
3.647119402885437012e-01
3.728146553039550781e-01
3.871793746948242188e-01
3.253102898597717285e-01
4.035133719444274902e-01
3.819313049316406250e-01
2.903057336807250977e-01
3.872604072093963623e-01
3.890745937824249268e-01
4.313604533672332764e-01
3.931451141834259033e-01
3.201796412467956543e-01
2.960184216499328613e-01
3.747797608375549316e-01
4.415864348411560059e-01
3.883491754531860352e-01
3.624761998653411865e-01
4.186661243438720703e-01
4.131948351860046387e-01
3.801047801971435547e-01
3.364298045635223389e-01
3.326403796672821045e-01
4.076076149940490723e-01
4.374880790710449219e-01
4.019451141357421875e-01
3.553632497787475586e-01
4.471408128738403320e-01
3.765985071659088135e-01
3.277957439422607422e-01
4.209181964397430420e-01
3.430975675582885742e-01
3.334406614303588867e-01
3.332858681678771973e-01
3.650978505611419678e-01
3.318117856979370117e-01
4.612283706665039062e-01
4.456881284713745117e-01
3.895356059074401855e-01
3.314164280891418457e-01
3.879316449165344238e-01
4.185103774070739746e-01
4.568385481834411621e-01
3.318399190902709961e-01
3.203729987144470215e-01
4.294183850288391113e-01
3.817243278026580811e-01
3.716388344764709473e-01
3.327607512474060059e-01
3.071826696395874023e-01
3.331186175346374512e-01
4.386808276176452637e-01
4.384446740150451660e-01
3.850887417793273926e-01
3.948509693145751953e-01
3.726602792739868164e-01
3.932924270629882812e-01
4.241631627082824707e-01
4.207713603973388672e-01
3.674435019493103027e-01
4.290369749069213867e-01
3.988182842731475830e-01
4.794121980667114258e-01
3.366140127182006836e-01
4.176776409149169922e-01
4.160949587821960449e-01
3.310044705867767334e-01
3.844113349914550781e-01
3.805648684501647949e-01
3.260632455348968506e-01
3.094985485076904297e-01
3.921093642711639404e-01
4.197041392326354980e-01
4.079400300979614258e-01
3.775400519371032715e-01
3.300411105155944824e-01
3.800880312919616699e-01
3.266583085060119629e-01
3.333740830421447754e-01
3.564449250698089600e-01
3.237947225570678711e-01
3.754594326019287109e-01
4.406155943870544434e-01
4.333113729953765869e-01
3.761085271835327148e-01
3.764196634292602539e-01
4.582484364509582520e-01
3.337039947509765625e-01
3.283407092094421387e-01
3.430039584636688232e-01
3.847903013229370117e-01
4.149093627929687500e-01
3.544076979160308838e-01
4.091655910015106201e-01
3.918956518173217773e-01
3.561266362667083740e-01
3.616262674331665039e-01
4.125331044197082520e-01
3.674812912940979004e-01
4.093747437000274658e-01
4.158874452114105225e-01
4.260873794555664062e-01
4.056196808815002441e-01
4.232144355773925781e-01
3.902228474617004395e-01
3.877673149108886719e-01
4.089058637619018555e-01
4.076824188232421875e-01
3.639968037605285645e-01
3.863343894481658936e-01
4.382989406585693359e-01
4.196250140666961670e-01
3.967764079570770264e-01
3.592669963836669922e-01
3.468171954154968262e-01
3.827439546585083008e-01
3.655692338943481445e-01
4.954453110694885254e-01
3.741679787635803223e-01
3.036611080169677734e-01
4.357022345066070557e-01
3.621018826961517334e-01
3.705797791481018066e-01
4.101403355598449707e-01
3.997364044189453125e-01
3.800753951072692871e-01
4.482427239418029785e-01
4.393088221549987793e-01
4.750511646270751953e-01
4.271133542060852051e-01
4.134204089641571045e-01
4.437962174415588379e-01
3.786025643348693848e-01
3.521623313426971436e-01
4.224211871623992920e-01
3.527758717536926270e-01
4.317585229873657227e-01
4.737395644187927246e-01
3.712271153926849365e-01
3.513371348381042480e-01
4.109593033790588379e-01
3.437914848327636719e-01
4.974325001239776611e-01
3.850788772106170654e-01
4.804657995700836182e-01
3.791710734367370605e-01
4.504463076591491699e-01
3.809053897857666016e-01
4.150931239128112793e-01
3.590852916240692139e-01
3.628079295158386230e-01
3.274158835411071777e-01
3.851015567779541016e-01
4.471449255943298340e-01
3.512292206287384033e-01
4.656152725219726562e-01
3.244077265262603760e-01
3.181541562080383301e-01
3.505222797393798828e-01
4.541246891021728516e-01
3.562921881675720215e-01
3.983879685401916504e-01
3.863434791564941406e-01
4.542999565601348877e-01
3.594523370265960693e-01
3.538343310356140137e-01
3.963893055915832520e-01
4.513423442840576172e-01
3.844854831695556641e-01
4.609185457229614258e-01
3.802627325057983398e-01
4.272835850715637207e-01
4.654744863510131836e-01
4.801302552223205566e-01
4.745218753814697266e-01
4.265139997005462646e-01
3.613340258598327637e-01
3.438727855682373047e-01
3.886203765869140625e-01
3.748148083686828613e-01
4.255556464195251465e-01
4.108454585075378418e-01
3.418830037117004395e-01
4.196649789810180664e-01
3.655859231948852539e-01
4.431928396224975586e-01
3.962012231349945068e-01
4.097864329814910889e-01
3.280410170555114746e-01
4.038978219032287598e-01
3.294007480144500732e-01
4.108946025371551514e-01
3.795855045318603516e-01
3.670489192008972168e-01
4.530464112758636475e-01
4.865699708461761475e-01
5.156596302986145020e-01
4.051272571086883545e-01
4.308171868324279785e-01
5.303564071655273438e-01
3.712792098522186279e-01
3.599162697792053223e-01
3.627175986766815186e-01
3.849731385707855225e-01
4.441670477390289307e-01
3.887215256690979004e-01
4.167605340480804443e-01
4.217379391193389893e-01
3.950046896934509277e-01
4.113312661647796631e-01
4.382759928703308105e-01
4.024850130081176758e-01
3.209952116012573242e-01
3.578086197376251221e-01
3.937580883502960205e-01
3.660656809806823730e-01
3.816952109336853027e-01
4.688400030136108398e-01
4.357342422008514404e-01
4.475285708904266357e-01
3.313361108303070068e-01
3.135332465171813965e-01
3.622810542583465576e-01
3.654651641845703125e-01
4.111706018447875977e-01
4.321612119674682617e-01
5.097279548645019531e-01
4.967271983623504639e-01
3.510717749595642090e-01
4.033244252204895020e-01
3.946106433868408203e-01
4.455100297927856445e-01
4.141559302806854248e-01
4.002141356468200684e-01
4.072152972221374512e-01
5.190105438232421875e-01
3.554931879043579102e-01
2.810184359550476074e-01
4.619269967079162598e-01
4.920074045658111572e-01
4.298557639122009277e-01
3.713943958282470703e-01
3.913002908229827881e-01
3.461084365844726562e-01
3.578013181686401367e-01
3.684142529964447021e-01
3.561009168624877930e-01
3.839873671531677246e-01
3.240919411182403564e-01
3.519113659858703613e-01
4.143983721733093262e-01
3.169601559638977051e-01
3.369403481483459473e-01
4.172967672348022461e-01
3.867561817169189453e-01
3.264327645301818848e-01
3.517119884490966797e-01
3.355023264884948730e-01
3.933234810829162598e-01
2.541654109954833984e-01
4.166027009487152100e-01
2.464948892593383789e-01
2.816338539123535156e-01
2.661908268928527832e-01
3.603165745735168457e-01
3.914324045181274414e-01
3.569558262825012207e-01
3.711647391319274902e-01
3.060393929481506348e-01
3.247462511062622070e-01
3.344858884811401367e-01
3.268601298332214355e-01
2.831377983093261719e-01
3.277336955070495605e-01
3.417291045188903809e-01
3.548660874366760254e-01
3.188843429088592529e-01
3.258208632469177246e-01
3.965263962745666504e-01
3.428459465503692627e-01
2.934391498565673828e-01
3.645099997520446777e-01
3.238724470138549805e-01
3.198724389076232910e-01
4.188675284385681152e-01
3.855123817920684814e-01
2.874035239219665527e-01
3.765317797660827637e-01
3.974189758300781250e-01
4.215748310089111328e-01
3.509128689765930176e-01
3.123940229415893555e-01
3.377766609191894531e-01
3.590308129787445068e-01
3.055614829063415527e-01
4.045382440090179443e-01
3.104393482208251953e-01
3.212685883045196533e-01
3.374110460281372070e-01
4.707548618316650391e-01
4.424092471599578857e-01
3.364531993865966797e-01
3.483043313026428223e-01
3.459153175354003906e-01
3.343834578990936279e-01
3.957110643386840820e-01
3.153942823410034180e-01
3.457729220390319824e-01
3.035986423492431641e-01
3.831274509429931641e-01
3.332217931747436523e-01
3.254057466983795166e-01
3.741994798183441162e-01
3.461093306541442871e-01
3.306291401386260986e-01
4.151452779769897461e-01
3.139317035675048828e-01
3.932332098484039307e-01
3.706744909286499023e-01
4.007222950458526611e-01
3.820438385009765625e-01
3.766261935234069824e-01
3.592700064182281494e-01
3.451823294162750244e-01
3.459797203540802002e-01
3.343133926391601562e-01
3.771844506263732910e-01
2.618238925933837891e-01
3.687940239906311035e-01
3.626032471656799316e-01
3.440705537796020508e-01
4.288019537925720215e-01
3.846294879913330078e-01
3.692519664764404297e-01
3.136278688907623291e-01
3.247804045677185059e-01
3.672829270362854004e-01
3.420098423957824707e-01
3.015117645263671875e-01
3.602147102355957031e-01
3.750003278255462646e-01
4.133191108703613281e-01
3.749888241291046143e-01
2.854211330413818359e-01
3.708260655403137207e-01
3.898788392543792725e-01
3.546138703823089600e-01
3.130178451538085938e-01
3.001194894313812256e-01
3.327432870864868164e-01
4.197294712066650391e-01
3.290266394615173340e-01
3.580177724361419678e-01
3.656469285488128662e-01
3.744950294494628906e-01
3.025405108928680420e-01
4.004445075988769531e-01
4.377165436744689941e-01
3.554322123527526855e-01
3.068493008613586426e-01
4.488475620746612549e-01
3.494481444358825684e-01
3.841287493705749512e-01
3.184329867362976074e-01
3.907971680164337158e-01
4.102017283439636230e-01
3.925498127937316895e-01
3.627146780490875244e-01
3.484057188034057617e-01
3.965288400650024414e-01
3.797972202301025391e-01
3.037571609020233154e-01
3.717754483222961426e-01
4.558564126491546631e-01
3.706465959548950195e-01
3.313648104667663574e-01
3.946887254714965820e-01
3.412761092185974121e-01
3.519961535930633545e-01
3.853044509887695312e-01
3.766030371189117432e-01
3.290340006351470947e-01
3.722805976867675781e-01
3.068686127662658691e-01
4.580677747726440430e-01
4.068411588668823242e-01
4.213026762008666992e-01
2.910782992839813232e-01
4.046443700790405273e-01
3.328201770782470703e-01
3.332760632038116455e-01
3.303074836730957031e-01
3.974524438381195068e-01
3.356617689132690430e-01
3.293500542640686035e-01
4.283365905284881592e-01
3.816289007663726807e-01
4.047691822052001953e-01
3.552445173263549805e-01
3.512561023235321045e-01
3.263531923294067383e-01
3.669737577438354492e-01
3.370069861412048340e-01
3.435729742050170898e-01
3.950308561325073242e-01
4.147804975509643555e-01
3.977454304695129395e-01
3.793612122535705566e-01
2.822475433349609375e-01
3.286953270435333252e-01
3.481273055076599121e-01
4.034713506698608398e-01
3.785694241523742676e-01
3.448700904846191406e-01
3.812490701675415039e-01
3.886471390724182129e-01
3.180381357669830322e-01
3.340700268745422363e-01
3.686874806880950928e-01
3.378821015357971191e-01
4.787460863590240479e-01
4.115380942821502686e-01
4.274910092353820801e-01
4.281252026557922363e-01
4.364851415157318115e-01
3.021274209022521973e-01
3.238784074783325195e-01
3.930413126945495605e-01
3.178070187568664551e-01
3.979237973690032959e-01
3.936117887496948242e-01
4.036842882633209229e-01
4.392122030258178711e-01
3.206882774829864502e-01
3.635840117931365967e-01
3.386093378067016602e-01
2.733501791954040527e-01
4.359278082847595215e-01
3.222646713256835938e-01
3.197986483573913574e-01
3.392820954322814941e-01
4.098897576332092285e-01
3.956449031829833984e-01
3.730772137641906738e-01
3.763861060142517090e-01
3.420727550983428955e-01
3.354823589324951172e-01
3.942059278488159180e-01
3.175562620162963867e-01
3.544116020202636719e-01
4.206684827804565430e-01
3.677015602588653564e-01
3.953313231468200684e-01
3.603721559047698975e-01
5.025733113288879395e-01
4.036189317703247070e-01
4.486485123634338379e-01
3.596090078353881836e-01
3.988157510757446289e-01
4.490749239921569824e-01
3.213229477405548096e-01
4.024261832237243652e-01
3.878513574600219727e-01
3.488560020923614502e-01
3.164627552032470703e-01
3.976929187774658203e-01
3.631952404975891113e-01
3.756388425827026367e-01
2.953518629074096680e-01
4.212404191493988037e-01
3.206679522991180420e-01
4.408047795295715332e-01
3.688567578792572021e-01
3.889827132225036621e-01
3.218665122985839844e-01
3.552402555942535400e-01
3.587456345558166504e-01
3.857878446578979492e-01
3.490822315216064453e-01
3.877918422222137451e-01
4.382541179656982422e-01
3.754649460315704346e-01
3.336105048656463623e-01
2.719314098358154297e-01
3.430676460266113281e-01
3.347780108451843262e-01
2.644010782241821289e-01
3.807993829250335693e-01
3.780860006809234619e-01
4.188004136085510254e-01
4.145368337631225586e-01
3.704831004142761230e-01
3.308645188808441162e-01
2.839013934135437012e-01
3.435394465923309326e-01
4.351777434349060059e-01
4.597541689872741699e-01
3.961078226566314697e-01
3.500729799270629883e-01
3.127937018871307373e-01
3.737491369247436523e-01
3.820097446441650391e-01
4.521874189376831055e-01
3.583591580390930176e-01
4.041225910186767578e-01
4.966263175010681152e-01
4.084346592426300049e-01
3.283415436744689941e-01
3.830448985099792480e-01
4.324286282062530518e-01
3.569836616516113281e-01
3.512344360351562500e-01
4.056672751903533936e-01
3.716843724250793457e-01
3.365739583969116211e-01
3.902913331985473633e-01
4.353116750717163086e-01
3.815058469772338867e-01
3.802094459533691406e-01
4.375172853469848633e-01
3.530227541923522949e-01
3.758963048458099365e-01
3.887818455696105957e-01
4.295898079872131348e-01
4.076703190803527832e-01
4.022454023361206055e-01
4.004600942134857178e-01
3.774175643920898438e-01
3.767361640930175781e-01
3.723561167716979980e-01
3.486271202564239502e-01
5.052232146263122559e-01
4.527469277381896973e-01
3.437309861183166504e-01
4.909147620201110840e-01
4.454608857631683350e-01
3.449717760086059570e-01
3.608574271202087402e-01
4.546141922473907471e-01
3.373696208000183105e-01
4.897952973842620850e-01
3.901807665824890137e-01
4.186783432960510254e-01
3.834468126296997070e-01
3.523654043674468994e-01
3.539260625839233398e-01
4.156103730201721191e-01
3.966571986675262451e-01
3.623350858688354492e-01
4.608057737350463867e-01
3.887468576431274414e-01
4.443038105964660645e-01
3.477841019630432129e-01
3.948143720626831055e-01
3.356901705265045166e-01
4.096395373344421387e-01
3.509081304073333740e-01
3.954686224460601807e-01
4.038017690181732178e-01
3.787473440170288086e-01
4.218490123748779297e-01
3.955931067466735840e-01
3.595651090145111084e-01
4.032133817672729492e-01
4.520308375358581543e-01
4.343461394309997559e-01
3.863923549652099609e-01
4.140462875366210938e-01
3.697368502616882324e-01
4.423144459724426270e-01
3.446843028068542480e-01
3.705875575542449951e-01
3.410294055938720703e-01
3.353973329067230225e-01
4.049520492553710938e-01
3.806557059288024902e-01
3.779542744159698486e-01
4.459298253059387207e-01
4.480802118778228760e-01
3.265914916992187500e-01
3.646001219749450684e-01
3.744092881679534912e-01
3.534940481185913086e-01
4.395211338996887207e-01
3.656270802021026611e-01
4.516249895095825195e-01
3.610643148422241211e-01
3.709991574287414551e-01
3.413830995559692383e-01
3.428124189376831055e-01
4.754628837108612061e-01
4.576291441917419434e-01
3.071498274803161621e-01
4.725886285305023193e-01
4.292736649513244629e-01
3.532713055610656738e-01
4.786109626293182373e-01
3.662024736404418945e-01
4.072526097297668457e-01
3.308631181716918945e-01
4.139342308044433594e-01
4.497340023517608643e-01
3.049714565277099609e-01
3.899720311164855957e-01
3.401552438735961914e-01
3.418059945106506348e-01
2.942472696304321289e-01
3.527582287788391113e-01
3.351549506187438965e-01
3.880985975265502930e-01
3.290179371833801270e-01
3.352071642875671387e-01
3.032425045967102051e-01
3.548569083213806152e-01
3.792676329612731934e-01
3.004182279109954834e-01
2.915315032005310059e-01
3.157421350479125977e-01
3.381212949752807617e-01
3.126839399337768555e-01
3.229853808879852295e-01
2.811993062496185303e-01
3.818156421184539795e-01
2.672163844108581543e-01
2.852709591388702393e-01
3.771844506263732910e-01
3.357742428779602051e-01
3.926965594291687012e-01
4.433186650276184082e-01
3.772882819175720215e-01
3.103355765342712402e-01
3.366827964782714844e-01
3.554488420486450195e-01
4.470686316490173340e-01
3.676975965499877930e-01
3.833396732807159424e-01
2.717991471290588379e-01
3.464518189430236816e-01
2.949192225933074951e-01
3.074956536293029785e-01
3.061529994010925293e-01
3.889203667640686035e-01
3.566304445266723633e-01
3.796118795871734619e-01
3.342496454715728760e-01
3.724621534347534180e-01
3.860205709934234619e-01
4.135321974754333496e-01
3.818880319595336914e-01
3.250854015350341797e-01
2.920973300933837891e-01
3.242538273334503174e-01
2.808868587017059326e-01
2.721187472343444824e-01
3.444795608520507812e-01
2.889176607131958008e-01
3.126223981380462646e-01
3.155962824821472168e-01
3.152894079685211182e-01
2.949070632457733154e-01
2.644174993038177490e-01
3.396108746528625488e-01
2.757378220558166504e-01
2.836571335792541504e-01
3.718301355838775635e-01
3.101894557476043701e-01
3.704466819763183594e-01
2.792246043682098389e-01
3.363643288612365723e-01
3.136340379714965820e-01
3.888869285583496094e-01
3.950202167034149170e-01
3.107978105545043945e-01
2.782236337661743164e-01
4.135878682136535645e-01
3.399263620376586914e-01
3.472550511360168457e-01
4.328931570053100586e-01
3.956698775291442871e-01
3.677707910537719727e-01
3.434481620788574219e-01
3.342104554176330566e-01
3.684163093566894531e-01
3.070333600044250488e-01
2.790954113006591797e-01
4.229468107223510742e-01
3.164119720458984375e-01
3.849461972713470459e-01
3.902672231197357178e-01
3.210429549217224121e-01
2.930805087089538574e-01
3.474808335304260254e-01
3.317699730396270752e-01
3.333902955055236816e-01
3.310515284538269043e-01
3.212398886680603027e-01
3.881188333034515381e-01
3.096365332603454590e-01
3.309713602066040039e-01
3.493033051490783691e-01
4.518505036830902100e-01
3.349003493785858154e-01
3.724948465824127197e-01
3.425451219081878662e-01
3.394465148448944092e-01
3.044505119323730469e-01
2.803332805633544922e-01
2.935588359832763672e-01
3.251630067825317383e-01
3.763858079910278320e-01
3.783604800701141357e-01
3.092465996742248535e-01
3.593164384365081787e-01
2.847254276275634766e-01
3.723353743553161621e-01
3.436903953552246094e-01
3.548570275306701660e-01
3.557837307453155518e-01
4.018453359603881836e-01
3.873094320297241211e-01
4.049611091613769531e-01
3.565821349620819092e-01
2.817642092704772949e-01
3.708889484405517578e-01
2.863588333129882812e-01
3.122931122779846191e-01
3.703838884830474854e-01
3.449973762035369873e-01
3.517115116119384766e-01
2.553636133670806885e-01
3.482620716094970703e-01
3.763035237789154053e-01
3.533284962177276611e-01
3.465601205825805664e-01
4.056243002414703369e-01
3.998704850673675537e-01
2.776686847209930420e-01
3.678558766841888428e-01
3.712861239910125732e-01
3.568688929080963135e-01
3.736729919910430908e-01
2.979032993316650391e-01
4.120513796806335449e-01
3.077414035797119141e-01
3.655365705490112305e-01
3.901355266571044922e-01
4.057901203632354736e-01
3.163814842700958252e-01
3.846315145492553711e-01
3.441070616245269775e-01
3.313593268394470215e-01
3.908933699131011963e-01
4.294493198394775391e-01
3.486916422843933105e-01
3.164583444595336914e-01
3.695642948150634766e-01
3.229690492153167725e-01
3.263918757438659668e-01
3.515142202377319336e-01
4.066582024097442627e-01
3.867167830467224121e-01
3.597533106803894043e-01
3.486076593399047852e-01
3.555364012718200684e-01
3.483287692070007324e-01
3.335630893707275391e-01
3.972016274929046631e-01
3.955371379852294922e-01
3.587321043014526367e-01
3.321192264556884766e-01
3.901072740554809570e-01
4.075261354446411133e-01
4.290708303451538086e-01
3.482909202575683594e-01
4.369601607322692871e-01
3.824519515037536621e-01
3.662638068199157715e-01
3.532564043998718262e-01
3.287138044834136963e-01
3.870644271373748779e-01
3.714541196823120117e-01
3.222864866256713867e-01
3.940071463584899902e-01
3.696505427360534668e-01
4.284214377403259277e-01
3.210211992263793945e-01
4.852065443992614746e-01
4.341204762458801270e-01
3.190776705741882324e-01
3.670598566532135010e-01
4.270936250686645508e-01
4.383998811244964600e-01
3.790896236896514893e-01
3.525257706642150879e-01
3.127619028091430664e-01
3.173261284828186035e-01
3.241645395755767822e-01
3.587942719459533691e-01
3.498388528823852539e-01
3.216488361358642578e-01
3.222521245479583740e-01
3.725698888301849365e-01
3.787448704242706299e-01
3.512085676193237305e-01
3.416361808776855469e-01
3.987880945205688477e-01
2.976222634315490723e-01
3.932038843631744385e-01
3.516569137573242188e-01
3.341015875339508057e-01
4.147834181785583496e-01
3.818976283073425293e-01
4.327714145183563232e-01
4.543992280960083008e-01
3.158376216888427734e-01
3.406213223934173584e-01
3.568781018257141113e-01
4.064590632915496826e-01
3.565018177032470703e-01
3.555707931518554688e-01
4.004682004451751709e-01
2.841119468212127686e-01
3.349848389625549316e-01
3.628295660018920898e-01
4.258294105529785156e-01
3.213989138603210449e-01
3.414760828018188477e-01
3.282866775989532471e-01
3.838944137096405029e-01
4.309667944908142090e-01
4.461315274238586426e-01
3.098993599414825439e-01
4.058214426040649414e-01
3.613443374633789062e-01
3.303778767585754395e-01
4.292957186698913574e-01
3.584716916084289551e-01
3.604240715503692627e-01
3.240220248699188232e-01
3.329365253448486328e-01
3.475410044193267822e-01
3.765729069709777832e-01
3.816874623298645020e-01
3.894440531730651855e-01
3.789070844650268555e-01
4.090453386306762695e-01
4.025081992149353027e-01
4.413790106773376465e-01
3.959372639656066895e-01
3.846137523651123047e-01
3.344868123531341553e-01
3.819232583045959473e-01
3.322426378726959229e-01
3.340206742286682129e-01
3.477512896060943604e-01
4.138664603233337402e-01
3.565692305564880371e-01
3.249832093715667725e-01
2.866625189781188965e-01
3.411646485328674316e-01
3.288934826850891113e-01
4.098115563392639160e-01
3.699873387813568115e-01
3.825240135192871094e-01
3.835401535034179688e-01
3.584288358688354492e-01
3.832558393478393555e-01
4.131446778774261475e-01
3.472170531749725342e-01
3.388226330280303955e-01
3.854786753654479980e-01
4.308311939239501953e-01
3.147958517074584961e-01
4.822975695133209229e-01
3.629528284072875977e-01
4.299311637878417969e-01
3.898995518684387207e-01
3.668936192989349365e-01
3.491023182868957520e-01
4.334230124950408936e-01
3.066738247871398926e-01
3.148119449615478516e-01
3.278604149818420410e-01
3.862932026386260986e-01
4.029467701911926270e-01
3.356624841690063477e-01
3.067056536674499512e-01
3.955830037593841553e-01
3.801732063293457031e-01
4.138632416725158691e-01
3.772616088390350342e-01
4.369409978389739990e-01
3.648485541343688965e-01
3.147737681865692139e-01
3.275964260101318359e-01
3.676521778106689453e-01
3.771166503429412842e-01
3.447833061218261719e-01
3.608877062797546387e-01
4.522697627544403076e-01
3.711446523666381836e-01
3.270431160926818848e-01
3.598265647888183594e-01
4.987537860870361328e-01
3.739182949066162109e-01
2.978184819221496582e-01
3.583531975746154785e-01
4.462076425552368164e-01
4.385084211826324463e-01
3.098976612091064453e-01
3.286174535751342773e-01
4.261958599090576172e-01
4.192681908607482910e-01
3.892058730125427246e-01
4.287865757942199707e-01
3.585122823715209961e-01
3.037849664688110352e-01
3.346984386444091797e-01
4.124273061752319336e-01
3.866266608238220215e-01
3.651893138885498047e-01
4.146609306335449219e-01
3.620060682296752930e-01
3.922133445739746094e-01
3.981480598449707031e-01
3.664308786392211914e-01
3.448040783405303955e-01
3.710525035858154297e-01
3.311291635036468506e-01
4.538060426712036133e-01
2.874647676944732666e-01
3.873778879642486572e-01
4.350468814373016357e-01
3.578215837478637695e-01
2.918952703475952148e-01
4.374709129333496094e-01
3.740914463996887207e-01
4.303723275661468506e-01
4.013817906379699707e-01
3.515934348106384277e-01
4.384371042251586914e-01
3.808281421661376953e-01
3.964359760284423828e-01
3.820379972457885742e-01
4.028890430927276611e-01
4.136854112148284912e-01
4.321073889732360840e-01
3.856842219829559326e-01
3.875064849853515625e-01
4.438093304634094238e-01
3.110480904579162598e-01
3.727161884307861328e-01
3.654109239578247070e-01
3.137720227241516113e-01
