1.428823280334472656e+01
1.379331207275390625e+01
1.343174362182617188e+01
1.431498050689697266e+01
1.375362396240234375e+01
1.332480430603027344e+01
1.362584400177001953e+01
1.323718833923339844e+01
1.339991855621337891e+01
1.302312469482421875e+01
1.274568939208984375e+01
1.217164325714111328e+01
1.301675033569335938e+01
1.182624626159667969e+01
1.170235443115234375e+01
1.212134170532226562e+01
1.215319633483886719e+01
1.113336944580078125e+01
1.085099983215332031e+01
1.102122306823730469e+01
1.032179832458496094e+01
9.230781555175781250e+00
1.004321670532226562e+01
9.766853332519531250e+00
8.553867340087890625e+00
8.474084854125976562e+00
7.199834823608398438e+00
6.451766967773437500e+00
5.952853202819824219e+00
5.773760795593261719e+00
5.039017200469970703e+00
4.672811508178710938e+00
4.231728553771972656e+00
3.764705181121826172e+00
2.738358020782470703e+00
2.792473316192626953e+00
2.616588592529296875e+00
2.130814075469970703e+00
1.817858934402465820e+00
1.362708091735839844e+00
1.543777227401733398e+00
1.797737479209899902e+00
1.541478157043457031e+00
1.606783390045166016e+00
2.215542554855346680e+00
1.654716849327087402e+00
2.195369243621826172e+00
2.216896772384643555e+00
2.249559879302978516e+00
1.926272749900817871e+00
1.597798585891723633e+00
1.412138700485229492e+00
1.440942168235778809e+00
1.343975186347961426e+00
1.472256660461425781e+00
1.041257619857788086e+00
1.153986930847167969e+00
1.385624647140502930e+00
1.218911647796630859e+00
1.305077672004699707e+00
1.254156827926635742e+00
1.094112873077392578e+00
1.281901836395263672e+00
1.420721888542175293e+00
1.177209854125976562e+00
1.164681434631347656e+00
1.310306310653686523e+00
1.335088253021240234e+00
1.228051066398620605e+00
1.190006852149963379e+00
1.120487570762634277e+00
1.090851426124572754e+00
1.097196102142333984e+00
1.171483874320983887e+00
1.040803909301757812e+00
1.169701337814331055e+00
1.075683116912841797e+00
1.120290517807006836e+00
1.199535131454467773e+00
9.905439615249633789e-01
1.037667989730834961e+00
1.193055987358093262e+00
1.013938426971435547e+00
9.531812071800231934e-01
1.039481759071350098e+00
1.123464703559875488e+00
1.252430438995361328e+00
1.039467096328735352e+00
9.690035581588745117e-01
8.566213250160217285e-01
8.556169867515563965e-01
9.364107847213745117e-01
1.016024589538574219e+00
1.000433444976806641e+00
9.385411739349365234e-01
1.016963243484497070e+00
1.040812730789184570e+00
9.845579266548156738e-01
1.009264230728149414e+00
1.096891403198242188e+00
7.810488343238830566e-01
9.094153046607971191e-01
9.754310846328735352e-01
8.961502313613891602e-01
7.879428267478942871e-01
9.555209875106811523e-01
9.188870787620544434e-01
9.479290246963500977e-01
9.769549965858459473e-01
8.328727483749389648e-01
9.932219982147216797e-01
8.741689324378967285e-01
7.965441942214965820e-01
9.425785541534423828e-01
9.445858001708984375e-01
8.831198215484619141e-01
8.178085088729858398e-01
7.875940203666687012e-01
8.887770771980285645e-01
1.134672880172729492e+00
1.007548213005065918e+00
8.023080825805664062e-01
9.360756278038024902e-01
1.081651926040649414e+00
8.080056905746459961e-01
9.585058689117431641e-01
9.428602457046508789e-01
7.646250724792480469e-01
1.104472279548645020e+00
9.911399483680725098e-01
9.193074107170104980e-01
8.057874441146850586e-01
9.127197861671447754e-01
7.909550666809082031e-01
7.700898647308349609e-01
8.590184450149536133e-01
9.478422403335571289e-01
7.985731363296508789e-01
7.694157361984252930e-01
7.680811882019042969e-01
7.330410480499267578e-01
1.029396891593933105e+00
1.028160095214843750e+00
9.107816815376281738e-01
8.828799724578857422e-01
8.466165065765380859e-01
9.320638775825500488e-01
9.947054386138916016e-01
9.263691306114196777e-01
9.106000065803527832e-01
8.617146015167236328e-01
8.988416194915771484e-01
8.097683191299438477e-01
9.901112318038940430e-01
7.498559951782226562e-01
7.800557017326354980e-01
9.732731580734252930e-01
8.642286062240600586e-01
8.109271526336669922e-01
9.170215129852294922e-01
9.325103759765625000e-01
8.050522804260253906e-01
8.999962806701660156e-01
9.242802858352661133e-01
8.225744962692260742e-01
7.180354595184326172e-01
8.861434459686279297e-01
9.086719751358032227e-01
8.049956560134887695e-01
7.358224391937255859e-01
9.730832576751708984e-01
8.252829313278198242e-01
8.405561447143554688e-01
8.146095871925354004e-01
8.571628332138061523e-01
8.974585533142089844e-01
8.306319713592529297e-01
1.126112222671508789e+00
7.954593896865844727e-01
7.912780642509460449e-01
8.329411745071411133e-01
8.497648239135742188e-01
9.805790185928344727e-01
8.416637182235717773e-01
7.368714809417724609e-01
1.030150890350341797e+00
6.896424889564514160e-01
7.750698328018188477e-01
9.192022085189819336e-01
8.296650648117065430e-01
9.180861711502075195e-01
9.329432249069213867e-01
9.615468382835388184e-01
8.802942037582397461e-01
7.541298866271972656e-01
8.579491376876831055e-01
7.858083248138427734e-01
9.514217376708984375e-01
8.288589715957641602e-01
8.378926515579223633e-01
8.671109676361083984e-01
7.801337838172912598e-01
7.997900247573852539e-01
7.981839179992675781e-01
8.783704638481140137e-01
7.900052070617675781e-01
8.528721332550048828e-01
8.517322540283203125e-01
6.995443701744079590e-01
8.507500886917114258e-01
9.935688376426696777e-01
9.554468989372253418e-01
1.100119352340698242e+00
8.626451492309570312e-01
8.121933937072753906e-01
6.771334409713745117e-01
7.657192945480346680e-01
7.843640446662902832e-01
7.945195436477661133e-01
7.179359197616577148e-01
7.720668315887451172e-01
8.150765895843505859e-01
9.281334877014160156e-01
8.732813596725463867e-01
8.058732748031616211e-01
8.021019697189331055e-01
7.963925004005432129e-01
7.558302879333496094e-01
9.106663465499877930e-01
8.977127075195312500e-01
8.340150713920593262e-01
7.535524368286132812e-01
8.349063992500305176e-01
7.881877422332763672e-01
8.851106762886047363e-01
7.352880239486694336e-01
8.433129787445068359e-01
8.505451083183288574e-01
9.550689458847045898e-01
8.056210279464721680e-01
9.360829591751098633e-01
6.448535919189453125e-01
9.506779909133911133e-01
7.459924221038818359e-01
8.885070681571960449e-01
1.002955913543701172e+00
8.238404989242553711e-01
8.947646617889404297e-01
9.350028038024902344e-01
9.871177673339843750e-01
8.252143263816833496e-01
8.729211688041687012e-01
8.063898682594299316e-01
8.670640587806701660e-01
8.043363094329833984e-01
9.866648912429809570e-01
8.174563646316528320e-01
8.356829881668090820e-01
9.481388330459594727e-01
8.545225858688354492e-01
7.977781295776367188e-01
7.005406618118286133e-01
9.405558109283447266e-01
8.928566575050354004e-01
7.679270505905151367e-01
8.811277747154235840e-01
7.866166830062866211e-01
8.754959702491760254e-01
8.116410374641418457e-01
6.315971016883850098e-01
9.467056989669799805e-01
9.780349135398864746e-01
7.770696878433227539e-01
1.039547324180603027e+00
9.604155421257019043e-01
9.397398829460144043e-01
9.451525211334228516e-01
9.375411272048950195e-01
6.859645247459411621e-01
8.482683897018432617e-01
8.158302307128906250e-01
7.487300634384155273e-01
8.623467087745666504e-01
7.637107372283935547e-01
7.670578956604003906e-01
8.685991764068603516e-01
6.696374416351318359e-01
7.726955413818359375e-01
9.032334089279174805e-01
8.988972902297973633e-01
7.379407882690429688e-01
8.704437017440795898e-01
8.007710576057434082e-01
7.237515449523925781e-01
8.755663633346557617e-01
8.494470119476318359e-01
8.825696706771850586e-01
8.610955476760864258e-01
7.428930997848510742e-01
9.339709281921386719e-01
7.102800607681274414e-01
7.385671138763427734e-01
8.355416059494018555e-01
8.361682891845703125e-01
7.706668972969055176e-01
8.516187667846679688e-01
9.656563997268676758e-01
8.865521550178527832e-01
9.128742218017578125e-01
7.172593474388122559e-01
7.335975170135498047e-01
7.318664789199829102e-01
8.007254600524902344e-01
1.015809893608093262e+00
7.099277377128601074e-01
8.020961284637451172e-01
7.881926894187927246e-01
8.573213219642639160e-01
8.147718906402587891e-01
8.475623130798339844e-01
8.943291306495666504e-01
9.951514005661010742e-01
8.813670873641967773e-01
8.699780702590942383e-01
8.060683012008666992e-01
6.585526466369628906e-01
7.393206954002380371e-01
6.947892904281616211e-01
8.736370801925659180e-01
8.629222512245178223e-01
8.998939990997314453e-01
8.928424119949340820e-01
9.241170883178710938e-01
7.412929534912109375e-01
8.598737716674804688e-01
8.417251110076904297e-01
7.230072021484375000e-01
7.967451810836791992e-01
7.775964140892028809e-01
7.337350845336914062e-01
7.990779280662536621e-01
7.626214027404785156e-01
7.738754749298095703e-01
7.490574121475219727e-01
8.216758966445922852e-01
7.476646900177001953e-01
7.394992709159851074e-01
9.541191458702087402e-01
7.478694319725036621e-01
7.530229687690734863e-01
7.112895250320434570e-01
7.921329140663146973e-01
9.243491291999816895e-01
6.741384863853454590e-01
7.158658504486083984e-01
8.014085292816162109e-01
7.182127237319946289e-01
8.030225634574890137e-01
8.503425717353820801e-01
8.761268854141235352e-01
5.863481760025024414e-01
5.989021062850952148e-01
7.476524114608764648e-01
8.495323657989501953e-01
7.817664146423339844e-01
6.951780915260314941e-01
6.384155750274658203e-01
6.745905876159667969e-01
6.595438718795776367e-01
8.303475379943847656e-01
9.448027610778808594e-01
5.645766258239746094e-01
8.022602796554565430e-01
5.984227061271667480e-01
9.027340412139892578e-01
7.608135938644409180e-01
7.957979440689086914e-01
7.467560172080993652e-01
7.411066293716430664e-01
8.027094602584838867e-01
6.535353660583496094e-01
9.713615179061889648e-01
7.345142960548400879e-01
8.186650872230529785e-01
6.790575981140136719e-01
6.085998415946960449e-01
7.975100278854370117e-01
7.218953371047973633e-01
7.406377792358398438e-01
6.452366113662719727e-01
7.002989053726196289e-01
6.274577975273132324e-01
7.021719813346862793e-01
6.839423179626464844e-01
6.056776046752929688e-01
6.705250740051269531e-01
7.009302377700805664e-01
7.578245401382446289e-01
6.940429210662841797e-01
6.895531415939331055e-01
7.598671913146972656e-01
7.246461510658264160e-01
7.428019046783447266e-01
8.082320690155029297e-01
7.706310153007507324e-01
7.634339332580566406e-01
5.579005479812622070e-01
8.984155654907226562e-01
7.445960044860839844e-01
9.402791261672973633e-01
8.444579243659973145e-01
7.671563625335693359e-01
7.753359079360961914e-01
8.119274377822875977e-01
7.759196758270263672e-01
6.952279210090637207e-01
8.744974732398986816e-01
7.293282747268676758e-01
6.793351769447326660e-01
6.862117052078247070e-01
7.906025648117065430e-01
7.843136191368103027e-01
7.546912431716918945e-01
6.920537948608398438e-01
7.818511128425598145e-01
7.542384862899780273e-01
7.194591760635375977e-01
7.468850612640380859e-01
8.942594528198242188e-01
7.554391622543334961e-01
6.639134287834167480e-01
8.887051939964294434e-01
6.738481521606445312e-01
6.860972642898559570e-01
6.289676427841186523e-01
8.833494186401367188e-01
6.710457205772399902e-01
7.192658185958862305e-01
7.806808948516845703e-01
6.899409890174865723e-01
5.821999311447143555e-01
8.335545063018798828e-01
7.703369855880737305e-01
7.994801998138427734e-01
8.581762909889221191e-01
6.911822557449340820e-01
7.596921920776367188e-01
8.669252395629882812e-01
8.271889686584472656e-01
6.580765247344970703e-01
7.354109287261962891e-01
8.713175058364868164e-01
7.352235317230224609e-01
8.089051842689514160e-01
8.599667549133300781e-01
7.693383693695068359e-01
7.501723170280456543e-01
7.352322936058044434e-01
8.896960020065307617e-01
7.184386253356933594e-01
8.399685621261596680e-01
7.807344198226928711e-01
7.192432284355163574e-01
7.499589920043945312e-01
7.793723344802856445e-01
7.357149124145507812e-01
7.423595190048217773e-01
7.686280012130737305e-01
7.256791591644287109e-01
8.595332503318786621e-01
8.489812612533569336e-01
7.868350744247436523e-01
7.733952999114990234e-01
8.249351382255554199e-01
7.028631567955017090e-01
7.841019630432128906e-01
6.429897546768188477e-01
7.930353879928588867e-01
8.367424607276916504e-01
7.001864910125732422e-01
6.931088566780090332e-01
6.274269819259643555e-01
8.246952295303344727e-01
8.515509963035583496e-01
7.272068858146667480e-01
7.069479823112487793e-01
7.821428775787353516e-01
7.927285432815551758e-01
7.241749763488769531e-01
7.770838737487792969e-01
9.443989992141723633e-01
6.779628992080688477e-01
7.614383697509765625e-01
7.574260234832763672e-01
7.388242483139038086e-01
7.048541903495788574e-01
7.611104249954223633e-01
8.159620165824890137e-01
7.218965291976928711e-01
8.161036968231201172e-01
8.936860561370849609e-01
7.448339462280273438e-01
8.565562963485717773e-01
7.515427470207214355e-01
8.081542253494262695e-01
8.140788078308105469e-01
6.762409806251525879e-01
8.866150379180908203e-01
7.233743667602539062e-01
8.201832771301269531e-01
8.088018298149108887e-01
7.914692759513854980e-01
6.760738492012023926e-01
7.566696405410766602e-01
7.980479598045349121e-01
6.904010772705078125e-01
6.944054365158081055e-01
7.298569679260253906e-01
8.138027191162109375e-01
6.941207647323608398e-01
6.995177268981933594e-01
7.505489587783813477e-01
7.341480255126953125e-01
7.324222922325134277e-01
7.158389687538146973e-01
8.882399201393127441e-01
8.244746923446655273e-01
7.074031829833984375e-01
8.925232887268066406e-01
6.341609358787536621e-01
7.410790920257568359e-01
7.536582350730895996e-01
7.661632895469665527e-01
6.140473484992980957e-01
8.596510887145996094e-01
7.238799929618835449e-01
7.690593004226684570e-01
6.063898205757141113e-01
5.871518254280090332e-01
8.334218263626098633e-01
8.359804153442382812e-01
8.405025601387023926e-01
9.394087791442871094e-01
7.977670431137084961e-01
7.828958034515380859e-01
7.344871163368225098e-01
6.585616469383239746e-01
7.713823914527893066e-01
7.533603906631469727e-01
7.938094139099121094e-01
6.714375615119934082e-01
7.554759979248046875e-01
8.020287752151489258e-01
8.912875652313232422e-01
6.865933537483215332e-01
6.744937300682067871e-01
7.202597856521606445e-01
8.514492511749267578e-01
7.148486375808715820e-01
7.252066731452941895e-01
9.163170456886291504e-01
7.162491083145141602e-01
7.704171538352966309e-01
7.217285037040710449e-01
7.525874376296997070e-01
6.709233522415161133e-01
7.473896741867065430e-01
7.815799713134765625e-01
6.783826947212219238e-01
7.719014883041381836e-01
6.416597366333007812e-01
7.731539607048034668e-01
8.419816493988037109e-01
6.292802691459655762e-01
8.840622305870056152e-01
7.207543849945068359e-01
6.688910126686096191e-01
6.534600853919982910e-01
7.729005217552185059e-01
8.143714070320129395e-01
8.203812837600708008e-01
8.220424056053161621e-01
6.936841607093811035e-01
6.698827743530273438e-01
6.988807320594787598e-01
7.635118365287780762e-01
6.878124475479125977e-01
7.912774682044982910e-01
6.121698617935180664e-01
8.412536382675170898e-01
7.109126448631286621e-01
7.422672510147094727e-01
7.068368196487426758e-01
9.002232551574707031e-01
7.240210771560668945e-01
7.938316464424133301e-01
7.560260891914367676e-01
8.219597935676574707e-01
6.469388604164123535e-01
7.499033212661743164e-01
8.045727014541625977e-01
6.504630446434020996e-01
7.824075222015380859e-01
7.550967931747436523e-01
7.784998416900634766e-01
9.499914646148681641e-01
8.506330251693725586e-01
7.122735977172851562e-01
8.637367486953735352e-01
7.581413388252258301e-01
8.061577081680297852e-01
8.710869550704956055e-01
6.465938091278076172e-01
8.261353373527526855e-01
8.686997890472412109e-01
7.612993717193603516e-01
8.204437494277954102e-01
8.283904194831848145e-01
7.231364846229553223e-01
6.595909595489501953e-01
7.825330495834350586e-01
6.984817981719970703e-01
8.293555974960327148e-01
7.955052852630615234e-01
8.056018352508544922e-01
7.603346109390258789e-01
7.815743684768676758e-01
7.342655062675476074e-01
7.633721232414245605e-01
7.064393162727355957e-01
8.602844476699829102e-01
6.423792839050292969e-01
7.048382759094238281e-01
6.741513013839721680e-01
8.698178529739379883e-01
7.707377672195434570e-01
7.164921760559082031e-01
8.260113596916198730e-01
8.118119835853576660e-01
7.795536518096923828e-01
8.606013059616088867e-01
6.895852684974670410e-01
7.790560126304626465e-01
7.712776660919189453e-01
7.077392935752868652e-01
8.926668167114257812e-01
7.158490419387817383e-01
8.237384557723999023e-01
6.704786419868469238e-01
7.227004766464233398e-01
7.268712520599365234e-01
7.292296290397644043e-01
6.643410921096801758e-01
6.808255910873413086e-01
8.283663988113403320e-01
7.555118799209594727e-01
8.340214490890502930e-01
9.039196968078613281e-01
6.694152355194091797e-01
7.456138134002685547e-01
8.744380474090576172e-01
7.107617259025573730e-01
8.296688199043273926e-01
8.112107515335083008e-01
8.442440032958984375e-01
7.868188619613647461e-01
6.106021404266357422e-01
7.533201575279235840e-01
7.461325526237487793e-01
9.120999574661254883e-01
8.792794942855834961e-01
9.014834761619567871e-01
8.076276779174804688e-01
8.452211618423461914e-01
6.275634765625000000e-01
7.732417583465576172e-01
9.310946464538574219e-01
8.737716078758239746e-01
7.466089725494384766e-01
7.897219657897949219e-01
7.655972838401794434e-01
7.690404653549194336e-01
6.736676692962646484e-01
8.429586887359619141e-01
7.282879352569580078e-01
7.771473526954650879e-01
7.517874240875244141e-01
6.808171272277832031e-01
7.191990613937377930e-01
8.525303602218627930e-01
7.494343519210815430e-01
7.725986838340759277e-01
7.636240720748901367e-01
7.293937206268310547e-01
8.039571642875671387e-01
8.132683038711547852e-01
6.824535131454467773e-01
7.514085173606872559e-01
7.103219032287597656e-01
7.057107090950012207e-01
7.393152713775634766e-01
6.492762565612792969e-01
8.156201243400573730e-01
8.368517756462097168e-01
8.101501464843750000e-01
7.051976323127746582e-01
8.129998445510864258e-01
8.907397985458374023e-01
7.964585423469543457e-01
7.115856409072875977e-01
6.387231945991516113e-01
7.324016690254211426e-01
5.869330167770385742e-01
7.773863077163696289e-01
7.097278833389282227e-01
6.330772042274475098e-01
6.436209678649902344e-01
6.850081682205200195e-01
7.022457718849182129e-01
6.576499938964843750e-01
7.397007942199707031e-01
7.591390013694763184e-01
8.099989891052246094e-01
6.145615577697753906e-01
7.866632938385009766e-01
6.758955717086791992e-01
7.397438287734985352e-01
6.868500709533691406e-01
6.994811296463012695e-01
7.134234905242919922e-01
6.286466121673583984e-01
8.355798721313476562e-01
8.337523937225341797e-01
7.276747822761535645e-01
6.190845966339111328e-01
7.446613907814025879e-01
8.056878447532653809e-01
6.656036376953125000e-01
7.728139162063598633e-01
6.984643936157226562e-01
7.793451547622680664e-01
7.978487014770507812e-01
5.859722495079040527e-01
6.826947927474975586e-01
5.043641924858093262e-01
6.886199712753295898e-01
6.057841777801513672e-01
5.886057615280151367e-01
5.965789556503295898e-01
7.147217988967895508e-01
7.427436113357543945e-01
5.869697332382202148e-01
6.988506913185119629e-01
7.120258212089538574e-01
6.967799067497253418e-01
6.055205464363098145e-01
7.288396358489990234e-01
7.720841169357299805e-01
7.308434844017028809e-01
8.314965963363647461e-01
6.144982576370239258e-01
6.836941838264465332e-01
6.041938066482543945e-01
6.605156660079956055e-01
7.241667509078979492e-01
6.972576379776000977e-01
6.716832518577575684e-01
8.659520149230957031e-01
7.635114192962646484e-01
7.691234350204467773e-01
7.274833917617797852e-01
6.737158298492431641e-01
6.704161167144775391e-01
7.539192438125610352e-01
6.296212077140808105e-01
7.046428322792053223e-01
7.349894046783447266e-01
6.990568637847900391e-01
6.928591132164001465e-01
6.543369293212890625e-01
7.847970128059387207e-01
6.810646057128906250e-01
5.868004560470581055e-01
6.587741374969482422e-01
6.254749298095703125e-01
7.160305380821228027e-01
7.650377750396728516e-01
7.565214633941650391e-01
7.758031487464904785e-01
7.203985452651977539e-01
7.824963927268981934e-01
6.377367377281188965e-01
5.948553085327148438e-01
8.047915101051330566e-01
9.174500703811645508e-01
7.664436101913452148e-01
6.664518117904663086e-01
8.287864923477172852e-01
7.001616954803466797e-01
5.609621405601501465e-01
8.003947734832763672e-01
7.359750866889953613e-01
7.609605789184570312e-01
7.579170465469360352e-01
7.816336750984191895e-01
8.842571973800659180e-01
6.794260740280151367e-01
7.769917249679565430e-01
6.038217544555664062e-01
7.155733108520507812e-01
6.963080167770385742e-01
7.434062361717224121e-01
5.835778117179870605e-01
6.355328559875488281e-01
7.257202863693237305e-01
7.223415374755859375e-01
7.999711036682128906e-01
8.800457119941711426e-01
7.173445224761962891e-01
7.212657928466796875e-01
8.183924555778503418e-01
6.210240721702575684e-01
9.615753293037414551e-01
7.530090808868408203e-01
7.569216489791870117e-01
7.320815324783325195e-01
8.565525412559509277e-01
8.072309494018554688e-01
6.455461978912353516e-01
6.470965147018432617e-01
7.287943959236145020e-01
6.412700414657592773e-01
6.553552746772766113e-01
6.868786811828613281e-01
6.656041145324707031e-01
6.400860548019409180e-01
7.372393608093261719e-01
5.690567493438720703e-01
7.222354412078857422e-01
7.140449285507202148e-01
8.744365572929382324e-01
8.791602849960327148e-01
6.541469693183898926e-01
7.478883266448974609e-01
8.107681274414062500e-01
6.759420633316040039e-01
7.734526395797729492e-01
7.588318586349487305e-01
7.065806984901428223e-01
7.373484969139099121e-01
8.157497644424438477e-01
7.537760734558105469e-01
7.813842296600341797e-01
5.847189426422119141e-01
6.804999113082885742e-01
6.528514027595520020e-01
6.634601354598999023e-01
6.434212327003479004e-01
8.576457500457763672e-01
7.676244974136352539e-01
8.549093008041381836e-01
7.178698182106018066e-01
8.111460804939270020e-01
7.071771621704101562e-01
6.737414598464965820e-01
7.320039272308349609e-01
8.572528362274169922e-01
6.513080000877380371e-01
6.118443608283996582e-01
7.348434925079345703e-01
7.838572263717651367e-01
6.864672303199768066e-01
5.737225413322448730e-01
8.599793910980224609e-01
7.968940734863281250e-01
7.415632009506225586e-01
8.189785480499267578e-01
8.626991510391235352e-01
7.106534242630004883e-01
7.822942733764648438e-01
5.912474393844604492e-01
7.095656394958496094e-01
7.693301439285278320e-01
8.077853918075561523e-01
6.839143037796020508e-01
9.136118292808532715e-01
7.767150402069091797e-01
8.902311921119689941e-01
7.004306316375732422e-01
6.739108562469482422e-01
6.836181879043579102e-01
6.866596937179565430e-01
6.644455790519714355e-01
7.071123719215393066e-01
6.909657120704650879e-01
7.846038937568664551e-01
7.814668416976928711e-01
8.150195479393005371e-01
7.607700824737548828e-01
6.991780996322631836e-01
7.181311249732971191e-01
7.843734025955200195e-01
6.337774991989135742e-01
8.337159156799316406e-01
7.402032613754272461e-01
7.849970459938049316e-01
8.107804059982299805e-01
6.732651591300964355e-01
7.495900988578796387e-01
6.070458889007568359e-01
6.954952478408813477e-01
7.773882150650024414e-01
7.235329151153564453e-01
7.948430776596069336e-01
7.785043716430664062e-01
7.455719709396362305e-01
8.080117106437683105e-01
6.881501674652099609e-01
6.991187334060668945e-01
7.896311879158020020e-01
6.664280891418457031e-01
7.400399446487426758e-01
7.011121511459350586e-01
7.827762961387634277e-01
6.706808805465698242e-01
5.732992887496948242e-01
7.055481672286987305e-01
7.382749915122985840e-01
7.289299368858337402e-01
7.658589482307434082e-01
6.555156707763671875e-01
7.650372982025146484e-01
6.685488224029541016e-01
6.605334877967834473e-01
6.690429449081420898e-01
7.526147961616516113e-01
6.150473952293395996e-01
6.287128925323486328e-01
6.919127106666564941e-01
7.351215481758117676e-01
7.503062486648559570e-01
6.611604690551757812e-01
7.148505449295043945e-01
8.614692687988281250e-01
5.432169437408447266e-01
7.121258974075317383e-01
7.863250374794006348e-01
7.506233453750610352e-01
6.159617900848388672e-01
6.645676493644714355e-01
7.854268550872802734e-01
7.771363258361816406e-01
6.217396259307861328e-01
7.588608860969543457e-01
5.983950495719909668e-01
7.862677574157714844e-01
7.997896671295166016e-01
6.704528331756591797e-01
8.920684456825256348e-01
8.990572690963745117e-01
7.087828516960144043e-01
8.100425004959106445e-01
6.710543632507324219e-01
6.008551120758056641e-01
6.897977590560913086e-01
6.626285314559936523e-01
6.881902217864990234e-01
8.226524591445922852e-01
6.802316904067993164e-01
7.381879091262817383e-01
6.321617364883422852e-01
6.843738555908203125e-01
7.612188458442687988e-01
7.122812271118164062e-01
9.138751029968261719e-01
7.185302972793579102e-01
6.363974809646606445e-01
8.119656443595886230e-01
8.250298500061035156e-01
6.703862547874450684e-01
8.152283430099487305e-01
8.869141340255737305e-01
6.786479949951171875e-01
7.026754021644592285e-01
6.858239173889160156e-01
7.217686176300048828e-01
8.123107552528381348e-01
7.559893727302551270e-01
8.413705229759216309e-01
7.539970874786376953e-01
8.372088670730590820e-01
6.804040670394897461e-01
7.025293707847595215e-01
8.823481798171997070e-01
6.974983215332031250e-01
6.964745521545410156e-01
6.120934486389160156e-01
7.246448993682861328e-01
6.650396585464477539e-01
6.752993464469909668e-01
6.259554624557495117e-01
7.727038860321044922e-01
6.859267354011535645e-01
6.948438286781311035e-01
6.532977223396301270e-01
6.678596735000610352e-01
8.375682234764099121e-01
7.749693393707275391e-01
5.559389591217041016e-01
8.106852769851684570e-01
8.010289669036865234e-01
7.556667327880859375e-01
9.048565626144409180e-01
7.733365297317504883e-01
6.136297583580017090e-01
7.665684223175048828e-01
5.950517058372497559e-01
6.916720867156982422e-01
7.243892550468444824e-01
7.511277198791503906e-01
6.464468240737915039e-01
5.591124296188354492e-01
9.186937808990478516e-01
6.853959560394287109e-01
6.522629857063293457e-01
8.139373064041137695e-01
7.643079757690429688e-01
6.299027204513549805e-01
6.717571616172790527e-01
6.709862351417541504e-01
8.567727208137512207e-01
6.772774457931518555e-01
6.834352016448974609e-01
7.354465126991271973e-01
6.818429231643676758e-01
6.595605015754699707e-01
8.359111547470092773e-01
7.434330582618713379e-01
8.286926746368408203e-01
7.422587871551513672e-01
6.730591058731079102e-01
8.062034845352172852e-01
6.774770617485046387e-01
8.467454910278320312e-01
8.371356725692749023e-01
7.797954082489013672e-01
7.369662523269653320e-01
6.910291910171508789e-01
8.081278800964355469e-01
7.688194513320922852e-01
7.113864421844482422e-01
7.400497198104858398e-01
8.843199610710144043e-01
7.828361988067626953e-01
7.138612270355224609e-01
8.150249719619750977e-01
6.866472363471984863e-01
7.402518987655639648e-01
7.209254503250122070e-01
7.517361640930175781e-01
7.102677822113037109e-01
6.268467307090759277e-01
8.592038154602050781e-01
7.988579869270324707e-01
8.681776523590087891e-01
7.164506912231445312e-01
7.514061927795410156e-01
7.096364498138427734e-01
7.622909545898437500e-01
7.000769376754760742e-01
7.753304243087768555e-01
4.815856218338012695e-01
6.458864212036132812e-01
6.739675998687744141e-01
6.073830127716064453e-01
7.517855167388916016e-01
6.355773210525512695e-01
8.109676837921142578e-01
7.630167007446289062e-01
5.841715335845947266e-01
6.674011945724487305e-01
7.257606983184814453e-01
7.265572547912597656e-01
5.505741834640502930e-01
7.293897867202758789e-01
7.935981750488281250e-01
7.171940803527832031e-01
6.296807527542114258e-01
6.583086848258972168e-01
5.545768141746520996e-01
6.599748134613037109e-01
6.424245834350585938e-01
6.850111484527587891e-01
7.366479635238647461e-01
6.302311420440673828e-01
6.087477207183837891e-01
7.070879340171813965e-01
6.108516454696655273e-01
5.884618759155273438e-01
7.658499479293823242e-01
6.827033758163452148e-01
6.191027760505676270e-01
8.151128888130187988e-01
5.744906663894653320e-01
6.885071396827697754e-01
7.818995714187622070e-01
8.555502891540527344e-01
6.866604089736938477e-01
6.164602041244506836e-01
5.545470714569091797e-01
6.946973204612731934e-01
6.812083125114440918e-01
6.790351867675781250e-01
6.044976115226745605e-01
5.843929648399353027e-01
6.345221996307373047e-01
7.487891912460327148e-01
5.621376037597656250e-01
6.872205734252929688e-01
7.169525027275085449e-01
5.698375701904296875e-01
7.312697768211364746e-01
5.859850645065307617e-01
6.921625137329101562e-01
6.423710584640502930e-01
8.268300294876098633e-01
8.619547486305236816e-01
7.504131793975830078e-01
6.021276712417602539e-01
6.652118563652038574e-01
6.500258445739746094e-01
6.027268767356872559e-01
6.333971619606018066e-01
6.987050175666809082e-01
7.003830671310424805e-01
6.074033975601196289e-01
6.873379945755004883e-01
7.729908823966979980e-01
7.033392786979675293e-01
6.734359264373779297e-01
7.452399730682373047e-01
7.369580268859863281e-01
7.961010932922363281e-01
6.523693799972534180e-01
7.338963150978088379e-01
7.483094930648803711e-01
5.548089742660522461e-01
7.830578684806823730e-01
7.009503841400146484e-01
7.683877944946289062e-01
6.967018842697143555e-01
6.674976348876953125e-01
6.967140436172485352e-01
7.061384916305541992e-01
6.085715293884277344e-01
7.214462161064147949e-01
6.775259375572204590e-01
6.627599000930786133e-01
5.856795310974121094e-01
6.457850933074951172e-01
7.233383655548095703e-01
7.044435739517211914e-01
7.605272531509399414e-01
7.177052497863769531e-01
7.518447041511535645e-01
6.758463978767395020e-01
8.100707530975341797e-01
5.203408002853393555e-01
6.859248876571655273e-01
7.365781664848327637e-01
7.012637853622436523e-01
7.672393321990966797e-01
6.362406015396118164e-01
5.985417962074279785e-01
7.283186912536621094e-01
7.449924945831298828e-01
5.720772743225097656e-01
7.811608314514160156e-01
6.914327144622802734e-01
7.857875227928161621e-01
6.597864031791687012e-01
6.442875862121582031e-01
7.073380947113037109e-01
7.834048867225646973e-01
6.382691860198974609e-01
7.589055299758911133e-01
7.113066911697387695e-01
6.504742503166198730e-01
6.887630820274353027e-01
5.330923795700073242e-01
6.767425537109375000e-01
6.497704982757568359e-01
6.305454373359680176e-01
6.661931276321411133e-01
7.203320264816284180e-01
7.000654935836791992e-01
7.418050169944763184e-01
7.453017234802246094e-01
4.946666061878204346e-01
6.529303789138793945e-01
6.680868864059448242e-01
7.309664487838745117e-01
7.006077766418457031e-01
7.937712073326110840e-01
6.041601300239562988e-01
6.952753067016601562e-01
6.605967283248901367e-01
7.549638152122497559e-01
7.005766630172729492e-01
7.386747598648071289e-01
6.719251871109008789e-01
7.853503227233886719e-01
7.916092276573181152e-01
5.980567932128906250e-01
8.031953573226928711e-01
7.406693696975708008e-01
7.875909209251403809e-01
6.448570489883422852e-01
7.700734734535217285e-01
5.818893909454345703e-01
5.477265715599060059e-01
6.293956041336059570e-01
6.443455219268798828e-01
6.982873678207397461e-01
6.466507911682128906e-01
6.355763673782348633e-01
6.259284615516662598e-01
5.952707529067993164e-01
7.759859561920166016e-01
7.171829938888549805e-01
6.863456964492797852e-01
6.365679502487182617e-01
7.106511592864990234e-01
7.903090715408325195e-01
6.223317384719848633e-01
7.445102930068969727e-01
7.597049474716186523e-01
6.789360642433166504e-01
5.497512817382812500e-01
6.110013723373413086e-01
7.509684562683105469e-01
6.822479963302612305e-01
6.655200123786926270e-01
6.898260712623596191e-01
6.728382110595703125e-01
7.614906430244445801e-01
8.437418937683105469e-01
6.323910355567932129e-01
7.273262739181518555e-01
9.405984282493591309e-01
7.755767107009887695e-01
6.764377951622009277e-01
8.819361329078674316e-01
6.420602798461914062e-01
6.613069772720336914e-01
6.408375501632690430e-01
6.933543682098388672e-01
6.461344957351684570e-01
6.394287943840026855e-01
6.546447277069091797e-01
8.446342349052429199e-01
7.152143716812133789e-01
8.518284559249877930e-01
6.816480159759521484e-01
6.561241745948791504e-01
7.030948996543884277e-01
6.353300809860229492e-01
6.797800660133361816e-01
6.457024812698364258e-01
6.400873661041259766e-01
8.391257524490356445e-01
6.743364334106445312e-01
6.116601228713989258e-01
7.803677320480346680e-01
8.448458909988403320e-01
7.720306515693664551e-01
7.542355656623840332e-01
6.733067631721496582e-01
8.333030939102172852e-01
6.352388858795166016e-01
6.769814491271972656e-01
6.483320593833923340e-01
6.662269234657287598e-01
7.343344688415527344e-01
6.310020685195922852e-01
7.317644357681274414e-01
8.012375831604003906e-01
7.341049313545227051e-01
6.820729970932006836e-01
6.494774818420410156e-01
7.743688821792602539e-01
6.948959827423095703e-01
7.125502824783325195e-01
6.579709649085998535e-01
6.924257278442382812e-01
7.137072682380676270e-01
6.841880679130554199e-01
6.896090507507324219e-01
6.299180388450622559e-01
5.754542350769042969e-01
9.438707232475280762e-01
6.117285490036010742e-01
7.486022710800170898e-01
8.140489459037780762e-01
7.593338489532470703e-01
7.097539901733398438e-01
8.369345664978027344e-01
6.736304759979248047e-01
7.259902954101562500e-01
7.376809716224670410e-01
6.775602102279663086e-01
7.423785924911499023e-01
7.953951358795166016e-01
7.063457965850830078e-01
8.291953802108764648e-01
5.664188265800476074e-01
8.385218381881713867e-01
6.935456991195678711e-01
7.251664400100708008e-01
7.137950658798217773e-01
7.291485071182250977e-01
6.567796468734741211e-01
7.084404230117797852e-01
6.229045987129211426e-01
6.232311725616455078e-01
7.649295926094055176e-01
7.092379927635192871e-01
7.340705990791320801e-01
6.624931097030639648e-01
7.789574861526489258e-01
6.259680986404418945e-01
6.160718202590942383e-01
7.943230867385864258e-01
8.026788234710693359e-01
5.652164220809936523e-01
6.341598033905029297e-01
8.044008016586303711e-01
5.914257764816284180e-01
7.598303556442260742e-01
7.008107900619506836e-01
7.258549332618713379e-01
8.019300699234008789e-01
6.882131695747375488e-01
7.327811121940612793e-01
6.990779042243957520e-01
7.298822402954101562e-01
5.891216993331909180e-01
7.852451801300048828e-01
6.808431148529052734e-01
7.197335958480834961e-01
6.770091652870178223e-01
6.061649322509765625e-01
7.300810813903808594e-01
7.988464832305908203e-01
6.250181198120117188e-01
7.481822967529296875e-01
7.261875867843627930e-01
6.833744645118713379e-01
7.036920785903930664e-01
7.079378366470336914e-01
6.950390934944152832e-01
7.322114706039428711e-01
8.194047808647155762e-01
6.485487222671508789e-01
7.248936295509338379e-01
7.705836296081542969e-01
6.239103078842163086e-01
6.757469177246093750e-01
8.212786912918090820e-01
7.427446842193603516e-01
7.034876942634582520e-01
7.569649219512939453e-01
6.567496657371520996e-01
6.558865308761596680e-01
7.149723768234252930e-01
5.753928422927856445e-01
7.943652868270874023e-01
6.167356967926025391e-01
7.655937671661376953e-01
7.141411304473876953e-01
8.573286533355712891e-01
6.444254517555236816e-01
7.117359042167663574e-01
7.167366743087768555e-01
6.418405771255493164e-01
7.899660468101501465e-01
8.017210960388183594e-01
7.458766698837280273e-01
7.276163697242736816e-01
8.141716718673706055e-01
6.721479892730712891e-01
6.859009265899658203e-01
5.929212570190429688e-01
6.411344408988952637e-01
6.683452129364013672e-01
7.064884305000305176e-01
7.200736403465270996e-01
7.917655706405639648e-01
7.341278195381164551e-01
6.009199619293212891e-01
6.719137430191040039e-01
6.828969120979309082e-01
7.019996643066406250e-01
7.781758308410644531e-01
7.626038789749145508e-01
6.863611340522766113e-01
8.822391033172607422e-01
5.220706462860107422e-01
6.305412650108337402e-01
7.882331013679504395e-01
6.869968771934509277e-01
6.404875516891479492e-01
7.242755889892578125e-01
5.735737085342407227e-01
7.748230695724487305e-01
7.362244129180908203e-01
7.748728394508361816e-01
8.287781476974487305e-01
7.149813175201416016e-01
7.472672462463378906e-01
5.576316714286804199e-01
5.897974967956542969e-01
6.310554742813110352e-01
6.524521112442016602e-01
7.437893748283386230e-01
7.800188064575195312e-01
5.886762142181396484e-01
7.468758821487426758e-01
7.121763229370117188e-01
6.358345746994018555e-01
7.608747482299804688e-01
6.124207973480224609e-01
6.609483957290649414e-01
5.488631129264831543e-01
6.463654041290283203e-01
6.291897296905517578e-01
7.237843275070190430e-01
7.988530993461608887e-01
5.518183708190917969e-01
6.559724807739257812e-01
5.998901128768920898e-01
6.809303164482116699e-01
5.299210548400878906e-01
6.709719896316528320e-01
5.464997291564941406e-01
6.509348154067993164e-01
6.968067288398742676e-01
6.550689935684204102e-01
7.442167997360229492e-01
7.072522044181823730e-01
6.882696151733398438e-01
6.849704980850219727e-01
5.691479444503784180e-01
5.103240609169006348e-01
6.992677450180053711e-01
6.651629209518432617e-01
6.713539958000183105e-01
6.246746182441711426e-01
7.290213108062744141e-01
7.104881405830383301e-01
6.974024176597595215e-01
7.274293899536132812e-01
5.840331315994262695e-01
6.370633840560913086e-01
6.644376516342163086e-01
7.418863773345947266e-01
6.050064563751220703e-01
7.391778230667114258e-01
6.823140978813171387e-01
7.789058089256286621e-01
5.891338586807250977e-01
5.881403088569641113e-01
6.527543663978576660e-01
7.710151076316833496e-01
6.491993665695190430e-01
6.897100210189819336e-01
7.250165343284606934e-01
6.837223768234252930e-01
6.457663774490356445e-01
5.483304262161254883e-01
6.738383173942565918e-01
7.710180282592773438e-01
5.709071159362792969e-01
6.690256595611572266e-01
7.147295475006103516e-01
6.861910223960876465e-01
5.889893174171447754e-01
6.080426573753356934e-01
5.559228062629699707e-01
6.652347445487976074e-01
6.275625228881835938e-01
7.579003572463989258e-01
5.940530896186828613e-01
6.604747176170349121e-01
5.658091306686401367e-01
7.773232460021972656e-01
6.381469368934631348e-01
6.771273612976074219e-01
6.599563360214233398e-01
6.436075568199157715e-01
6.135433912277221680e-01
6.553590297698974609e-01
6.245959997177124023e-01
5.569030046463012695e-01
6.597074270248413086e-01
5.894492864608764648e-01
6.669609546661376953e-01
5.918967127799987793e-01
6.577888131141662598e-01
4.663881063461303711e-01
5.940479040145874023e-01
5.733703374862670898e-01
6.692094206809997559e-01
5.855772495269775391e-01
5.856986045837402344e-01
6.860597729682922363e-01
6.946668028831481934e-01
6.411665678024291992e-01
5.343253016471862793e-01
8.636375665664672852e-01
6.256474256515502930e-01
6.364122629165649414e-01
8.041235208511352539e-01
6.849853992462158203e-01
6.475305557250976562e-01
6.744010448455810547e-01
7.028941512107849121e-01
7.121261358261108398e-01
6.288638114929199219e-01
6.722943782806396484e-01
6.552391648292541504e-01
6.624085903167724609e-01
6.649761199951171875e-01
7.407563328742980957e-01
6.003832221031188965e-01
5.800781250000000000e-01
7.242995500564575195e-01
6.717641353607177734e-01
7.744001746177673340e-01
5.994739532470703125e-01
6.842703819274902344e-01
6.029730439186096191e-01
5.852769613265991211e-01
8.046342134475708008e-01
5.170086026191711426e-01
7.307804822921752930e-01
7.431660294532775879e-01
6.846886873245239258e-01
7.972331047058105469e-01
5.787020921707153320e-01
6.779235601425170898e-01
6.565852761268615723e-01
6.280838251113891602e-01
6.742885708808898926e-01
6.493193507194519043e-01
7.517427206039428711e-01
6.526842117309570312e-01
8.136718273162841797e-01
8.320988416671752930e-01
7.499927282333374023e-01
6.645104289054870605e-01
5.687100887298583984e-01
6.566848754882812500e-01
7.123865485191345215e-01
6.943029761314392090e-01
7.200713753700256348e-01
6.016399860382080078e-01
5.050745606422424316e-01
7.391317486763000488e-01
5.486506819725036621e-01
6.480126976966857910e-01
7.490993738174438477e-01
6.317097544670104980e-01
7.099047899246215820e-01
7.497780323028564453e-01
7.174770832061767578e-01
6.129206418991088867e-01
7.889325022697448730e-01
7.259187698364257812e-01
7.043499350547790527e-01
7.144914865493774414e-01
6.559537649154663086e-01
7.507231235504150391e-01
6.833865642547607422e-01
5.671087503433227539e-01
7.268871068954467773e-01
5.327157378196716309e-01
6.195966005325317383e-01
6.464874148368835449e-01
6.821036338806152344e-01
5.242472887039184570e-01
5.984843373298645020e-01
7.197496891021728516e-01
7.781699299812316895e-01
7.037671208381652832e-01
6.059024930000305176e-01
7.338749766349792480e-01
6.832872629165649414e-01
7.272626757621765137e-01
6.071453690528869629e-01
5.060009360313415527e-01
7.463582754135131836e-01
6.494233608245849609e-01
7.039804458618164062e-01
7.079352140426635742e-01
6.688920259475708008e-01
6.441916227340698242e-01
7.659075260162353516e-01
6.295666694641113281e-01
9.183254837989807129e-01
7.843281626701354980e-01
7.007893919944763184e-01
7.010091543197631836e-01
6.084927320480346680e-01
6.511314511299133301e-01
5.842148661613464355e-01
5.651311278343200684e-01
8.430796861648559570e-01
6.345988512039184570e-01
6.980481743812561035e-01
7.371735572814941406e-01
6.822866797447204590e-01
8.400130867958068848e-01
7.941948771476745605e-01
7.960096597671508789e-01
7.757625579833984375e-01
6.533961296081542969e-01
6.465364098548889160e-01
7.291696071624755859e-01
7.313206195831298828e-01
6.981908082962036133e-01
7.785671353340148926e-01
7.394675612449645996e-01
6.808494329452514648e-01
7.056743502616882324e-01
6.598345041275024414e-01
5.832728147506713867e-01
7.260220050811767578e-01
7.017105817794799805e-01
8.064658641815185547e-01
5.912228226661682129e-01
6.021845340728759766e-01
7.041218280792236328e-01
6.307801008224487305e-01
6.714426279067993164e-01
6.399837136268615723e-01
7.523608207702636719e-01
6.986802220344543457e-01
7.514334321022033691e-01
7.481300830841064453e-01
7.448362112045288086e-01
7.249344587326049805e-01
6.481915116310119629e-01
6.718719005584716797e-01
6.301106214523315430e-01
7.091082334518432617e-01
7.367642521858215332e-01
6.856631040573120117e-01
6.816699504852294922e-01
7.219127416610717773e-01
6.916780471801757812e-01
6.950278282165527344e-01
6.188623905181884766e-01
5.365717411041259766e-01
6.586872339248657227e-01
8.399437069892883301e-01
7.018356919288635254e-01
5.527033209800720215e-01
6.879377365112304688e-01
8.056797981262207031e-01
6.757466793060302734e-01
7.145751714706420898e-01
7.721529006958007812e-01
5.871961712837219238e-01
7.060029506683349609e-01
6.337839365005493164e-01
8.266689777374267578e-01
6.966472864151000977e-01
6.416919231414794922e-01
5.477211475372314453e-01
5.969430804252624512e-01
8.481587171554565430e-01
7.138869762420654297e-01
6.574341058731079102e-01
7.150160074234008789e-01
6.939852237701416016e-01
7.049353122711181641e-01
7.515226602554321289e-01
7.380189895629882812e-01
5.852645635604858398e-01
7.556713819503784180e-01
5.544435977935791016e-01
7.191970944404602051e-01
7.152032852172851562e-01
6.022508144378662109e-01
6.992884874343872070e-01
5.972077250480651855e-01
7.019103765487670898e-01
6.777188777923583984e-01
7.976759672164916992e-01
6.693001389503479004e-01
6.258984804153442383e-01
6.508522033691406250e-01
6.641074419021606445e-01
8.238750696182250977e-01
7.003921866416931152e-01
6.822644472122192383e-01
8.489914536476135254e-01
7.596095800399780273e-01
7.106670141220092773e-01
8.106045722961425781e-01
6.970880031585693359e-01
7.483644485473632812e-01
6.524620056152343750e-01
8.396061658859252930e-01
6.652497053146362305e-01
5.352605581283569336e-01
8.468677997589111328e-01
6.663328409194946289e-01
6.499022245407104492e-01
8.216830492019653320e-01
5.434852838516235352e-01
7.792468070983886719e-01
8.074585199356079102e-01
6.265714764595031738e-01
6.689800024032592773e-01
6.221642494201660156e-01
6.549917459487915039e-01
7.399397492408752441e-01
6.194434762001037598e-01
6.325542926788330078e-01
6.464223265647888184e-01
6.601650714874267578e-01
7.684454917907714844e-01
6.780456900596618652e-01
6.851012706756591797e-01
6.690109372138977051e-01
8.033874034881591797e-01
7.191005945205688477e-01
7.323766946792602539e-01
7.717654705047607422e-01
7.726198434829711914e-01
6.268150806427001953e-01
6.508538722991943359e-01
7.236746549606323242e-01
7.367816567420959473e-01
6.851954460144042969e-01
5.847499966621398926e-01
6.919263601303100586e-01
6.171337366104125977e-01
6.314961314201354980e-01
6.143848299980163574e-01
6.885697841644287109e-01
5.873732566833496094e-01
6.018692255020141602e-01
5.386481285095214844e-01
7.638106346130371094e-01
5.646350383758544922e-01
6.952779293060302734e-01
6.441681385040283203e-01
5.831196904182434082e-01
6.635878086090087891e-01
6.045910716056823730e-01
6.478464603424072266e-01
5.451183319091796875e-01
6.954897642135620117e-01
6.196211576461791992e-01
7.088364362716674805e-01
6.984208822250366211e-01
7.542114257812500000e-01
6.576761007308959961e-01
7.744268178939819336e-01
5.215342640876770020e-01
7.086136937141418457e-01
7.758482694625854492e-01
5.930775403976440430e-01
5.409457087516784668e-01
5.528945922851562500e-01
8.417048454284667969e-01
7.632431983947753906e-01
6.913766860961914062e-01
7.331134676933288574e-01
7.102015018463134766e-01
6.623485088348388672e-01
6.033707857131958008e-01
6.995385289192199707e-01
5.850294828414916992e-01
6.336430311203002930e-01
6.269701719284057617e-01
5.879972577095031738e-01
5.983270406723022461e-01
6.363092064857482910e-01
7.329852581024169922e-01
7.319885492324829102e-01
6.585860252380371094e-01
5.811974406242370605e-01
5.543409585952758789e-01
5.619950890541076660e-01
7.163879871368408203e-01
6.652673482894897461e-01
7.565298676490783691e-01
6.257749795913696289e-01
7.085109949111938477e-01
6.578495502471923828e-01
6.932486295700073242e-01
5.797172784805297852e-01
6.835315823554992676e-01
5.165349245071411133e-01
6.088056564331054688e-01
6.238894462585449219e-01
6.748229265213012695e-01
7.163695096969604492e-01
7.279213666915893555e-01
5.583788156509399414e-01
4.999426901340484619e-01
6.698075532913208008e-01
5.392869710922241211e-01
5.842176079750061035e-01
6.455008983612060547e-01
5.997632741928100586e-01
5.533089637756347656e-01
6.159331798553466797e-01
6.737661361694335938e-01
5.701978206634521484e-01
7.017862200736999512e-01
6.084190607070922852e-01
6.535408496856689453e-01
6.209701895713806152e-01
5.122421979904174805e-01
8.548817038536071777e-01
6.741839647293090820e-01
7.176684737205505371e-01
6.995698809623718262e-01
6.684110760688781738e-01
5.390359163284301758e-01
6.326750516891479492e-01
5.334532260894775391e-01
6.918473243713378906e-01
6.347423791885375977e-01
7.028304338455200195e-01
7.611793279647827148e-01
6.319631934165954590e-01
6.045121550559997559e-01
5.899932384490966797e-01
5.721836686134338379e-01
6.035927534103393555e-01
5.882813334465026855e-01
5.455673933029174805e-01
6.822171211242675781e-01
7.713603377342224121e-01
5.513230562210083008e-01
5.698119401931762695e-01
7.253115177154541016e-01
6.462740302085876465e-01
8.571122884750366211e-01
5.529481172561645508e-01
6.676403284072875977e-01
7.021628618240356445e-01
6.442725062370300293e-01
7.230160236358642578e-01
6.129192113876342773e-01
5.902324318885803223e-01
5.781108140945434570e-01
5.932394266128540039e-01
8.024545907974243164e-01
6.815382838249206543e-01
5.498156547546386719e-01
6.268271207809448242e-01
7.154308557510375977e-01
5.587241649627685547e-01
7.585671544075012207e-01
5.737247467041015625e-01
8.054590225219726562e-01
6.464383006095886230e-01
6.189277768135070801e-01
5.808546543121337891e-01
7.871152162551879883e-01
7.998520135879516602e-01
6.633843183517456055e-01
6.248701810836791992e-01
5.608484745025634766e-01
6.355523467063903809e-01
6.718744039535522461e-01
6.709157228469848633e-01
5.657094717025756836e-01
7.086054682731628418e-01
7.076536417007446289e-01
6.427361369132995605e-01
7.132289409637451172e-01
5.615597963333129883e-01
8.580226898193359375e-01
5.934126377105712891e-01
7.015417814254760742e-01
7.345237135887145996e-01
5.381686687469482422e-01
7.073889970779418945e-01
6.376121044158935547e-01
5.501000881195068359e-01
6.267441511154174805e-01
6.287708878517150879e-01
6.730251908302307129e-01
6.301758885383605957e-01
7.014486789703369141e-01
6.571369767189025879e-01
6.646050214767456055e-01
5.299767851829528809e-01
5.584880113601684570e-01
5.780521035194396973e-01
7.521452903747558594e-01
5.269085764884948730e-01
6.306766867637634277e-01
6.174594759941101074e-01
7.241598367691040039e-01
6.449855566024780273e-01
6.630024909973144531e-01
5.801075696945190430e-01
5.953208804130554199e-01
6.682735085487365723e-01
8.509320020675659180e-01
7.405449151992797852e-01
7.119232416152954102e-01
5.650311112403869629e-01
5.588521957397460938e-01
6.791958808898925781e-01
6.985054016113281250e-01
6.110540628433227539e-01
6.197033524513244629e-01
6.537168025970458984e-01
6.253044605255126953e-01
6.265861988067626953e-01
6.313889026641845703e-01
5.104632973670959473e-01
5.596488714218139648e-01
7.004794478416442871e-01
5.468471050262451172e-01
7.467222213745117188e-01
6.399231553077697754e-01
7.919209003448486328e-01
7.117738723754882812e-01
6.899849176406860352e-01
5.884277224540710449e-01
6.700377464294433594e-01
6.574726104736328125e-01
7.539709210395812988e-01
7.096830606460571289e-01
5.047736167907714844e-01
7.556186318397521973e-01
6.168161630630493164e-01
7.147098779678344727e-01
6.067971587181091309e-01
6.689622402191162109e-01
6.008561849594116211e-01
6.111673116683959961e-01
5.800769329071044922e-01
6.931116580963134766e-01
7.539857029914855957e-01
6.850932836532592773e-01
6.421152353286743164e-01
5.115199089050292969e-01
7.136727571487426758e-01
7.513306140899658203e-01
8.107450008392333984e-01
6.102584600448608398e-01
6.259963512420654297e-01
7.160648107528686523e-01
6.613509654998779297e-01
5.912709236145019531e-01
6.601061820983886719e-01
5.545864105224609375e-01
7.278265357017517090e-01
7.170062065124511719e-01
6.260492801666259766e-01
6.166403889656066895e-01
6.478767395019531250e-01
6.826112270355224609e-01
8.192890882492065430e-01
6.142972111701965332e-01
6.706253290176391602e-01
6.764231920242309570e-01
6.604583263397216797e-01
6.174902319908142090e-01
6.579095721244812012e-01
8.827556371688842773e-01
6.850231885910034180e-01
7.092711925506591797e-01
6.954481601715087891e-01
8.091990947723388672e-01
6.224633455276489258e-01
5.588398575782775879e-01
6.569325923919677734e-01
6.574872732162475586e-01
8.000071048736572266e-01
6.353514194488525391e-01
6.729426383972167969e-01
6.661839485168457031e-01
6.635510921478271484e-01
6.206521391868591309e-01
7.052782177925109863e-01
5.341681241989135742e-01
7.108634710311889648e-01
7.048305273056030273e-01
6.649852991104125977e-01
6.303219795227050781e-01
7.795898914337158203e-01
8.176816701889038086e-01
5.659500956535339355e-01
7.663262486457824707e-01
6.795845627784729004e-01
6.641693711280822754e-01
8.272951841354370117e-01
5.016684532165527344e-01
7.169233560562133789e-01
6.496525406837463379e-01
5.837498903274536133e-01
6.650860309600830078e-01
8.077700138092041016e-01
5.940898656845092773e-01
6.793975830078125000e-01
6.276626586914062500e-01
7.560508847236633301e-01
5.617467164993286133e-01
6.609376668930053711e-01
7.608824968338012695e-01
6.579142808914184570e-01
5.794646739959716797e-01
5.723198652267456055e-01
7.862619161605834961e-01
7.519996166229248047e-01
6.128811836242675781e-01
5.562103986740112305e-01
8.123559951782226562e-01
4.304016828536987305e-01
6.254665851593017578e-01
5.189559459686279297e-01
7.409673333168029785e-01
6.291434764862060547e-01
7.509787678718566895e-01
6.669991016387939453e-01
6.336540579795837402e-01
7.545372247695922852e-01
6.180195808410644531e-01
6.214989423751831055e-01
7.050353884696960449e-01
5.961685180664062500e-01
6.541346311569213867e-01
6.368542313575744629e-01
6.390777826309204102e-01
7.148154973983764648e-01
8.295719623565673828e-01
6.994040012359619141e-01
6.405573487281799316e-01
7.071044445037841797e-01
6.647052764892578125e-01
6.129651069641113281e-01
6.336566209793090820e-01
6.266189813613891602e-01
8.773121833801269531e-01
5.848784446716308594e-01
6.408482789993286133e-01
6.125758290290832520e-01
6.047927141189575195e-01
7.293550968170166016e-01
6.396229267120361328e-01
6.954445838928222656e-01
7.159694433212280273e-01
5.639680624008178711e-01
5.532845258712768555e-01
7.289022207260131836e-01
5.989062190055847168e-01
5.842656493186950684e-01
6.649854779243469238e-01
6.597924232482910156e-01
6.176045536994934082e-01
6.652794480323791504e-01
8.005279302597045898e-01
7.896268367767333984e-01
7.772485017776489258e-01
6.963697075843811035e-01
7.254916429519653320e-01
6.815928220748901367e-01
5.637469291687011719e-01
5.708107948303222656e-01
6.390513181686401367e-01
6.081960797309875488e-01
6.339732408523559570e-01
6.496999859809875488e-01
6.162234544754028320e-01
6.385438442230224609e-01
7.920726537704467773e-01
7.337164878845214844e-01
6.704082489013671875e-01
7.434911727905273438e-01
7.694592475891113281e-01
4.953452348709106445e-01
8.737192749977111816e-01
6.254783868789672852e-01
7.361246943473815918e-01
5.861690044403076172e-01
5.813887715339660645e-01
6.768592596054077148e-01
5.961512327194213867e-01
6.224459409713745117e-01
6.544339656829833984e-01
5.710774064064025879e-01
7.013695836067199707e-01
6.993854045867919922e-01
6.710695624351501465e-01
7.129188179969787598e-01
6.767178773880004883e-01
6.489024758338928223e-01
5.863491892814636230e-01
6.707332134246826172e-01
6.436542272567749023e-01
5.819423794746398926e-01
6.378818154335021973e-01
5.318162441253662109e-01
5.831725597381591797e-01
7.275592684745788574e-01
6.775195598602294922e-01
6.164296269416809082e-01
6.932317018508911133e-01
7.774083018302917480e-01
7.764337658882141113e-01
5.254178643226623535e-01
7.080870270729064941e-01
7.507625818252563477e-01
7.049479484558105469e-01
6.269803047180175781e-01
7.165577411651611328e-01
6.598064899444580078e-01
6.669390201568603516e-01
7.274271845817565918e-01
6.055364608764648438e-01
5.475666522979736328e-01
6.336873173713684082e-01
8.030472397804260254e-01
6.806226372718811035e-01
6.756590008735656738e-01
5.681784152984619141e-01
4.759719967842102051e-01
5.192862153053283691e-01
6.333316564559936523e-01
6.266391277313232422e-01
7.554311156272888184e-01
6.055079102516174316e-01
6.999899148941040039e-01
5.195486545562744141e-01
6.760855913162231445e-01
5.676432251930236816e-01
5.666263699531555176e-01
5.974712371826171875e-01
6.125704646110534668e-01
6.243089437484741211e-01
7.387318611145019531e-01
6.985703110694885254e-01
6.397579908370971680e-01
5.782841444015502930e-01
6.956204175949096680e-01
5.615565776824951172e-01
6.203252673149108887e-01
5.765651464462280273e-01
7.696333527565002441e-01
6.083819270133972168e-01
5.776264071464538574e-01
6.023447513580322266e-01
5.331631898880004883e-01
5.281738638877868652e-01
6.305426359176635742e-01
5.424501299858093262e-01
6.359021663665771484e-01
5.943892002105712891e-01
6.163363456726074219e-01
5.377433300018310547e-01
5.116336345672607422e-01
5.623095035552978516e-01
5.593734383583068848e-01
6.613510847091674805e-01
6.371592879295349121e-01
7.249110937118530273e-01
6.395925283432006836e-01
6.078501939773559570e-01
5.399997234344482422e-01
5.618975162506103516e-01
7.398051023483276367e-01
5.756443738937377930e-01
7.028552293777465820e-01
7.055428028106689453e-01
5.905039906501770020e-01
5.355605483055114746e-01
6.427180767059326172e-01
6.209688186645507812e-01
6.929842233657836914e-01
6.552918553352355957e-01
5.855661630630493164e-01
6.306603550910949707e-01
6.112966537475585938e-01
5.816127061843872070e-01
5.616595745086669922e-01
5.872168540954589844e-01
6.090883016586303711e-01
5.192406177520751953e-01
6.809965968132019043e-01
7.543175816535949707e-01
5.362263321876525879e-01
5.913181304931640625e-01
6.018717885017395020e-01
5.538876652717590332e-01
6.100603938102722168e-01
5.663536787033081055e-01
5.307184457778930664e-01
6.711882352828979492e-01
5.990257263183593750e-01
6.031451225280761719e-01
6.120214462280273438e-01
6.664330959320068359e-01
5.326941013336181641e-01
5.621603131294250488e-01
6.643437147140502930e-01
5.708677768707275391e-01
6.177139282226562500e-01
6.952995061874389648e-01
6.427552700042724609e-01
5.300702452659606934e-01
6.436208486557006836e-01
4.948345124721527100e-01
6.982597708702087402e-01
5.915706157684326172e-01
7.247791886329650879e-01
5.843092203140258789e-01
5.897624492645263672e-01
6.947900056838989258e-01
6.465629935264587402e-01
6.578955650329589844e-01
6.851005554199218750e-01
6.528587937355041504e-01
5.614650249481201172e-01
5.653870105743408203e-01
5.104683041572570801e-01
6.700752973556518555e-01
6.562260389328002930e-01
5.563758611679077148e-01
5.646468400955200195e-01
6.759907007217407227e-01
6.160312891006469727e-01
6.989756822586059570e-01
5.982960462570190430e-01
5.995930433273315430e-01
6.596962213516235352e-01
7.361787557601928711e-01
5.877501964569091797e-01
6.651630997657775879e-01
6.913006901741027832e-01
5.988737344741821289e-01
7.310945987701416016e-01
7.324725389480590820e-01
6.022713184356689453e-01
6.960507631301879883e-01
8.324227929115295410e-01
6.903191208839416504e-01
8.769881129264831543e-01
6.032027006149291992e-01
6.588402986526489258e-01
7.018669843673706055e-01
6.536810994148254395e-01
5.607533454895019531e-01
6.258019804954528809e-01
6.885221004486083984e-01
5.040782690048217773e-01
5.648415684700012207e-01
6.459739208221435547e-01
6.397948861122131348e-01
6.724249124526977539e-01
7.439875602722167969e-01
8.867126107215881348e-01
5.657233595848083496e-01
5.708964467048645020e-01
6.825792789459228516e-01
6.538082361221313477e-01
6.707178354263305664e-01
6.692151427268981934e-01
6.554540395736694336e-01
5.875642299652099609e-01
6.181435585021972656e-01
6.709376573562622070e-01
6.698940992355346680e-01
7.546609044075012207e-01
6.991517543792724609e-01
6.917815804481506348e-01
6.081861257553100586e-01
6.743912100791931152e-01
5.363997220993041992e-01
5.287904739379882812e-01
6.287788152694702148e-01
7.352260351181030273e-01
5.803546309471130371e-01
6.766080856323242188e-01
6.278175115585327148e-01
7.169452905654907227e-01
6.737948656082153320e-01
6.248841285705566406e-01
7.049428820610046387e-01
5.600218772888183594e-01
6.408360004425048828e-01
6.375381946563720703e-01
7.772276401519775391e-01
7.738204002380371094e-01
6.879564523696899414e-01
5.879731774330139160e-01
6.637918353080749512e-01
7.825525999069213867e-01
6.678146719932556152e-01
6.791208386421203613e-01
5.727388262748718262e-01
6.692924499511718750e-01
6.008646488189697266e-01
6.056308746337890625e-01
5.874838232994079590e-01
7.069392204284667969e-01
5.402718782424926758e-01
6.546362638473510742e-01
6.983797550201416016e-01
6.446507573127746582e-01
6.800286769866943359e-01
6.426914930343627930e-01
7.624372243881225586e-01
7.428655624389648438e-01
6.406605243682861328e-01
6.076776385307312012e-01
5.143293142318725586e-01
5.954471826553344727e-01
7.193759679794311523e-01
6.853590011596679688e-01
6.306668519973754883e-01
5.061177611351013184e-01
6.533970832824707031e-01
6.352798938751220703e-01
6.774985790252685547e-01
6.664093136787414551e-01
6.058939695358276367e-01
5.902872681617736816e-01
7.522217631340026855e-01
6.304621100425720215e-01
5.320011377334594727e-01
6.141555309295654297e-01
6.230779290199279785e-01
7.262408733367919922e-01
6.848719120025634766e-01
6.018548011779785156e-01
6.000503897666931152e-01
5.972425341606140137e-01
5.537620186805725098e-01
7.226423025131225586e-01
5.929374694824218750e-01
6.508336067199707031e-01
6.395097374916076660e-01
6.291505098342895508e-01
7.175291776657104492e-01
6.283395886421203613e-01
7.327336072921752930e-01
5.831533670425415039e-01
7.469503879547119141e-01
5.822018384933471680e-01
5.941530466079711914e-01
6.514162421226501465e-01
6.383246183395385742e-01
6.773387193679809570e-01
7.677758932113647461e-01
6.251536607742309570e-01
6.941924095153808594e-01
6.873301267623901367e-01
7.168060541152954102e-01
6.399638056755065918e-01
5.363678932189941406e-01
6.449946165084838867e-01
5.555046796798706055e-01
8.354929685592651367e-01
6.392301321029663086e-01
6.590692996978759766e-01
6.561942100524902344e-01
6.691907048225402832e-01
5.666027069091796875e-01
6.822881698608398438e-01
6.538775563240051270e-01
8.128502964973449707e-01
7.653248310089111328e-01
7.254008054733276367e-01
7.206792235374450684e-01
7.184283137321472168e-01
6.526126861572265625e-01
7.407405376434326172e-01
6.036567687988281250e-01
5.506278872489929199e-01
5.736615657806396484e-01
7.271195650100708008e-01
8.543900251388549805e-01
5.744367837905883789e-01
5.656908750534057617e-01
6.289737820625305176e-01
5.911582708358764648e-01
7.874211668968200684e-01
7.288621068000793457e-01
6.569398641586303711e-01
5.391163825988769531e-01
6.260156631469726562e-01
7.318439483642578125e-01
7.689863443374633789e-01
6.090459227561950684e-01
4.879184365272521973e-01
7.134273052215576172e-01
5.761560201644897461e-01
5.834600925445556641e-01
7.976143360137939453e-01
6.607205867767333984e-01
6.660950779914855957e-01
6.540319919586181641e-01
5.413644313812255859e-01
6.275379061698913574e-01
6.230411529541015625e-01
6.573343873023986816e-01
6.424043178558349609e-01
5.785928964614868164e-01
5.900111198425292969e-01
5.630968213081359863e-01
6.320406198501586914e-01
6.650518774986267090e-01
7.108130455017089844e-01
6.318316459655761719e-01
5.828722715377807617e-01
6.543282270431518555e-01
5.535891652107238770e-01
7.366626858711242676e-01
5.789985060691833496e-01
5.252819657325744629e-01
5.866063833236694336e-01
7.791055440902709961e-01
6.259119510650634766e-01
6.399610042572021484e-01
6.982398033142089844e-01
5.274550914764404297e-01
6.523233652114868164e-01
5.800758600234985352e-01
6.591080427169799805e-01
6.741172671318054199e-01
6.992718577384948730e-01
6.558150649070739746e-01
6.840652227401733398e-01
6.831146478652954102e-01
7.189507484436035156e-01
7.476069927215576172e-01
5.872136354446411133e-01
6.417454481124877930e-01
6.010649204254150391e-01
6.809124350547790527e-01
6.559623479843139648e-01
7.071770429611206055e-01
7.754325866699218750e-01
6.770165562629699707e-01
4.780215919017791748e-01
7.144367694854736328e-01
6.722298860549926758e-01
8.411076068878173828e-01
6.407450437545776367e-01
6.599847078323364258e-01
6.037271022796630859e-01
6.668549776077270508e-01
7.308988571166992188e-01
7.028069496154785156e-01
6.782177686691284180e-01
6.350588202476501465e-01
6.252969503402709961e-01
7.000472545623779297e-01
6.499961018562316895e-01
6.377759575843811035e-01
6.398594379425048828e-01
6.856624484062194824e-01
5.658305883407592773e-01
7.428971529006958008e-01
6.632881164550781250e-01
6.294121742248535156e-01
5.599734187126159668e-01
6.828832626342773438e-01
6.187611222267150879e-01
7.355917692184448242e-01
7.670774459838867188e-01
5.484688282012939453e-01
6.098347902297973633e-01
6.865011453628540039e-01
6.816841363906860352e-01
4.721155464649200439e-01
5.659323334693908691e-01
5.466688871383666992e-01
5.832188129425048828e-01
6.747461557388305664e-01
4.733674526214599609e-01
6.064207553863525391e-01
7.332174181938171387e-01
6.878695487976074219e-01
5.652141571044921875e-01
5.374659895896911621e-01
6.187418699264526367e-01
5.412478446960449219e-01
6.436775326728820801e-01
5.518664717674255371e-01
4.950527846813201904e-01
5.569915771484375000e-01
3.767968416213989258e-01
4.894314706325531006e-01
6.231527924537658691e-01
6.110344529151916504e-01
5.476009249687194824e-01
6.529163122177124023e-01
5.991570949554443359e-01
6.297729611396789551e-01
5.741412043571472168e-01
6.082045435905456543e-01
6.107976436614990234e-01
6.927866935729980469e-01
6.186226606369018555e-01
4.731615781784057617e-01
7.245070934295654297e-01
6.781197190284729004e-01
6.935715079307556152e-01
6.650206446647644043e-01
6.315841078758239746e-01
6.769918799400329590e-01
7.898506522178649902e-01
5.490891933441162109e-01
6.035934686660766602e-01
5.927158594131469727e-01
6.829012632369995117e-01
6.555060148239135742e-01
4.768414497375488281e-01
6.349574327468872070e-01
5.145361423492431641e-01
5.413397550582885742e-01
6.635870933532714844e-01
5.419791340827941895e-01
6.572922468185424805e-01
6.713607311248779297e-01
6.910843849182128906e-01
7.190185785293579102e-01
6.189606785774230957e-01
5.939288735389709473e-01
5.445216894149780273e-01
6.747193336486816406e-01
5.330057144165039062e-01
4.898861646652221680e-01
6.745689511299133301e-01
5.600445270538330078e-01
6.978448629379272461e-01
5.656861066818237305e-01
6.229417324066162109e-01
6.402345299720764160e-01
6.712296605110168457e-01
5.868088006973266602e-01
4.744008779525756836e-01
6.136317253112792969e-01
6.016358137130737305e-01
7.054431438446044922e-01
6.484040021896362305e-01
5.979061126708984375e-01
6.303488016128540039e-01
6.361975669860839844e-01
6.140887141227722168e-01
4.883397221565246582e-01
5.986750721931457520e-01
6.412495970726013184e-01
5.794413685798645020e-01
6.421312093734741211e-01
5.520741939544677734e-01
6.981384754180908203e-01
5.287015438079833984e-01
5.699547529220581055e-01
6.165786385536193848e-01
5.816382765769958496e-01
6.654129624366760254e-01
6.111959218978881836e-01
5.664935111999511719e-01
6.280435919761657715e-01
6.365904808044433594e-01
7.032454013824462891e-01
5.938464403152465820e-01
6.183550357818603516e-01
6.697416305541992188e-01
5.784513950347900391e-01
7.208417654037475586e-01
6.898153424263000488e-01
6.617608666419982910e-01
6.716005802154541016e-01
6.241761445999145508e-01
5.511292219161987305e-01
5.221469402313232422e-01
6.559541821479797363e-01
5.764709711074829102e-01
6.653817296028137207e-01
5.094191431999206543e-01
6.573947072029113770e-01
7.190282344818115234e-01
6.134399175643920898e-01
5.330468416213989258e-01
6.891039609909057617e-01
5.648078322410583496e-01
6.465049982070922852e-01
6.337727308273315430e-01
5.452231168746948242e-01
7.571980953216552734e-01
6.580930948257446289e-01
6.269460320472717285e-01
6.748937368392944336e-01
6.226749420166015625e-01
5.035796165466308594e-01
5.397667288780212402e-01
7.466115355491638184e-01
5.863550305366516113e-01
6.938473582267761230e-01
5.531768202781677246e-01
6.389652490615844727e-01
6.125197410583496094e-01
6.903786063194274902e-01
6.121056675910949707e-01
4.286952614784240723e-01
7.585178017616271973e-01
6.419485807418823242e-01
6.072673797607421875e-01
4.877300858497619629e-01
5.206015110015869141e-01
6.449831724166870117e-01
7.628397941589355469e-01
6.598330736160278320e-01
6.727035045623779297e-01
6.462017297744750977e-01
6.829562187194824219e-01
6.255807876586914062e-01
7.073498368263244629e-01
6.447950601577758789e-01
5.970863699913024902e-01
5.851932764053344727e-01
6.460614204406738281e-01
6.773868799209594727e-01
6.161949634552001953e-01
6.348152160644531250e-01
5.468578338623046875e-01
6.301361322402954102e-01
6.529977321624755859e-01
6.466745138168334961e-01
6.020182371139526367e-01
5.795804262161254883e-01
7.068536281585693359e-01
7.709444761276245117e-01
6.935206651687622070e-01
5.522466897964477539e-01
8.079749345779418945e-01
5.459916591644287109e-01
6.469815373420715332e-01
6.312475204467773438e-01
6.849340796470642090e-01
5.533797144889831543e-01
5.115208029747009277e-01
6.803316473960876465e-01
5.763109922409057617e-01
6.524336338043212891e-01
6.646653413772583008e-01
5.345427393913269043e-01
5.305845737457275391e-01
5.838437676429748535e-01
7.012891769409179688e-01
5.895749330520629883e-01
5.813269615173339844e-01
7.095772027969360352e-01
6.149399876594543457e-01
5.861730575561523438e-01
5.520468950271606445e-01
7.919157147407531738e-01
6.730823516845703125e-01
6.359838247299194336e-01
6.801508665084838867e-01
4.943816661834716797e-01
6.489463448524475098e-01
6.188026070594787598e-01
6.405072808265686035e-01
6.789999008178710938e-01
7.745939493179321289e-01
5.861464738845825195e-01
6.757061481475830078e-01
6.180763840675354004e-01
6.579979658126831055e-01
6.293821930885314941e-01
6.144242882728576660e-01
5.458489060401916504e-01
5.466324090957641602e-01
5.086248517036437988e-01
5.069828033447265625e-01
6.088156700134277344e-01
7.108649015426635742e-01
7.397680282592773438e-01
6.539771556854248047e-01
7.333720922470092773e-01
5.992120504379272461e-01
6.478260755538940430e-01
5.933520197868347168e-01
6.831908226013183594e-01
7.250334024429321289e-01
6.597952246665954590e-01
5.915357470512390137e-01
7.249397635459899902e-01
6.257477402687072754e-01
7.001727819442749023e-01
7.356451749801635742e-01
6.625478267669677734e-01
5.718245506286621094e-01
6.039581298828125000e-01
6.107643842697143555e-01
6.619035005569458008e-01
5.676741600036621094e-01
7.979872226715087891e-01
6.913349032402038574e-01
5.897573828697204590e-01
5.808830857276916504e-01
6.511104106903076172e-01
5.598623156547546387e-01
6.590486764907836914e-01
5.442720651626586914e-01
7.443093061447143555e-01
6.163685321807861328e-01
5.991596579551696777e-01
5.681219100952148438e-01
5.891119241714477539e-01
5.970096588134765625e-01
6.617943048477172852e-01
5.488449335098266602e-01
6.741252541542053223e-01
6.837937831878662109e-01
8.451282382011413574e-01
6.174525022506713867e-01
7.334278225898742676e-01
6.066237688064575195e-01
6.239841580390930176e-01
6.473319530487060547e-01
5.793873667716979980e-01
5.667737722396850586e-01
5.831058025360107422e-01
6.243757605552673340e-01
6.351236104965209961e-01
6.437188386917114258e-01
6.962282657623291016e-01
7.141200304031372070e-01
5.878684520721435547e-01
5.679036378860473633e-01
6.505383849143981934e-01
6.808871030807495117e-01
5.118161439895629883e-01
5.268697738647460938e-01
6.790841221809387207e-01
5.385453104972839355e-01
6.697218418121337891e-01
6.199498176574707031e-01
5.981996059417724609e-01
6.393865346908569336e-01
6.331483125686645508e-01
5.422916412353515625e-01
6.458249092102050781e-01
7.106624841690063477e-01
5.925586223602294922e-01
6.348180770874023438e-01
6.471368074417114258e-01
5.671664476394653320e-01
6.743797063827514648e-01
6.319815516471862793e-01
7.174661159515380859e-01
8.103283643722534180e-01
5.159541368484497070e-01
7.038776278495788574e-01
5.803623199462890625e-01
6.739434003829956055e-01
5.708894133567810059e-01
5.153105854988098145e-01
6.373659372329711914e-01
6.707348227500915527e-01
8.821341991424560547e-01
6.961290240287780762e-01
6.803642511367797852e-01
6.562240123748779297e-01
5.932346582412719727e-01
5.748904943466186523e-01
5.970242023468017578e-01
5.542649030685424805e-01
6.021677255630493164e-01
5.884122848510742188e-01
6.893472671508789062e-01
5.827962160110473633e-01
6.054611206054687500e-01
5.765031576156616211e-01
5.958400368690490723e-01
6.720136404037475586e-01
5.983775258064270020e-01
6.557847857475280762e-01
6.283437013626098633e-01
5.353231430053710938e-01
7.379008531570434570e-01
5.597850084304809570e-01
6.203062534332275391e-01
7.374975681304931641e-01
6.804007291793823242e-01
6.335580348968505859e-01
6.695066690444946289e-01
5.814179778099060059e-01
7.429811954498291016e-01
8.317301273345947266e-01
6.266971230506896973e-01
7.296123504638671875e-01
6.393429040908813477e-01
6.490604281425476074e-01
7.229277491569519043e-01
6.195498704910278320e-01
7.486903667449951172e-01
7.017817497253417969e-01
5.303339362144470215e-01
6.803638935089111328e-01
6.442203521728515625e-01
6.219824552536010742e-01
7.033909559249877930e-01
5.533198118209838867e-01
6.547891497611999512e-01
6.359053254127502441e-01
6.917862892150878906e-01
6.175607442855834961e-01
7.402442693710327148e-01
5.821899771690368652e-01
6.544846296310424805e-01
5.944339632987976074e-01
5.874692797660827637e-01
6.511558890342712402e-01
7.557027339935302734e-01
5.463917255401611328e-01
5.562777519226074219e-01
7.136039733886718750e-01
5.866440534591674805e-01
6.436794996261596680e-01
7.991596460342407227e-01
6.484603881835937500e-01
6.769627332687377930e-01
4.939208924770355225e-01
5.792897939682006836e-01
6.182680130004882812e-01
6.241106390953063965e-01
4.908194541931152344e-01
5.443544387817382812e-01
5.934697389602661133e-01
5.259656310081481934e-01
6.646685004234313965e-01
5.099053382873535156e-01
5.589335560798645020e-01
5.615844726562500000e-01
6.784263253211975098e-01
4.590116739273071289e-01
5.116276741027832031e-01
5.439240932464599609e-01
6.291390657424926758e-01
4.627478122711181641e-01
5.612475275993347168e-01
5.743656158447265625e-01
6.915942430496215820e-01
6.209132671356201172e-01
5.216048955917358398e-01
7.130013108253479004e-01
5.476518273353576660e-01
6.070268154144287109e-01
5.603554844856262207e-01
5.383393764495849609e-01
5.335575342178344727e-01
6.890950798988342285e-01
5.531865954399108887e-01
5.753371715545654297e-01
5.985604524612426758e-01
5.762742757797241211e-01
6.422654390335083008e-01
5.976039171218872070e-01
6.633729934692382812e-01
5.477224588394165039e-01
5.950636863708496094e-01
4.773244857788085938e-01
5.521572828292846680e-01
6.732984185218811035e-01
5.624535083770751953e-01
7.201744318008422852e-01
5.735830068588256836e-01
5.684595108032226562e-01
5.333815813064575195e-01
6.695786714553833008e-01
5.990850329399108887e-01
6.555414199829101562e-01
5.367490053176879883e-01
6.182686090469360352e-01
5.213123559951782227e-01
6.405867934226989746e-01
5.192427635192871094e-01
7.760844230651855469e-01
5.472477674484252930e-01
5.835674405097961426e-01
6.738823056221008301e-01
5.632326602935791016e-01
5.741463303565979004e-01
5.358152389526367188e-01
5.883500576019287109e-01
5.623203516006469727e-01
6.189357638359069824e-01
5.682994127273559570e-01
6.666963696479797363e-01
5.005785226821899414e-01
5.892829298973083496e-01
5.027506351470947266e-01
6.751130819320678711e-01
5.247670412063598633e-01
5.795249342918395996e-01
5.478994846343994141e-01
7.189856767654418945e-01
6.267458796501159668e-01
5.639673471450805664e-01
5.556085109710693359e-01
5.741508007049560547e-01
6.369935274124145508e-01
6.544519662857055664e-01
5.834769010543823242e-01
6.852557659149169922e-01
5.351843833923339844e-01
6.155335903167724609e-01
6.544095277786254883e-01
6.283582448959350586e-01
5.221320390701293945e-01
7.456064224243164062e-01
5.785394310951232910e-01
5.579709410667419434e-01
5.004951953887939453e-01
5.866123437881469727e-01
5.654746294021606445e-01
5.966427326202392578e-01
6.456790566444396973e-01
5.363144278526306152e-01
7.482870817184448242e-01
5.127140879631042480e-01
7.975153923034667969e-01
5.433639287948608398e-01
5.105402469635009766e-01
7.622070312500000000e-01
6.289169192314147949e-01
6.177929639816284180e-01
6.583226919174194336e-01
6.712172031402587891e-01
6.415169239044189453e-01
6.522626876831054688e-01
4.486863613128662109e-01
5.192269086837768555e-01
6.093541979789733887e-01
6.123053431510925293e-01
7.040355205535888672e-01
5.715991258621215820e-01
8.022590875625610352e-01
5.719465017318725586e-01
6.022595167160034180e-01
5.456152558326721191e-01
7.363603711128234863e-01
6.375792622566223145e-01
6.105840206146240234e-01
4.537816345691680908e-01
6.914424896240234375e-01
4.902369379997253418e-01
7.757390737533569336e-01
6.979338526725769043e-01
5.918872952461242676e-01
5.882078409194946289e-01
6.264075040817260742e-01
5.475675463676452637e-01
5.845291018486022949e-01
6.488814353942871094e-01
6.613180041313171387e-01
5.035764575004577637e-01
6.874292492866516113e-01
6.260794401168823242e-01
6.499349474906921387e-01
5.080059766769409180e-01
7.106021642684936523e-01
6.048587560653686523e-01
5.529580116271972656e-01
6.593280434608459473e-01
5.647451281547546387e-01
5.084559917449951172e-01
4.787554144859313965e-01
5.693593025207519531e-01
5.432686209678649902e-01
6.155807971954345703e-01
6.235151290893554688e-01
4.925320148468017578e-01
6.011544466018676758e-01
5.741188526153564453e-01
4.939604401588439941e-01
6.094754934310913086e-01
6.901987791061401367e-01
6.084426045417785645e-01
6.286133527755737305e-01
7.125936150550842285e-01
7.254590988159179688e-01
7.537288665771484375e-01
5.213037729263305664e-01
6.785453557968139648e-01
5.957900881767272949e-01
7.934359312057495117e-01
6.511808633804321289e-01
6.450581550598144531e-01
4.988999366760253906e-01
5.552210211753845215e-01
6.479806303977966309e-01
6.491938829421997070e-01
6.108469963073730469e-01
6.150705218315124512e-01
6.873388886451721191e-01
5.953975319862365723e-01
6.621984243392944336e-01
6.577727794647216797e-01
6.047981381416320801e-01
6.716986894607543945e-01
6.244344711303710938e-01
5.717575550079345703e-01
7.187934517860412598e-01
5.294547677040100098e-01
6.973172426223754883e-01
6.378695964813232422e-01
5.333016514778137207e-01
6.055177450180053711e-01
6.291209459304809570e-01
6.967738866806030273e-01
5.022575259208679199e-01
6.565281152725219727e-01
6.860460042953491211e-01
5.942590832710266113e-01
6.548444032669067383e-01
6.810789704322814941e-01
6.041195392608642578e-01
5.871427655220031738e-01
5.149703025817871094e-01
6.796113252639770508e-01
5.863470435142517090e-01
5.031067132949829102e-01
5.541435480117797852e-01
5.478318333625793457e-01
6.274908781051635742e-01
6.625618934631347656e-01
5.452849268913269043e-01
6.718935370445251465e-01
5.697959065437316895e-01
5.623145103454589844e-01
5.969244241714477539e-01
6.493643522262573242e-01
6.281930208206176758e-01
7.153655886650085449e-01
6.499159336090087891e-01
6.006886959075927734e-01
4.810288548469543457e-01
5.611160397529602051e-01
5.544763207435607910e-01
4.879998564720153809e-01
6.858338117599487305e-01
7.213993668556213379e-01
6.326388120651245117e-01
7.335895299911499023e-01
7.089830636978149414e-01
5.233300924301147461e-01
6.122235655784606934e-01
5.122274160385131836e-01
6.538600921630859375e-01
5.397114753723144531e-01
6.536791324615478516e-01
7.002063989639282227e-01
7.606506943702697754e-01
6.628189086914062500e-01
6.658036708831787109e-01
5.080323219299316406e-01
7.728040218353271484e-01
5.898694396018981934e-01
7.537107467651367188e-01
6.431912183761596680e-01
6.510885357856750488e-01
5.399043560028076172e-01
6.848035454750061035e-01
5.369014143943786621e-01
5.160377621650695801e-01
7.312830686569213867e-01
5.059168338775634766e-01
5.975005626678466797e-01
7.295399904251098633e-01
5.333589315414428711e-01
5.959949493408203125e-01
5.816837549209594727e-01
7.835282087326049805e-01
7.085633873939514160e-01
6.032463908195495605e-01
5.299192070960998535e-01
6.339217424392700195e-01
7.728363275527954102e-01
5.330628156661987305e-01
8.861426711082458496e-01
5.663055181503295898e-01
6.003841161727905273e-01
6.236621141433715820e-01
7.252240180969238281e-01
5.470050573348999023e-01
6.443779468536376953e-01
5.775435566902160645e-01
5.269140601158142090e-01
7.875847816467285156e-01
5.104160904884338379e-01
6.773260235786437988e-01
5.935083627700805664e-01
4.954864382743835449e-01
6.617189645767211914e-01
6.977350115776062012e-01
6.867762207984924316e-01
6.223644018173217773e-01
5.938411951065063477e-01
5.776783227920532227e-01
6.098181009292602539e-01
6.499010920524597168e-01
7.214126586914062500e-01
5.872570872306823730e-01
5.435636043548583984e-01
5.271834135055541992e-01
6.360186338424682617e-01
5.698915719985961914e-01
6.148954629898071289e-01
6.234300732612609863e-01
6.684945821762084961e-01
7.279160618782043457e-01
6.109496355056762695e-01
5.542445182800292969e-01
6.682346463203430176e-01
5.856828689575195312e-01
5.449011921882629395e-01
7.731382846832275391e-01
7.363998889923095703e-01
6.185717582702636719e-01
6.191184520721435547e-01
5.687043666839599609e-01
4.601443409919738770e-01
6.805382370948791504e-01
5.725710391998291016e-01
5.623252391815185547e-01
5.851243138313293457e-01
6.383986473083496094e-01
5.947479009628295898e-01
5.632845759391784668e-01
7.037911415100097656e-01
4.803404211997985840e-01
6.438105702400207520e-01
7.008484005928039551e-01
6.355296373367309570e-01
6.186755895614624023e-01
7.568839788436889648e-01
6.503188610076904297e-01
6.972683072090148926e-01
7.272374629974365234e-01
6.343659162521362305e-01
6.673907041549682617e-01
6.335732936859130859e-01
6.315217614173889160e-01
6.417612433433532715e-01
5.478745698928833008e-01
5.908730030059814453e-01
7.065070271492004395e-01
6.474083662033081055e-01
4.735626578330993652e-01
5.759568214416503906e-01
6.709881424903869629e-01
6.052314043045043945e-01
5.218308568000793457e-01
7.553653717041015625e-01
6.377778053283691406e-01
6.878691911697387695e-01
6.080363392829895020e-01
6.276747584342956543e-01
6.141868829727172852e-01
6.694791316986083984e-01
5.949229598045349121e-01
6.508863568305969238e-01
6.302198171615600586e-01
6.164398193359375000e-01
8.113887310028076172e-01
6.686549782752990723e-01
5.910687446594238281e-01
6.244823336601257324e-01
5.448529124259948730e-01
6.448459029197692871e-01
7.338102459907531738e-01
6.716979742050170898e-01
5.353947281837463379e-01
7.612016201019287109e-01
3.890649080276489258e-01
5.493025779724121094e-01
6.820009350776672363e-01
4.613995552062988281e-01
6.033148765563964844e-01
5.821481347084045410e-01
5.576963424682617188e-01
4.315194785594940186e-01
7.680832147598266602e-01
5.463039278984069824e-01
6.079179644584655762e-01
5.925850272178649902e-01
4.565269351005554199e-01
5.905435085296630859e-01
5.898706912994384766e-01
5.611509084701538086e-01
6.004486680030822754e-01
7.365662455558776855e-01
4.737137556076049805e-01
5.482975244522094727e-01
5.181037187576293945e-01
6.805573701858520508e-01
6.013749837875366211e-01
6.081170439720153809e-01
5.268315672874450684e-01
5.417263507843017578e-01
5.152385234832763672e-01
5.400773286819458008e-01
4.120696783065795898e-01
5.609010457992553711e-01
5.140512585639953613e-01
5.307297706604003906e-01
4.756632447242736816e-01
5.403766036033630371e-01
6.181641817092895508e-01
5.575134158134460449e-01
6.105655431747436523e-01
5.396425724029541016e-01
4.915880262851715088e-01
5.074854493141174316e-01
5.686184763908386230e-01
6.034845113754272461e-01
5.806612372398376465e-01
5.585432052612304688e-01
5.588271021842956543e-01
5.574909448623657227e-01
6.524525880813598633e-01
5.426827669143676758e-01
5.600654482841491699e-01
5.540219545364379883e-01
5.567963719367980957e-01
4.713822007179260254e-01
5.194810032844543457e-01
4.668886959552764893e-01
6.026261448860168457e-01
6.178540587425231934e-01
5.254567861557006836e-01
5.090258717536926270e-01
5.219681262969970703e-01
4.923179149627685547e-01
6.335884332656860352e-01
5.959328413009643555e-01
6.434538364410400391e-01
5.847460031509399414e-01
6.608846187591552734e-01
6.402776241302490234e-01
4.763712584972381592e-01
6.005042195320129395e-01
5.979744195938110352e-01
5.993767976760864258e-01
4.942909181118011475e-01
4.812753796577453613e-01
6.183456182479858398e-01
5.599515438079833984e-01
6.619111299514770508e-01
7.073624134063720703e-01
5.852029323577880859e-01
5.784439444541931152e-01
5.290328860282897949e-01
6.853944659233093262e-01
5.838918685913085938e-01
6.373265981674194336e-01
6.524642705917358398e-01
5.325024127960205078e-01
5.016213655471801758e-01
4.934126138687133789e-01
5.481389760971069336e-01
6.648461222648620605e-01
5.233168601989746094e-01
5.447001457214355469e-01
7.345272898674011230e-01
5.643132925033569336e-01
4.756214022636413574e-01
6.434745192527770996e-01
6.072418689727783203e-01
6.899250745773315430e-01
6.589325070381164551e-01
7.160242199897766113e-01
6.113971471786499023e-01
5.528541207313537598e-01
5.667820572853088379e-01
5.366851687431335449e-01
6.688631772994995117e-01
6.396782398223876953e-01
5.409967303276062012e-01
5.057864189147949219e-01
6.010894179344177246e-01
5.644534230232238770e-01
5.835330486297607422e-01
7.050858139991760254e-01
6.459850072860717773e-01
6.169791221618652344e-01
6.045676469802856445e-01
4.589989185333251953e-01
6.435365676879882812e-01
5.290445089340209961e-01
6.269346475601196289e-01
5.731661319732666016e-01
5.307247638702392578e-01
5.487084984779357910e-01
5.959441661834716797e-01
5.795617103576660156e-01
5.302676558494567871e-01
7.579149603843688965e-01
5.050040483474731445e-01
5.866885185241699219e-01
5.321817398071289062e-01
5.366784334182739258e-01
5.650106668472290039e-01
5.196169018745422363e-01
5.484384894371032715e-01
6.879501342773437500e-01
7.345919013023376465e-01
5.467658042907714844e-01
5.646412968635559082e-01
7.001974582672119141e-01
5.657610893249511719e-01
5.929821729660034180e-01
5.307841300964355469e-01
5.759196281433105469e-01
5.606536865234375000e-01
6.594035625457763672e-01
5.408559441566467285e-01
6.043560504913330078e-01
5.160553455352783203e-01
6.011274456977844238e-01
5.606016516685485840e-01
6.235641241073608398e-01
5.921618342399597168e-01
6.444047689437866211e-01
6.394890546798706055e-01
5.593929290771484375e-01
7.627325057983398438e-01
5.000647902488708496e-01
6.031703352928161621e-01
7.189024686813354492e-01
5.417358279228210449e-01
6.902195215225219727e-01
5.416908264160156250e-01
5.537494421005249023e-01
5.254506468772888184e-01
6.343662142753601074e-01
4.686966538429260254e-01
4.917927086353302002e-01
6.070268750190734863e-01
5.724790692329406738e-01
5.590920448303222656e-01
5.003146529197692871e-01
7.106831669807434082e-01
5.552381277084350586e-01
4.966754913330078125e-01
6.112653613090515137e-01
5.748723745346069336e-01
6.570639610290527344e-01
6.368383169174194336e-01
5.626764297485351562e-01
4.910053908824920654e-01
5.740622282028198242e-01
5.899670124053955078e-01
5.228689908981323242e-01
5.603513121604919434e-01
6.636893749237060547e-01
6.112169027328491211e-01
6.154716014862060547e-01
6.700121760368347168e-01
5.119131207466125488e-01
6.133712530136108398e-01
6.052327156066894531e-01
6.177073121070861816e-01
6.690714955329895020e-01
5.509982109069824219e-01
6.426225900650024414e-01
6.054519414901733398e-01
6.784645318984985352e-01
5.397903919219970703e-01
7.307677865028381348e-01
5.150843858718872070e-01
6.217634677886962891e-01
6.357409954071044922e-01
5.096698999404907227e-01
6.696490049362182617e-01
6.691637039184570312e-01
6.923097372055053711e-01
6.311476230621337891e-01
4.713070094585418701e-01
5.901600122451782227e-01
6.493622660636901855e-01
5.895729660987854004e-01
5.955312252044677734e-01
7.969939708709716797e-01
5.576679706573486328e-01
6.683327555656433105e-01
6.097939014434814453e-01
5.769965648651123047e-01
6.745654940605163574e-01
6.390058398246765137e-01
6.192707419395446777e-01
7.025032639503479004e-01
6.160307526588439941e-01
6.938490271568298340e-01
6.549942493438720703e-01
5.927946567535400391e-01
5.449865460395812988e-01
5.355166196823120117e-01
6.786809563636779785e-01
6.295771598815917969e-01
5.345692038536071777e-01
6.464425325393676758e-01
6.089829206466674805e-01
7.165113687515258789e-01
6.784573197364807129e-01
6.886168122291564941e-01
5.627627372741699219e-01
6.388282775878906250e-01
6.918950080871582031e-01
6.596170663833618164e-01
6.101447343826293945e-01
6.070584058761596680e-01
6.835247874259948730e-01
6.602437496185302734e-01
6.413909792900085449e-01
6.992530822753906250e-01
6.403030753135681152e-01
6.399829983711242676e-01
5.322689414024353027e-01
5.994666814804077148e-01
5.986958742141723633e-01
5.944240689277648926e-01
5.613113641738891602e-01
6.458159685134887695e-01
6.419481635093688965e-01
6.069784164428710938e-01
6.216774582862854004e-01
5.642980337142944336e-01
6.600127220153808594e-01
6.925382614135742188e-01
6.537095904350280762e-01
5.840315818786621094e-01
5.877589583396911621e-01
4.828151464462280273e-01
5.480086803436279297e-01
6.457771062850952148e-01
5.919620990753173828e-01
5.990772247314453125e-01
6.402819752693176270e-01
6.427896022796630859e-01
5.894275903701782227e-01
6.273136138916015625e-01
5.544071197509765625e-01
6.771057844161987305e-01
6.668343544006347656e-01
7.355142235755920410e-01
5.671241879463195801e-01
6.293006539344787598e-01
5.731301903724670410e-01
6.851887702941894531e-01
6.430034041404724121e-01
6.017085909843444824e-01
6.205942630767822266e-01
5.875644683837890625e-01
6.275987029075622559e-01
5.652235746383666992e-01
7.391695380210876465e-01
6.288616657257080078e-01
7.075908780097961426e-01
6.103569269180297852e-01
4.908395111560821533e-01
5.943569540977478027e-01
5.288869142532348633e-01
5.438976883888244629e-01
6.034728288650512695e-01
5.791298151016235352e-01
6.494663357734680176e-01
5.604031085968017578e-01
6.267381906509399414e-01
5.966527462005615234e-01
5.600360035896301270e-01
6.656278371810913086e-01
5.694820880889892578e-01
6.992032527923583984e-01
5.497431159019470215e-01
5.806148052215576172e-01
5.776745080947875977e-01
6.155483126640319824e-01
6.356663703918457031e-01
6.430318951606750488e-01
6.621480584144592285e-01
7.397210597991943359e-01
5.842308402061462402e-01
6.078503131866455078e-01
6.477602720260620117e-01
5.366112589836120605e-01
5.973844528198242188e-01
5.759271383285522461e-01
6.647998094558715820e-01
5.910099744796752930e-01
6.096407175064086914e-01
5.838532447814941406e-01
5.831701755523681641e-01
6.802546381950378418e-01
5.630182623863220215e-01
6.211899518966674805e-01
5.574181079864501953e-01
5.079843997955322266e-01
6.186264753341674805e-01
5.801003575325012207e-01
5.798532366752624512e-01
5.187273621559143066e-01
6.858327388763427734e-01
8.167893886566162109e-01
5.596000552177429199e-01
6.381677389144897461e-01
5.815595984458923340e-01
5.690072774887084961e-01
6.178752183914184570e-01
7.096506953239440918e-01
6.540035009384155273e-01
6.214886903762817383e-01
7.281989455223083496e-01
5.015785098075866699e-01
5.467635393142700195e-01
5.847920179367065430e-01
7.444432973861694336e-01
4.776608347892761230e-01
6.082015037536621094e-01
6.711941957473754883e-01
6.204464435577392578e-01
8.025135397911071777e-01
6.106715798377990723e-01
6.300973892211914062e-01
6.627071499824523926e-01
6.467056870460510254e-01
6.434906125068664551e-01
5.839855670928955078e-01
5.316405892372131348e-01
5.691804885864257812e-01
6.412280797958374023e-01
6.385266184806823730e-01
5.349121093750000000e-01
6.922191381454467773e-01
5.160567760467529297e-01
5.383272767066955566e-01
5.183637142181396484e-01
4.614968597888946533e-01
4.901080429553985596e-01
5.707589983940124512e-01
5.784506797790527344e-01
5.051195621490478516e-01
4.580311179161071777e-01
5.501366853713989258e-01
5.527187585830688477e-01
4.799976050853729248e-01
5.966995954513549805e-01
5.962069034576416016e-01
5.115377902984619141e-01
5.169181227684020996e-01
5.891274213790893555e-01
6.696105003356933594e-01
5.113881826400756836e-01
5.848380923271179199e-01
5.175559520721435547e-01
4.285633563995361328e-01
5.412983894348144531e-01
5.711270570755004883e-01
5.204696059226989746e-01
5.137842893600463867e-01
4.649307131767272949e-01
5.216121077537536621e-01
4.534501433372497559e-01
5.404710173606872559e-01
5.182747244834899902e-01
5.698003172874450684e-01
5.615784525871276855e-01
6.229802370071411133e-01
4.591928422451019287e-01
5.652056932449340820e-01
6.428590416908264160e-01
4.994590878486633301e-01
6.179064512252807617e-01
5.631173849105834961e-01
5.348168611526489258e-01
6.178277730941772461e-01
5.899415612220764160e-01
4.730870723724365234e-01
5.457869768142700195e-01
5.178874731063842773e-01
5.687183141708374023e-01
5.271166563034057617e-01
5.055888295173645020e-01
5.583848953247070312e-01
4.932856261730194092e-01
4.287555217742919922e-01
7.044215798377990723e-01
5.193724632263183594e-01
4.456563591957092285e-01
5.820322036743164062e-01
5.012289285659790039e-01
7.048707008361816406e-01
5.013380050659179688e-01
5.211170911788940430e-01
5.930837392807006836e-01
5.935735106468200684e-01
5.152567625045776367e-01
5.389702320098876953e-01
5.879390239715576172e-01
5.722988843917846680e-01
5.337725877761840820e-01
5.366249084472656250e-01
4.458204507827758789e-01
4.768294095993041992e-01
5.283119082450866699e-01
5.609003305435180664e-01
5.230723023414611816e-01
4.781194925308227539e-01
5.613151788711547852e-01
6.188979744911193848e-01
5.221421122550964355e-01
5.380660295486450195e-01
5.460170507431030273e-01
5.504767298698425293e-01
5.520989298820495605e-01
5.695527195930480957e-01
6.622748374938964844e-01
6.981774568557739258e-01
5.758787393569946289e-01
6.229479312896728516e-01
5.474796295166015625e-01
6.295731067657470703e-01
5.645610094070434570e-01
6.172640323638916016e-01
5.638405680656433105e-01
4.513808488845825195e-01
5.175170898437500000e-01
5.503563284873962402e-01
6.139586567878723145e-01
6.081163287162780762e-01
4.254509210586547852e-01
6.435817480087280273e-01
5.625588893890380859e-01
4.583891034126281738e-01
6.832419633865356445e-01
6.611222028732299805e-01
6.099357604980468750e-01
4.610595107078552246e-01
4.883446693420410156e-01
5.129920244216918945e-01
6.029721498489379883e-01
6.391819715499877930e-01
4.878225326538085938e-01
6.010227203369140625e-01
6.351615190505981445e-01
5.461058020591735840e-01
5.885040760040283203e-01
7.848658561706542969e-01
5.722032189369201660e-01
4.715353250503540039e-01
5.138658881187438965e-01
5.082902312278747559e-01
5.234696865081787109e-01
5.454030036926269531e-01
5.808129310607910156e-01
5.163543224334716797e-01
5.413285493850708008e-01
5.485372543334960938e-01
5.202153921127319336e-01
7.547506690025329590e-01
4.958835840225219727e-01
6.267761588096618652e-01
6.072065234184265137e-01
5.507287979125976562e-01
5.982775688171386719e-01
5.456186532974243164e-01
4.818561077117919922e-01
5.446174740791320801e-01
5.793088078498840332e-01
5.069893002510070801e-01
5.311189293861389160e-01
7.281695604324340820e-01
5.222164392471313477e-01
6.574906110763549805e-01
5.292123556137084961e-01
6.927292346954345703e-01
5.592220425605773926e-01
6.303189396858215332e-01
5.995929241180419922e-01
5.794479250907897949e-01
5.355917215347290039e-01
5.651718378067016602e-01
5.808013081550598145e-01
6.020371913909912109e-01
5.743661522865295410e-01
5.923128128051757812e-01
7.073086500167846680e-01
6.330338120460510254e-01
6.451711654663085938e-01
4.420166909694671631e-01
6.915202736854553223e-01
6.802090406417846680e-01
5.632606744766235352e-01
5.912970900535583496e-01
6.319495439529418945e-01
4.986520707607269287e-01
6.051786541938781738e-01
6.511030197143554688e-01
6.121509075164794922e-01
6.049216389656066895e-01
5.786108970642089844e-01
7.476767897605895996e-01
6.153374910354614258e-01
4.479659795761108398e-01
5.286427736282348633e-01
5.749793052673339844e-01
6.504596471786499023e-01
5.016051530838012695e-01
5.543957352638244629e-01
6.071137189865112305e-01
7.965837717056274414e-01
4.740331768989562988e-01
5.460290908813476562e-01
5.677591562271118164e-01
6.208086013793945312e-01
5.331385135650634766e-01
6.237219572067260742e-01
6.016511321067810059e-01
5.700354576110839844e-01
5.703854560852050781e-01
6.695238351821899414e-01
5.970282554626464844e-01
5.329771041870117188e-01
6.067919731140136719e-01
5.846878290176391602e-01
5.365363359451293945e-01
4.856744110584259033e-01
5.339659452438354492e-01
5.716773271560668945e-01
5.303072929382324219e-01
6.330885887145996094e-01
5.800340175628662109e-01
6.494791507720947266e-01
4.900032281875610352e-01
6.152198314666748047e-01
6.884956359863281250e-01
5.320978164672851562e-01
6.557953953742980957e-01
5.210623741149902344e-01
5.607795119285583496e-01
5.839419364929199219e-01
5.687627792358398438e-01
6.583195924758911133e-01
5.945556163787841797e-01
5.533534884452819824e-01
7.370738387107849121e-01
5.908886194229125977e-01
6.850956678390502930e-01
5.859296917915344238e-01
6.652255058288574219e-01
5.663143396377563477e-01
5.236052274703979492e-01
5.202952623367309570e-01
5.722931623458862305e-01
6.302762031555175781e-01
5.723652243614196777e-01
5.554514527320861816e-01
5.823007225990295410e-01
5.430231094360351562e-01
5.815600156784057617e-01
5.484599471092224121e-01
5.633451342582702637e-01
6.248403787612915039e-01
5.080970525741577148e-01
4.762319624423980713e-01
6.959901452064514160e-01
6.152463555335998535e-01
6.224722266197204590e-01
4.974378943443298340e-01
5.285604000091552734e-01
6.112700700759887695e-01
5.936682820320129395e-01
5.972940921783447266e-01
5.303773283958435059e-01
6.159532666206359863e-01
5.108315348625183105e-01
5.383758544921875000e-01
5.780897140502929688e-01
4.985816776752471924e-01
5.222678184509277344e-01
5.052972435951232910e-01
6.605468988418579102e-01
5.409427285194396973e-01
5.903296470642089844e-01
5.623208284378051758e-01
7.419363260269165039e-01
6.057431101799011230e-01
7.197965383529663086e-01
4.715246856212615967e-01
6.907344460487365723e-01
5.689510107040405273e-01
6.007481813430786133e-01
5.486586093902587891e-01
5.833227634429931641e-01
4.614020586013793945e-01
5.967444777488708496e-01
6.754918694496154785e-01
6.802237033843994141e-01
5.626804232597351074e-01
7.066543102264404297e-01
5.656720399856567383e-01
5.663661956787109375e-01
6.232953667640686035e-01
5.554601550102233887e-01
5.373588204383850098e-01
6.801891922950744629e-01
5.190134048461914062e-01
5.866330265998840332e-01
5.949716567993164062e-01
7.553952932357788086e-01
7.368957996368408203e-01
5.969175100326538086e-01
6.487523913383483887e-01
5.597968101501464844e-01
6.365474462509155273e-01
6.235164403915405273e-01
7.333520054817199707e-01
5.341172814369201660e-01
6.079854965209960938e-01
5.495751500129699707e-01
6.043499708175659180e-01
6.043733358383178711e-01
4.709161221981048584e-01
7.744923830032348633e-01
6.412596702575683594e-01
6.287353634834289551e-01
5.663212537765502930e-01
5.593105554580688477e-01
6.008572578430175781e-01
6.673000454902648926e-01
6.435203552246093750e-01
6.516674757003784180e-01
6.101620197296142578e-01
5.370019674301147461e-01
5.662562847137451172e-01
6.716172695159912109e-01
7.774460315704345703e-01
7.449482679367065430e-01
5.499404668807983398e-01
5.599467158317565918e-01
5.091865062713623047e-01
5.588035583496093750e-01
5.884928107261657715e-01
5.738883614540100098e-01
5.668450593948364258e-01
4.857557415962219238e-01
6.299536824226379395e-01
5.236520767211914062e-01
5.934041738510131836e-01
6.530006527900695801e-01
5.678645968437194824e-01
5.061922073364257812e-01
5.311684608459472656e-01
6.908562183380126953e-01
5.408691167831420898e-01
5.472422242164611816e-01
7.033680677413940430e-01
6.394181251525878906e-01
6.802279949188232422e-01
5.556179285049438477e-01
5.617814064025878906e-01
5.468711853027343750e-01
5.551766157150268555e-01
6.529853343963623047e-01
6.613245606422424316e-01
5.489269495010375977e-01
7.591497302055358887e-01
5.968397855758666992e-01
5.539255738258361816e-01
7.514798641204833984e-01
7.223200798034667969e-01
6.069094538688659668e-01
5.562762022018432617e-01
5.811325311660766602e-01
5.619855523109436035e-01
5.340211391448974609e-01
6.892532110214233398e-01
6.242675781250000000e-01
6.429532766342163086e-01
6.596555709838867188e-01
5.932964086532592773e-01
6.487834453582763672e-01
6.142013669013977051e-01
6.404171586036682129e-01
5.825724601745605469e-01
5.415620207786560059e-01
4.607593715190887451e-01
4.129352271556854248e-01
4.886871576309204102e-01
4.762811958789825439e-01
5.645148754119873047e-01
5.737127065658569336e-01
5.706694722175598145e-01
5.498948097229003906e-01
4.964136183261871338e-01
5.293563604354858398e-01
5.930595993995666504e-01
5.145334601402282715e-01
4.876605272293090820e-01
4.964352250099182129e-01
6.217786073684692383e-01
4.832251071929931641e-01
5.262048244476318359e-01
4.928350448608398438e-01
5.370486974716186523e-01
4.823224544525146484e-01
5.600221157073974609e-01
4.447479844093322754e-01
5.549315214157104492e-01
5.824394226074218750e-01
6.338142752647399902e-01
5.072453022003173828e-01
4.912636280059814453e-01
5.834623575210571289e-01
5.328817367553710938e-01
4.995076954364776611e-01
5.780196189880371094e-01
4.702585339546203613e-01
5.245835781097412109e-01
5.718812942504882812e-01
4.854302704334259033e-01
4.627059102058410645e-01
4.642629027366638184e-01
5.812018513679504395e-01
5.895690321922302246e-01
5.348756313323974609e-01
4.786447584629058838e-01
5.763854980468750000e-01
5.290294885635375977e-01
4.756260514259338379e-01
5.351933240890502930e-01
5.758631229400634766e-01
5.305302143096923828e-01
4.846784472465515137e-01
5.579153299331665039e-01
5.466893315315246582e-01
4.832334816455841064e-01
4.785515964031219482e-01
6.301918029785156250e-01
4.902418851852416992e-01
4.786079525947570801e-01
5.459089279174804688e-01
5.180311799049377441e-01
5.500001907348632812e-01
6.275763511657714844e-01
5.198430418968200684e-01
5.183472633361816406e-01
5.628815293312072754e-01
4.698000252246856689e-01
5.464792251586914062e-01
4.789689183235168457e-01
4.848934113979339600e-01
4.725683629512786865e-01
4.954504966735839844e-01
5.461007952690124512e-01
5.494311451911926270e-01
5.276211500167846680e-01
4.582436680793762207e-01
4.872976839542388916e-01
5.570199489593505859e-01
6.828309297561645508e-01
6.135707497596740723e-01
5.008456707000732422e-01
5.612372159957885742e-01
5.771204233169555664e-01
5.898883938789367676e-01
4.935979247093200684e-01
6.124471426010131836e-01
5.134801864624023438e-01
4.928458034992218018e-01
5.336072444915771484e-01
5.532407760620117188e-01
6.331344246864318848e-01
5.271365046501159668e-01
4.544222950935363770e-01
5.145352482795715332e-01
5.366365909576416016e-01
5.465714931488037109e-01
6.084980964660644531e-01
4.711430072784423828e-01
5.628535747528076172e-01
5.973508358001708984e-01
6.018548011779785156e-01
5.298565626144409180e-01
5.438051819801330566e-01
6.396182775497436523e-01
6.007621884346008301e-01
6.451094746589660645e-01
5.176423788070678711e-01
6.331992149353027344e-01
5.098203420639038086e-01
5.557485222816467285e-01
5.630904436111450195e-01
5.925830602645874023e-01
4.889521598815917969e-01
5.237679481506347656e-01
5.365195274353027344e-01
4.830865263938903809e-01
3.673379421234130859e-01
6.681208610534667969e-01
5.753245353698730469e-01
5.016812086105346680e-01
5.613820552825927734e-01
6.049069166183471680e-01
5.160582661628723145e-01
5.012841820716857910e-01
5.823227167129516602e-01
5.795677304267883301e-01
5.098987221717834473e-01
5.684584975242614746e-01
5.479789376258850098e-01
6.917242407798767090e-01
5.882933139801025391e-01
5.352612733840942383e-01
5.415212512016296387e-01
5.219621062278747559e-01
6.624357104301452637e-01
5.354284048080444336e-01
5.150058865547180176e-01
5.951099991798400879e-01
5.242338180541992188e-01
4.536021947860717773e-01
5.992864370346069336e-01
4.144911766052246094e-01
5.496564507484436035e-01
4.946283698081970215e-01
6.860644817352294922e-01
6.376717090606689453e-01
6.190078258514404297e-01
4.647362828254699707e-01
6.374613046646118164e-01
5.327368378639221191e-01
5.192475914955139160e-01
6.678802371025085449e-01
5.445185303688049316e-01
5.265154838562011719e-01
4.943853616714477539e-01
6.438208222389221191e-01
5.293779373168945312e-01
5.031858682632446289e-01
6.931756734848022461e-01
6.049233675003051758e-01
4.437335729598999023e-01
6.097249984741210938e-01
4.672809541225433350e-01
6.353462934494018555e-01
5.497729778289794922e-01
4.622524380683898926e-01
4.847632348537445068e-01
5.618265867233276367e-01
5.713734626770019531e-01
7.939968705177307129e-01
5.253734588623046875e-01
5.449814796447753906e-01
5.690005421638488770e-01
5.417644977569580078e-01
5.790616273880004883e-01
5.772498846054077148e-01
6.102777123451232910e-01
6.584587097167968750e-01
5.999591350555419922e-01
5.503307580947875977e-01
5.787763595581054688e-01
6.843202710151672363e-01
6.120680570602416992e-01
6.199160814285278320e-01
5.781822800636291504e-01
5.473913550376892090e-01
4.776653349399566650e-01
5.292060375213623047e-01
5.069529414176940918e-01
5.732476711273193359e-01
5.685369968414306641e-01
4.933142960071563721e-01
7.212789654731750488e-01
5.885781645774841309e-01
5.800017118453979492e-01
5.730717182159423828e-01
5.765817165374755859e-01
5.265704989433288574e-01
5.211705565452575684e-01
5.926771759986877441e-01
6.134518384933471680e-01
5.934395790100097656e-01
4.864061474800109863e-01
5.456466078758239746e-01
5.231773853302001953e-01
5.334590077400207520e-01
5.760388970375061035e-01
4.668427109718322754e-01
6.251382231712341309e-01
6.360105276107788086e-01
6.919708251953125000e-01
5.192121863365173340e-01
5.783191919326782227e-01
5.978724360466003418e-01
5.914198160171508789e-01
6.034138202667236328e-01
6.495386362075805664e-01
5.400927662849426270e-01
6.854118108749389648e-01
5.510251522064208984e-01
5.527482032775878906e-01
5.245780944824218750e-01
6.786068677902221680e-01
5.874641537666320801e-01
5.827222466468811035e-01
5.856548547744750977e-01
5.801765918731689453e-01
5.325771570205688477e-01
4.864722490310668945e-01
5.417916774749755859e-01
5.809196829795837402e-01
5.748104453086853027e-01
5.039219260215759277e-01
5.528057813644409180e-01
5.781274437904357910e-01
5.122292637825012207e-01
5.563745498657226562e-01
6.106982231140136719e-01
5.619334578514099121e-01
7.173150777816772461e-01
4.839367270469665527e-01
5.330540537834167480e-01
6.343193054199218750e-01
6.484848260879516602e-01
5.642340183258056641e-01
7.643997669219970703e-01
5.920737981796264648e-01
5.562785863876342773e-01
7.092419266700744629e-01
6.140071153640747070e-01
4.518187642097473145e-01
5.011118650436401367e-01
6.151283383369445801e-01
5.118588209152221680e-01
4.922675490379333496e-01
5.578927993774414062e-01
5.396535992622375488e-01
5.946621894836425781e-01
6.382954120635986328e-01
5.154707431793212891e-01
5.055404901504516602e-01
6.063526868820190430e-01
6.466879248619079590e-01
5.898306369781494141e-01
5.400835871696472168e-01
5.009321570396423340e-01
6.136415600776672363e-01
5.355823040008544922e-01
5.052211284637451172e-01
5.486321449279785156e-01
6.579731702804565430e-01
6.602163910865783691e-01
5.984711647033691406e-01
5.751545429229736328e-01
5.843818187713623047e-01
5.809720158576965332e-01
6.183841228485107422e-01
5.538221001625061035e-01
6.378951072692871094e-01
6.077109575271606445e-01
4.209128618240356445e-01
6.028818488121032715e-01
5.343537330627441406e-01
5.651447772979736328e-01
5.928218960762023926e-01
5.841366052627563477e-01
5.595537424087524414e-01
5.568674802780151367e-01
5.689929127693176270e-01
6.446727514266967773e-01
6.591637730598449707e-01
5.283290743827819824e-01
6.678963899612426758e-01
6.389707922935485840e-01
5.839337706565856934e-01
6.177709102630615234e-01
5.769809484481811523e-01
6.495749354362487793e-01
5.269239544868469238e-01
7.782521247863769531e-01
6.218966245651245117e-01
7.928771376609802246e-01
5.647912621498107910e-01
4.738007187843322754e-01
5.637217760086059570e-01
5.561271905899047852e-01
6.693472862243652344e-01
4.957647323608398438e-01
5.317628383636474609e-01
5.492054224014282227e-01
5.291531682014465332e-01
5.187277197837829590e-01
7.369045615196228027e-01
5.670302510261535645e-01
5.689241886138916016e-01
5.251276493072509766e-01
5.579670667648315430e-01
6.787693500518798828e-01
6.013270020484924316e-01
6.142736673355102539e-01
7.415804862976074219e-01
7.270699739456176758e-01
5.908695459365844727e-01
6.075184345245361328e-01
5.457244515419006348e-01
5.559132099151611328e-01
6.489025354385375977e-01
5.299488902091979980e-01
6.545008420944213867e-01
5.782393217086791992e-01
5.284351110458374023e-01
5.907179713249206543e-01
6.378691792488098145e-01
6.295108795166015625e-01
6.913306713104248047e-01
5.195463299751281738e-01
5.294983386993408203e-01
6.330970525741577148e-01
5.753113031387329102e-01
7.548707127571105957e-01
4.541988968849182129e-01
5.992906093597412109e-01
7.015500664710998535e-01
6.751849651336669922e-01
5.342643260955810547e-01
5.512844324111938477e-01
6.477173566818237305e-01
6.032600402832031250e-01
5.235924720764160156e-01
6.444905996322631836e-01
5.260720849037170410e-01
7.019205093383789062e-01
4.722776710987091064e-01
5.637823939323425293e-01
5.424572229385375977e-01
4.670029878616333008e-01
5.756211280822753906e-01
5.318748950958251953e-01
4.807582497596740723e-01
5.220269560813903809e-01
5.778603553771972656e-01
4.719527959823608398e-01
5.796352624893188477e-01
5.172255635261535645e-01
5.316200256347656250e-01
5.852942466735839844e-01
5.624248385429382324e-01
4.475589394569396973e-01
4.202874600887298584e-01
5.079078674316406250e-01
5.251948237419128418e-01
5.254105925559997559e-01
6.740072965621948242e-01
5.694146156311035156e-01
4.664952456951141357e-01
6.073758602142333984e-01
5.071699619293212891e-01
4.726832807064056396e-01
4.237901568412780762e-01
5.902007818222045898e-01
4.450477361679077148e-01
4.593355059623718262e-01
4.192145466804504395e-01
4.763509333133697510e-01
5.910258889198303223e-01
5.382141470909118652e-01
5.934810042381286621e-01
4.770682454109191895e-01
5.262987613677978516e-01
5.187644958496093750e-01
5.581989288330078125e-01
4.893165230751037598e-01
5.234936475753784180e-01
4.773685336112976074e-01
5.668979287147521973e-01
5.867360830307006836e-01
4.992626011371612549e-01
4.603377580642700195e-01
4.885484874248504639e-01
5.300647020339965820e-01
5.162549614906311035e-01
5.576699972152709961e-01
5.249882340431213379e-01
5.965130329132080078e-01
5.042855739593505859e-01
5.875544548034667969e-01
5.575153231620788574e-01
6.184293031692504883e-01
4.259135723114013672e-01
4.239803850650787354e-01
5.455586910247802734e-01
4.835173487663269043e-01
5.768151879310607910e-01
4.582477807998657227e-01
5.932472944259643555e-01
4.743227660655975342e-01
6.409156322479248047e-01
5.258257389068603516e-01
5.267620086669921875e-01
5.328373908996582031e-01
4.903600811958312988e-01
5.272234678268432617e-01
6.255548596382141113e-01
6.056985855102539062e-01
5.554461479187011719e-01
5.272704958915710449e-01
5.547404289245605469e-01
5.515193939208984375e-01
5.648689270019531250e-01
5.221846103668212891e-01
4.614932537078857422e-01
5.835781693458557129e-01
4.771718382835388184e-01
4.892827272415161133e-01
5.798382759094238281e-01
5.131243467330932617e-01
5.860271453857421875e-01
5.681064724922180176e-01
4.843385219573974609e-01
4.564352631568908691e-01
4.976653754711151123e-01
4.989793300628662109e-01
5.722195506095886230e-01
5.354543924331665039e-01
5.837736129760742188e-01
6.222544908523559570e-01
5.483299493789672852e-01
4.607350528240203857e-01
5.234440565109252930e-01
5.374054312705993652e-01
6.689132452011108398e-01
5.450227856636047363e-01
5.579900741577148438e-01
5.655195713043212891e-01
5.411868691444396973e-01
5.512693524360656738e-01
4.655812382698059082e-01
4.325804114341735840e-01
4.779863953590393066e-01
6.229785084724426270e-01
5.866159200668334961e-01
5.625112652778625488e-01
4.857013225555419922e-01
5.021717548370361328e-01
5.327972173690795898e-01
5.813289284706115723e-01
5.495828986167907715e-01
4.838622212409973145e-01
5.758582353591918945e-01
5.276960134506225586e-01
4.737318754196166992e-01
5.396255850791931152e-01
6.175593733787536621e-01
6.110028624534606934e-01
4.843434095382690430e-01
5.469322800636291504e-01
5.192465186119079590e-01
4.834443330764770508e-01
4.408700466156005859e-01
5.745009779930114746e-01
4.620036482810974121e-01
5.568517446517944336e-01
5.541999936103820801e-01
4.640484750270843506e-01
5.308303833007812500e-01
5.488666296005249023e-01
5.705534219741821289e-01
5.185166597366333008e-01
4.892958998680114746e-01
4.937004446983337402e-01
7.293000221252441406e-01
5.130881071090698242e-01
4.813216328620910645e-01
7.429481744766235352e-01
5.036642551422119141e-01
6.630555987358093262e-01
5.843982100486755371e-01
4.826024174690246582e-01
4.603191316127777100e-01
6.367790699005126953e-01
4.816929101943969727e-01
4.886321127414703369e-01
4.769203066825866699e-01
5.005946159362792969e-01
5.741833448410034180e-01
5.149427652359008789e-01
4.749605655670166016e-01
5.053282976150512695e-01
5.072128772735595703e-01
5.206534266471862793e-01
6.171961426734924316e-01
6.308668851852416992e-01
5.987182855606079102e-01
6.342244148254394531e-01
5.353525280952453613e-01
6.052334308624267578e-01
6.431173682212829590e-01
5.497953295707702637e-01
4.585517644882202148e-01
4.447622895240783691e-01
5.617592930793762207e-01
6.173032522201538086e-01
5.455741882324218750e-01
5.538693666458129883e-01
5.870256423950195312e-01
5.006254911422729492e-01
4.881426393985748291e-01
5.514696240425109863e-01
6.803082823753356934e-01
4.230111837387084961e-01
4.753015637397766113e-01
6.238996982574462891e-01
4.787094295024871826e-01
4.960100650787353516e-01
5.475902557373046875e-01
5.507052540779113770e-01
4.665775895118713379e-01
6.212965250015258789e-01
4.958421885967254639e-01
4.969499707221984863e-01
6.203904151916503906e-01
5.243080854415893555e-01
5.197951793670654297e-01
4.711981415748596191e-01
5.601838827133178711e-01
4.803148508071899414e-01
5.314567685127258301e-01
6.064496636390686035e-01
6.489315032958984375e-01
5.083039402961730957e-01
5.447696447372436523e-01
5.545876622200012207e-01
6.303910613059997559e-01
4.865076541900634766e-01
4.594900608062744141e-01
5.686057209968566895e-01
4.944300949573516846e-01
5.833699703216552734e-01
6.213223934173583984e-01
6.170372962951660156e-01
5.014371871948242188e-01
6.238452196121215820e-01
4.912991523742675781e-01
6.311925649642944336e-01
5.943856239318847656e-01
5.291534662246704102e-01
5.254784226417541504e-01
6.147485375404357910e-01
6.495508551597595215e-01
5.863819122314453125e-01
5.583629012107849121e-01
6.052833795547485352e-01
4.616900384426116943e-01
6.483907699584960938e-01
4.645629525184631348e-01
6.513739824295043945e-01
6.731141209602355957e-01
5.466544628143310547e-01
5.846316814422607422e-01
5.145430564880371094e-01
5.282069444656372070e-01
4.814538359642028809e-01
6.109457015991210938e-01
7.160068750381469727e-01
6.543980240821838379e-01
5.444908738136291504e-01
5.250283479690551758e-01
5.436913967132568359e-01
5.794997215270996094e-01
5.524722933769226074e-01
5.735433101654052734e-01
4.688545167446136475e-01
6.267793178558349609e-01
5.327787399291992188e-01
6.087759733200073242e-01
5.661852955818176270e-01
6.075212955474853516e-01
5.189966559410095215e-01
5.512509942054748535e-01
5.290787220001220703e-01
5.146511197090148926e-01
5.543071031570434570e-01
5.732567906379699707e-01
6.063118577003479004e-01
5.646839737892150879e-01
5.700831413269042969e-01
5.738456845283508301e-01
5.743692517280578613e-01
5.516172647476196289e-01
6.189266443252563477e-01
4.972442984580993652e-01
4.346771836280822754e-01
5.846219062805175781e-01
7.325009107589721680e-01
5.461132526397705078e-01
6.568926572799682617e-01
6.079056262969970703e-01
5.502655506134033203e-01
5.979609489440917969e-01
5.040568709373474121e-01
5.564290881156921387e-01
6.340299844741821289e-01
5.812956094741821289e-01
4.918387234210968018e-01
5.779882073402404785e-01
5.779612064361572266e-01
4.946417212486267090e-01
5.442210435867309570e-01
5.134055614471435547e-01
6.324447989463806152e-01
4.912244379520416260e-01
5.341379046440124512e-01
5.216228961944580078e-01
5.540597438812255859e-01
5.768185853958129883e-01
5.218430161476135254e-01
6.388188600540161133e-01
6.626162528991699219e-01
5.546240806579589844e-01
5.025850534439086914e-01
5.869895219802856445e-01
6.260751485824584961e-01
5.716686248779296875e-01
6.267936229705810547e-01
5.022673606872558594e-01
5.393912792205810547e-01
6.211622357368469238e-01
6.639909148216247559e-01
6.220682263374328613e-01
5.890080928802490234e-01
5.626787543296813965e-01
6.742373704910278320e-01
5.105803608894348145e-01
4.864419698715209961e-01
5.346781015396118164e-01
5.135786533355712891e-01
5.080133080482482910e-01
5.544741153717041016e-01
5.086990594863891602e-01
6.043165922164916992e-01
5.685887336730957031e-01
7.141075730323791504e-01
4.679359793663024902e-01
5.018088817596435547e-01
7.175517082214355469e-01
6.114872694015502930e-01
5.231950283050537109e-01
5.704613924026489258e-01
5.392969250679016113e-01
6.548224687576293945e-01
6.294744610786437988e-01
6.154010295867919922e-01
5.503774881362915039e-01
5.151857137680053711e-01
6.311501264572143555e-01
5.564600825309753418e-01
7.021425962448120117e-01
5.655906200408935547e-01
4.287841320037841797e-01
4.595345854759216309e-01
5.973441004753112793e-01
5.786177515983581543e-01
5.561626553535461426e-01
6.058578491210937500e-01
5.683155059814453125e-01
5.542503595352172852e-01
5.521280765533447266e-01
6.384183168411254883e-01
5.935608148574829102e-01
6.188883185386657715e-01
6.490342617034912109e-01
6.223133802413940430e-01
5.220213532447814941e-01
5.816957950592041016e-01
5.680099129676818848e-01
5.733952522277832031e-01
5.413182377815246582e-01
5.381985306739807129e-01
5.556237697601318359e-01
7.114287614822387695e-01
5.873473882675170898e-01
5.279018282890319824e-01
5.688083767890930176e-01
5.255451798439025879e-01
5.870319604873657227e-01
5.628404617309570312e-01
5.536779165267944336e-01
5.270704030990600586e-01
5.427901744842529297e-01
5.480285286903381348e-01
5.382448434829711914e-01
6.071157455444335938e-01
5.540705919265747070e-01
4.150614440441131592e-01
4.656316339969635010e-01
4.757709205150604248e-01
5.883469581604003906e-01
5.065008401870727539e-01
5.444176197052001953e-01
4.188796281814575195e-01
3.744223117828369141e-01
4.586175084114074707e-01
5.024785995483398438e-01
4.618316888809204102e-01
5.228754281997680664e-01
5.367648601531982422e-01
4.022507667541503906e-01
4.948909282684326172e-01
5.283772349357604980e-01
5.743187665939331055e-01
6.288763284683227539e-01
4.988456666469573975e-01
6.137086749076843262e-01
5.222349166870117188e-01
4.320288300514221191e-01
4.923120439052581787e-01
5.798217058181762695e-01
5.240801572799682617e-01
4.366592168807983398e-01
5.623184442520141602e-01
5.538369417190551758e-01
5.585792064666748047e-01
5.121399164199829102e-01
3.946198225021362305e-01
5.105395317077636719e-01
4.542654752731323242e-01
6.217847466468811035e-01
4.572513401508331299e-01
6.028559803962707520e-01
4.902723431587219238e-01
5.313393473625183105e-01
5.125300884246826172e-01
5.479415059089660645e-01
5.318942070007324219e-01
5.836476683616638184e-01
5.409600734710693359e-01
5.038923621177673340e-01
4.923428893089294434e-01
5.083199143409729004e-01
6.202374696731567383e-01
5.918679237365722656e-01
5.262871980667114258e-01
4.923614561557769775e-01
5.502139329910278320e-01
4.608319401741027832e-01
5.506267547607421875e-01
4.811636209487915039e-01
6.013773083686828613e-01
6.261101961135864258e-01
5.251628756523132324e-01
4.669265151023864746e-01
5.542526245117187500e-01
6.216301321983337402e-01
5.991554260253906250e-01
4.708455204963684082e-01
5.056782960891723633e-01
5.692451000213623047e-01
5.040358304977416992e-01
4.770426452159881592e-01
4.949940443038940430e-01
5.406841039657592773e-01
4.601860642433166504e-01
5.153526067733764648e-01
5.238497257232666016e-01
5.637879371643066406e-01
4.983237981796264648e-01
4.218533635139465332e-01
5.867947936058044434e-01
5.569495558738708496e-01
5.292850732803344727e-01
5.908433198928833008e-01
5.198334455490112305e-01
6.072739958763122559e-01
4.747380912303924561e-01
4.583866000175476074e-01
4.992810487747192383e-01
4.479784965515136719e-01
4.349598288536071777e-01
5.162061452865600586e-01
6.084541082382202148e-01
6.491913795471191406e-01
6.339648365974426270e-01
4.232234358787536621e-01
5.425005555152893066e-01
4.996055364608764648e-01
4.662541747093200684e-01
5.934944152832031250e-01
4.600406587123870850e-01
4.934780597686767578e-01
5.128676891326904297e-01
5.383436679840087891e-01
5.423389673233032227e-01
5.292094349861145020e-01
4.502004384994506836e-01
5.020787715911865234e-01
5.469921827316284180e-01
4.922968149185180664e-01
5.107140541076660156e-01
4.850150048732757568e-01
5.186473727226257324e-01
4.962881803512573242e-01
5.348485708236694336e-01
5.673024654388427734e-01
5.312908291816711426e-01
5.047875046730041504e-01
4.596647024154663086e-01
4.388625919818878174e-01
5.272540450096130371e-01
4.879646301269531250e-01
4.168623685836791992e-01
4.327049255371093750e-01
5.764153003692626953e-01
4.997231960296630859e-01
5.098191499710083008e-01
5.379252433776855469e-01
5.273762941360473633e-01
6.575356721878051758e-01
5.680211782455444336e-01
5.087699294090270996e-01
5.438913106918334961e-01
5.276082754135131836e-01
6.732574701309204102e-01
5.959898233413696289e-01
5.528963208198547363e-01
4.064147472381591797e-01
5.283780097961425781e-01
5.380576848983764648e-01
5.484617948532104492e-01
5.804996490478515625e-01
5.351192951202392578e-01
4.874117970466613770e-01
4.837818145751953125e-01
4.342416822910308838e-01
4.579097330570220947e-01
5.582100749015808105e-01
5.258843898773193359e-01
5.959052443504333496e-01
6.783410310745239258e-01
5.004774332046508789e-01
4.784221649169921875e-01
3.860351443290710449e-01
6.856055259704589844e-01
4.920764863491058350e-01
5.626596212387084961e-01
5.093182921409606934e-01
4.581424593925476074e-01
5.620138645172119141e-01
6.382238864898681641e-01
4.623376131057739258e-01
4.848472476005554199e-01
5.254932045936584473e-01
5.044468641281127930e-01
4.833413958549499512e-01
4.988094568252563477e-01
6.575089097023010254e-01
5.733294486999511719e-01
5.411968231201171875e-01
6.094305515289306641e-01
5.003170967102050781e-01
4.566181898117065430e-01
3.876564800739288330e-01
5.179968476295471191e-01
5.257861614227294922e-01
4.518887400627136230e-01
5.047933459281921387e-01
4.737053513526916504e-01
5.847909450531005859e-01
5.024003982543945312e-01
4.681364893913269043e-01
5.302634239196777344e-01
5.804895162582397461e-01
5.179491043090820312e-01
5.520313978195190430e-01
4.814095795154571533e-01
5.513972640037536621e-01
6.175906658172607422e-01
5.459171533584594727e-01
4.704892635345458984e-01
4.699071645736694336e-01
6.549544334411621094e-01
5.316217541694641113e-01
5.345724225044250488e-01
5.405091047286987305e-01
6.031899452209472656e-01
4.335994124412536621e-01
5.466176867485046387e-01
5.410363674163818359e-01
5.054570436477661133e-01
5.627679824829101562e-01
6.811724901199340820e-01
4.998559057712554932e-01
4.894381761550903320e-01
5.738258957862854004e-01
4.855480790138244629e-01
5.715171098709106445e-01
5.858994722366333008e-01
6.975865364074707031e-01
5.808569192886352539e-01
6.381061673164367676e-01
4.414185881614685059e-01
5.613934993743896484e-01
4.310308694839477539e-01
5.463824272155761719e-01
7.337879538536071777e-01
4.822116792201995850e-01
5.406709909439086914e-01
6.127731800079345703e-01
5.392721891403198242e-01
6.060454845428466797e-01
4.821561574935913086e-01
5.039131045341491699e-01
5.517127513885498047e-01
5.272691249847412109e-01
4.421786665916442871e-01
6.020135879516601562e-01
5.672050118446350098e-01
5.407363772392272949e-01
5.412963628768920898e-01
5.018808841705322266e-01
5.599676966667175293e-01
5.870496034622192383e-01
5.179612636566162109e-01
6.396530866622924805e-01
5.965070128440856934e-01
5.847400426864624023e-01
6.080244183540344238e-01
6.344828605651855469e-01
4.940407872200012207e-01
5.690438747406005859e-01
4.369441866874694824e-01
4.570455253124237061e-01
4.563720822334289551e-01
6.174560189247131348e-01
5.121436119079589844e-01
6.271328926086425781e-01
4.937863945960998535e-01
6.567354798316955566e-01
5.494678020477294922e-01
4.110953509807586670e-01
7.223277091979980469e-01
5.315383076667785645e-01
5.719423294067382812e-01
5.220479965209960938e-01
5.839030742645263672e-01
4.715054035186767578e-01
5.271702408790588379e-01
5.091649293899536133e-01
4.644263088703155518e-01
4.580225944519042969e-01
6.228916645050048828e-01
5.815724134445190430e-01
5.121408700942993164e-01
5.092070102691650391e-01
5.316252708435058594e-01
4.906298816204071045e-01
5.638587474822998047e-01
5.229951739311218262e-01
5.571779012680053711e-01
6.725255846977233887e-01
5.400757789611816406e-01
5.303002595901489258e-01
5.461350679397583008e-01
5.997195839881896973e-01
5.350611209869384766e-01
5.739305019378662109e-01
5.504485964775085449e-01
6.030287742614746094e-01
5.871568918228149414e-01
4.835394024848937988e-01
5.384176969528198242e-01
4.970312118530273438e-01
5.704984664916992188e-01
5.144311189651489258e-01
5.834804773330688477e-01
5.026211738586425781e-01
5.283918976783752441e-01
5.946888923645019531e-01
6.122180223464965820e-01
6.235648393630981445e-01
6.598082184791564941e-01
5.854609012603759766e-01
6.647150516510009766e-01
5.983740687370300293e-01
5.597954988479614258e-01
5.206093192100524902e-01
4.302995204925537109e-01
4.949497580528259277e-01
6.260057091712951660e-01
5.331084728240966797e-01
5.090649127960205078e-01
5.952162742614746094e-01
5.330591201782226562e-01
5.250797867774963379e-01
5.516411066055297852e-01
5.300325155258178711e-01
7.245973944664001465e-01
5.982758998870849609e-01
5.363563299179077148e-01
6.429665684700012207e-01
4.935842752456665039e-01
5.085000991821289062e-01
6.068166494369506836e-01
6.288963556289672852e-01
5.334029793739318848e-01
5.044324398040771484e-01
5.759030580520629883e-01
5.864703059196472168e-01
6.600443720817565918e-01
5.916607379913330078e-01
5.343650579452514648e-01
5.285038948059082031e-01
5.849428176879882812e-01
5.743561983108520508e-01
4.377377629280090332e-01
4.795339703559875488e-01
5.875274538993835449e-01
4.714057445526123047e-01
5.106844902038574219e-01
5.212236046791076660e-01
5.521157383918762207e-01
5.212702751159667969e-01
5.705802440643310547e-01
4.453260302543640137e-01
5.245070457458496094e-01
5.501272678375244141e-01
5.533717870712280273e-01
6.329210996627807617e-01
6.608200669288635254e-01
5.287046432495117188e-01
5.993193387985229492e-01
5.633287429809570312e-01
6.369847059249877930e-01
5.277847051620483398e-01
5.706478953361511230e-01
5.585081577301025391e-01
6.268069148063659668e-01
5.221799015998840332e-01
5.400916337966918945e-01
5.084795951843261719e-01
6.667248606681823730e-01
4.807284474372863770e-01
4.700850248336791992e-01
6.257833242416381836e-01
6.746656298637390137e-01
5.344449281692504883e-01
4.906647205352783203e-01
5.695002079010009766e-01
5.441915988922119141e-01
4.645728468894958496e-01
5.126996636390686035e-01
4.662274122238159180e-01
5.333120822906494141e-01
4.840039014816284180e-01
4.685662388801574707e-01
4.068132042884826660e-01
4.405000209808349609e-01
5.313389897346496582e-01
5.176345109939575195e-01
3.958003520965576172e-01
5.499837398529052734e-01
6.884862184524536133e-01
6.080243587493896484e-01
5.754624605178833008e-01
4.606261253356933594e-01
5.438654422760009766e-01
4.534114599227905273e-01
5.142275094985961914e-01
4.619097113609313965e-01
3.992375433444976807e-01
4.795218706130981445e-01
5.309478044509887695e-01
5.519642233848571777e-01
4.952319562435150146e-01
4.419813156127929688e-01
5.780916810035705566e-01
4.588760435581207275e-01
5.931310653686523438e-01
5.918539166450500488e-01
5.092707872390747070e-01
5.341210961341857910e-01
4.550797641277313232e-01
4.661538898944854736e-01
5.456435680389404297e-01
4.972647428512573242e-01
5.284328460693359375e-01
4.574015140533447266e-01
4.386989474296569824e-01
5.708501935005187988e-01
5.359543561935424805e-01
4.563680887222290039e-01
4.919922053813934326e-01
5.335819125175476074e-01
5.210459232330322266e-01
6.388522386550903320e-01
5.621781349182128906e-01
5.072283744812011719e-01
4.696279168128967285e-01
5.480909347534179688e-01
5.308750271797180176e-01
5.874609351158142090e-01
4.934425652027130127e-01
4.279323816299438477e-01
5.569675564765930176e-01
5.562521219253540039e-01
5.054110288619995117e-01
5.287305712699890137e-01
4.435185790061950684e-01
5.292993783950805664e-01
5.383949279785156250e-01
4.619063436985015869e-01
4.472152888774871826e-01
5.567567348480224609e-01
5.172014236450195312e-01
4.697326421737670898e-01
5.477977395057678223e-01
4.670138359069824219e-01
3.526894152164459229e-01
5.472334623336791992e-01
4.356942772865295410e-01
5.003702640533447266e-01
3.689297437667846680e-01
4.547235369682312012e-01
4.956628680229187012e-01
4.702720940113067627e-01
5.171588659286499023e-01
5.663346648216247559e-01
4.926277399063110352e-01
4.489721655845642090e-01
4.016386270523071289e-01
4.753237962722778320e-01
5.187004804611206055e-01
5.706353187561035156e-01
6.030839681625366211e-01
5.372852087020874023e-01
5.141633152961730957e-01
4.765154719352722168e-01
5.059059262275695801e-01
5.350939035415649414e-01
5.507602691650390625e-01
4.644777774810791016e-01
5.650404691696166992e-01
5.442106723785400391e-01
5.518233776092529297e-01
5.423473119735717773e-01
5.226927995681762695e-01
5.690840482711791992e-01
4.666403532028198242e-01
5.311518907546997070e-01
4.440670013427734375e-01
4.422163665294647217e-01
4.765408933162689209e-01
4.193353652954101562e-01
4.177489876747131348e-01
4.952051341533660889e-01
6.015530824661254883e-01
5.534961223602294922e-01
4.483116269111633301e-01
5.135222673416137695e-01
5.412214398384094238e-01
5.720211863517761230e-01
5.405197143554687500e-01
5.799285769462585449e-01
3.670185804367065430e-01
6.469159126281738281e-01
4.465944468975067139e-01
4.898071587085723877e-01
5.262351036071777344e-01
4.472384452819824219e-01
4.944602847099304199e-01
5.568150281906127930e-01
6.062307357788085938e-01
4.968808889389038086e-01
4.433291256427764893e-01
4.925900399684906006e-01
5.041861534118652344e-01
5.045369863510131836e-01
5.869535207748413086e-01
4.567590951919555664e-01
4.880639314651489258e-01
4.756612181663513184e-01
6.423569917678833008e-01
4.669668674468994141e-01
4.647578597068786621e-01
4.850420057773590088e-01
3.955855965614318848e-01
4.723746180534362793e-01
4.977760910987854004e-01
6.199676990509033203e-01
5.234944224357604980e-01
5.044742226600646973e-01
4.950069785118103027e-01
5.279290080070495605e-01
6.226522326469421387e-01
6.029720306396484375e-01
6.048513650894165039e-01
4.883941411972045898e-01
5.147945284843444824e-01
5.076384544372558594e-01
4.340268969535827637e-01
5.170646905899047852e-01
5.200370550155639648e-01
5.164282321929931641e-01
5.838615894317626953e-01
5.113049745559692383e-01
5.719918012619018555e-01
5.436638593673706055e-01
5.245779752731323242e-01
5.317088961601257324e-01
4.503668248653411865e-01
5.993318557739257812e-01
4.909811019897460938e-01
6.394871473312377930e-01
5.545008182525634766e-01
6.574169397354125977e-01
5.542096495628356934e-01
5.270172953605651855e-01
5.433518886566162109e-01
5.488929748535156250e-01
5.051458477973937988e-01
5.428221225738525391e-01
6.004847288131713867e-01
4.999932348728179932e-01
6.403223276138305664e-01
4.920704364776611328e-01
4.225005507469177246e-01
4.413626194000244141e-01
4.333274960517883301e-01
5.209134817123413086e-01
5.555940866470336914e-01
4.725859463214874268e-01
4.439901113510131836e-01
5.383099317550659180e-01
6.409229636192321777e-01
4.730785191059112549e-01
4.939877390861511230e-01
5.955524444580078125e-01
5.126193761825561523e-01
5.170347094535827637e-01
5.501301288604736328e-01
4.942219853401184082e-01
5.709670782089233398e-01
4.630728363990783691e-01
5.201534628868103027e-01
4.653652608394622803e-01
5.260895490646362305e-01
4.576356410980224609e-01
5.639678835868835449e-01
5.147529244422912598e-01
5.990415215492248535e-01
4.705843329429626465e-01
4.899136722087860107e-01
4.755131006240844727e-01
5.191940665245056152e-01
5.472730398178100586e-01
5.713818669319152832e-01
4.399009048938751221e-01
5.606478452682495117e-01
5.648595094680786133e-01
6.131464242935180664e-01
6.685079336166381836e-01
5.420321226119995117e-01
5.314717888832092285e-01
5.394483208656311035e-01
5.812256932258605957e-01
6.303414106369018555e-01
5.415940284729003906e-01
4.736802279949188232e-01
4.401796758174896240e-01
6.145489215850830078e-01
4.841601848602294922e-01
5.886560678482055664e-01
5.552315115928649902e-01
4.802910685539245605e-01
5.164044499397277832e-01
5.398914813995361328e-01
5.999405384063720703e-01
4.159761071205139160e-01
5.542148947715759277e-01
4.902084469795227051e-01
5.152688026428222656e-01
5.598928928375244141e-01
5.130900740623474121e-01
5.237952470779418945e-01
5.827074646949768066e-01
5.944645404815673828e-01
5.172997713088989258e-01
5.595988035202026367e-01
5.869441628456115723e-01
5.514837503433227539e-01
4.704329967498779297e-01
4.914530515670776367e-01
6.676217913627624512e-01
5.282683372497558594e-01
5.189532041549682617e-01
4.665350317955017090e-01
4.660602807998657227e-01
6.081655025482177734e-01
5.896677374839782715e-01
4.668377637863159180e-01
4.297939538955688477e-01
4.563080668449401855e-01
4.584693908691406250e-01
5.496318340301513672e-01
5.170637965202331543e-01
5.696747303009033203e-01
5.966935157775878906e-01
6.421606540679931641e-01
4.982665479183197021e-01
4.923365712165832520e-01
5.307978987693786621e-01
5.031486749649047852e-01
4.538486599922180176e-01
4.627943038940429688e-01
4.828749299049377441e-01
5.742467641830444336e-01
6.171228885650634766e-01
6.459994316101074219e-01
4.348150491714477539e-01
5.604501366615295410e-01
5.389016270637512207e-01
6.036754846572875977e-01
5.339167118072509766e-01
4.664899408817291260e-01
6.233054399490356445e-01
5.852382779121398926e-01
5.326621532440185547e-01
4.136103987693786621e-01
5.290087461471557617e-01
5.247521400451660156e-01
4.048789143562316895e-01
4.658969640731811523e-01
5.214608311653137207e-01
5.821267366409301758e-01
6.023287177085876465e-01
6.025029420852661133e-01
5.601834058761596680e-01
4.793003797531127930e-01
5.431950092315673828e-01
4.640811979770660400e-01
5.496723651885986328e-01
6.401553153991699219e-01
6.212680935859680176e-01
4.932781457901000977e-01
4.611061811447143555e-01
5.412390828132629395e-01
5.236058235168457031e-01
6.496255397796630859e-01
4.737577438354492188e-01
4.378381073474884033e-01
5.015226006507873535e-01
4.659273922443389893e-01
5.818233489990234375e-01
5.861473083496093750e-01
5.330435037612915039e-01
4.074024558067321777e-01
5.134809017181396484e-01
5.307931900024414062e-01
4.809548258781433105e-01
3.874343335628509521e-01
4.449321329593658447e-01
4.558993577957153320e-01
4.732932150363922119e-01
5.047164559364318848e-01
5.818231105804443359e-01
5.747690200805664062e-01
6.022582054138183594e-01
5.443915128707885742e-01
5.263527035713195801e-01
5.008856654167175293e-01
5.116921663284301758e-01
6.103235483169555664e-01
5.522867441177368164e-01
5.388889908790588379e-01
4.445643424987792969e-01
4.797241687774658203e-01
5.134699344635009766e-01
5.953226089477539062e-01
5.105615854263305664e-01
5.619564056396484375e-01
5.940184593200683594e-01
5.591088533401489258e-01
4.925849735736846924e-01
4.198971986770629883e-01
4.784458577632904053e-01
4.803191423416137695e-01
4.786935448646545410e-01
4.770480394363403320e-01
5.436093211174011230e-01
5.125842094421386719e-01
5.714238286018371582e-01
4.905132055282592773e-01
5.464805960655212402e-01
6.058634519577026367e-01
5.429714918136596680e-01
6.107003092765808105e-01
5.455356836318969727e-01
5.169708728790283203e-01
5.517625808715820312e-01
6.199238300323486328e-01
5.261656045913696289e-01
5.040559768676757812e-01
5.765938758850097656e-01
7.270352840423583984e-01
