1.350934982299804688e+01
1.396633720397949219e+01
1.404448318481445312e+01
1.347168159484863281e+01
1.346985721588134766e+01
1.319346237182617188e+01
1.397862434387207031e+01
1.331295013427734375e+01
1.337255954742431641e+01
1.335224056243896484e+01
1.283922767639160156e+01
1.273214626312255859e+01
1.300815010070800781e+01
1.245121002197265625e+01
1.165112972259521484e+01
1.253291225433349609e+01
1.198825454711914062e+01
1.208998870849609375e+01
1.220319080352783203e+01
1.134609794616699219e+01
1.169840049743652344e+01
1.149930858612060547e+01
1.143621063232421875e+01
1.053229331970214844e+01
1.025897216796875000e+01
1.090951347351074219e+01
9.778672218322753906e+00
1.032754516601562500e+01
9.952209472656250000e+00
9.666725158691406250e+00
9.647230148315429688e+00
9.251195907592773438e+00
8.973119735717773438e+00
8.257223129272460938e+00
8.500183105468750000e+00
7.982613563537597656e+00
7.383713245391845703e+00
7.549093723297119141e+00
6.938192367553710938e+00
6.655151367187500000e+00
6.497980594635009766e+00
6.154305934906005859e+00
6.189181327819824219e+00
5.027025222778320312e+00
5.172258377075195312e+00
4.602978229522705078e+00
4.175657272338867188e+00
3.954738140106201172e+00
3.856594085693359375e+00
2.716993808746337891e+00
2.691150188446044922e+00
2.482109546661376953e+00
2.322421789169311523e+00
2.010299682617187500e+00
1.933869600296020508e+00
2.013456821441650391e+00
1.613617658615112305e+00
1.569157361984252930e+00
1.542592167854309082e+00
1.348887205123901367e+00
1.590454578399658203e+00
1.346156835556030273e+00
1.405427932739257812e+00
1.256792545318603516e+00
1.431711196899414062e+00
1.307647824287414551e+00
1.574808120727539062e+00
1.406451225280761719e+00
1.455992221832275391e+00
1.300022125244140625e+00
1.415277481079101562e+00
1.444337129592895508e+00
1.247565269470214844e+00
1.206301689147949219e+00
1.228387355804443359e+00
1.210010290145874023e+00
1.117281198501586914e+00
1.313986539840698242e+00
1.266616940498352051e+00
1.105712771415710449e+00
1.108584880828857422e+00
1.038726925849914551e+00
1.159962415695190430e+00
1.197749018669128418e+00
1.069628238677978516e+00
1.041253089904785156e+00
9.165442585945129395e-01
1.065253257751464844e+00
1.266393780708312988e+00
1.098479509353637695e+00
1.058809995651245117e+00
1.042944192886352539e+00
7.971805334091186523e-01
1.023735046386718750e+00
1.068508863449096680e+00
9.660438895225524902e-01
1.097176551818847656e+00
9.710605144500732422e-01
1.009704351425170898e+00
8.969688415527343750e-01
9.422676563262939453e-01
1.075834751129150391e+00
9.054881930351257324e-01
9.331855773925781250e-01
8.220159411430358887e-01
1.102929830551147461e+00
9.345182180404663086e-01
9.134637713432312012e-01
9.689795374870300293e-01
8.925987482070922852e-01
1.040646672248840332e+00
1.042857885360717773e+00
8.830264806747436523e-01
9.694554209709167480e-01
1.015145063400268555e+00
9.838536977767944336e-01
7.662515640258789062e-01
9.118332862854003906e-01
1.010700702667236328e+00
1.040881156921386719e+00
8.088293075561523438e-01
9.672635197639465332e-01
9.210727214813232422e-01
9.236146211624145508e-01
1.104626893997192383e+00
9.117654561996459961e-01
1.041186094284057617e+00
9.344158172607421875e-01
7.183455228805541992e-01
9.969120621681213379e-01
9.859942793846130371e-01
7.661945819854736328e-01
9.485465288162231445e-01
8.592333793640136719e-01
1.069481253623962402e+00
8.957139253616333008e-01
8.127056360244750977e-01
9.460272789001464844e-01
9.718122482299804688e-01
9.042444229125976562e-01
8.180834054946899414e-01
8.543553352355957031e-01
8.231040835380554199e-01
8.343959450721740723e-01
9.488162398338317871e-01
9.266288876533508301e-01
8.577622175216674805e-01
1.000364899635314941e+00
1.042322397232055664e+00
9.223490357398986816e-01
9.402177333831787109e-01
8.865704536437988281e-01
7.627673745155334473e-01
8.510038256645202637e-01
9.054723978042602539e-01
1.039971351623535156e+00
9.031833410263061523e-01
8.300391435623168945e-01
7.956717014312744141e-01
7.118880152702331543e-01
9.710342884063720703e-01
1.086111783981323242e+00
7.545706629753112793e-01
8.126818537712097168e-01
1.018261909484863281e+00
9.235118031501770020e-01
8.409302234649658203e-01
9.081404805183410645e-01
7.869619131088256836e-01
8.252885341644287109e-01
1.093999266624450684e+00
8.497759103775024414e-01
9.639769196510314941e-01
9.899535775184631348e-01
1.000407695770263672e+00
9.362657070159912109e-01
9.867048859596252441e-01
8.304501771926879883e-01
9.267203807830810547e-01
8.005577325820922852e-01
1.053780078887939453e+00
8.203531503677368164e-01
7.170150279998779297e-01
9.242586493492126465e-01
8.429727554321289062e-01
9.473621845245361328e-01
8.493351340293884277e-01
6.440243721008300781e-01
8.649771213531494141e-01
9.152574539184570312e-01
8.898923397064208984e-01
7.515062093734741211e-01
9.229122400283813477e-01
8.169727325439453125e-01
7.091100215911865234e-01
7.400491237640380859e-01
8.609570264816284180e-01
9.223506450653076172e-01
8.143088817596435547e-01
7.904164195060729980e-01
8.244915604591369629e-01
6.755067110061645508e-01
8.678408861160278320e-01
9.585359692573547363e-01
7.583440542221069336e-01
8.328311443328857422e-01
8.971208333969116211e-01
9.762222170829772949e-01
9.410540461540222168e-01
9.716482162475585938e-01
6.901211142539978027e-01
6.509321331977844238e-01
7.418234348297119141e-01
7.321882843971252441e-01
8.893011212348937988e-01
8.522070646286010742e-01
9.576876163482666016e-01
9.633004665374755859e-01
7.067917585372924805e-01
8.984198570251464844e-01
8.182357549667358398e-01
7.360960245132446289e-01
7.177244424819946289e-01
7.720075845718383789e-01
7.751328945159912109e-01
8.515685200691223145e-01
7.569292783737182617e-01
8.302410840988159180e-01
7.716239690780639648e-01
9.506759643554687500e-01
7.989403009414672852e-01
7.567089796066284180e-01
8.836926221847534180e-01
8.980345726013183594e-01
7.581583261489868164e-01
7.473499774932861328e-01
8.021842241287231445e-01
9.122104048728942871e-01
9.408479928970336914e-01
9.299817085266113281e-01
7.420353293418884277e-01
7.185277938842773438e-01
8.589688539505004883e-01
8.248255848884582520e-01
6.731100082397460938e-01
8.123490214347839355e-01
8.785241246223449707e-01
7.460433244705200195e-01
8.531635999679565430e-01
8.289557695388793945e-01
9.886171817779541016e-01
8.724936246871948242e-01
9.466596841812133789e-01
8.308850526809692383e-01
7.872299551963806152e-01
8.395518064498901367e-01
7.892221212387084961e-01
9.447029829025268555e-01
8.750268220901489258e-01
8.058031797409057617e-01
8.269808292388916016e-01
8.376390337944030762e-01
7.734122276306152344e-01
7.170892953872680664e-01
8.530321121215820312e-01
8.342747688293457031e-01
7.364836335182189941e-01
6.973785161972045898e-01
7.612515687942504883e-01
7.670798301696777344e-01
9.357873201370239258e-01
8.010644316673278809e-01
6.954445242881774902e-01
9.065626859664916992e-01
7.150686979293823242e-01
8.385852575302124023e-01
1.024077892303466797e+00
7.396112680435180664e-01
6.500680446624755859e-01
8.187583684921264648e-01
8.007879257202148438e-01
8.394125103950500488e-01
7.868258953094482422e-01
8.106627464294433594e-01
9.364625811576843262e-01
6.392612457275390625e-01
7.495876550674438477e-01
9.439833760261535645e-01
9.437918663024902344e-01
7.913100123405456543e-01
8.221834897994995117e-01
7.964122295379638672e-01
8.264291286468505859e-01
8.247863054275512695e-01
7.181985974311828613e-01
8.823953270912170410e-01
7.811684012413024902e-01
6.659588813781738281e-01
6.871870756149291992e-01
9.981437921524047852e-01
7.636938691139221191e-01
8.214842081069946289e-01
8.800113201141357422e-01
7.450997233390808105e-01
6.929712295532226562e-01
8.384857177734375000e-01
8.070025444030761719e-01
9.067472219467163086e-01
9.799075126647949219e-01
8.692450523376464844e-01
9.255335330963134766e-01
7.083972692489624023e-01
7.073496580123901367e-01
8.920944333076477051e-01
7.872149944305419922e-01
7.446108460426330566e-01
7.709475755691528320e-01
8.301420807838439941e-01
7.532120347023010254e-01
7.401528358459472656e-01
7.474391460418701172e-01
7.548906207084655762e-01
8.182954192161560059e-01
7.874847650527954102e-01
6.547745466232299805e-01
8.661856055259704590e-01
7.161300182342529297e-01
8.315209746360778809e-01
9.313417673110961914e-01
7.113578319549560547e-01
7.132339477539062500e-01
6.977161169052124023e-01
9.073661565780639648e-01
7.436145544052124023e-01
8.314929008483886719e-01
7.674388885498046875e-01
7.593741416931152344e-01
7.113802433013916016e-01
6.969642639160156250e-01
7.330023050308227539e-01
8.794710636138916016e-01
8.254400491714477539e-01
8.269010782241821289e-01
7.496191859245300293e-01
7.873932123184204102e-01
7.213578820228576660e-01
7.393679022789001465e-01
8.659123182296752930e-01
7.767367362976074219e-01
7.649466991424560547e-01
8.215395212173461914e-01
8.150974512100219727e-01
7.937644720077514648e-01
7.247699499130249023e-01
8.491337299346923828e-01
7.658362388610839844e-01
7.217977643013000488e-01
7.635984420776367188e-01
7.476789951324462891e-01
7.414528131484985352e-01
7.579166889190673828e-01
7.465412616729736328e-01
6.410818099975585938e-01
6.464901566505432129e-01
7.205857038497924805e-01
7.840183973312377930e-01
9.381294250488281250e-01
6.223720908164978027e-01
6.689109206199645996e-01
8.537008166313171387e-01
8.367383480072021484e-01
9.426819086074829102e-01
7.706447839736938477e-01
6.326574087142944336e-01
7.890915870666503906e-01
7.248855829238891602e-01
7.380253076553344727e-01
6.377556324005126953e-01
6.895891427993774414e-01
6.369833946228027344e-01
7.821893095970153809e-01
5.892663598060607910e-01
7.214467525482177734e-01
7.952156066894531250e-01
5.950905084609985352e-01
8.159584999084472656e-01
5.703052878379821777e-01
6.453850865364074707e-01
8.315314054489135742e-01
7.666037678718566895e-01
6.606193780899047852e-01
6.864260435104370117e-01
9.273932576179504395e-01
6.655803918838500977e-01
8.389201164245605469e-01
7.379812002182006836e-01
8.137617111206054688e-01
6.929585933685302734e-01
7.244986295700073242e-01
7.780394554138183594e-01
8.267851471900939941e-01
7.378271818161010742e-01
8.040782809257507324e-01
7.272804379463195801e-01
5.713554620742797852e-01
6.739155650138854980e-01
7.199887037277221680e-01
8.497468829154968262e-01
6.825910806655883789e-01
8.103098869323730469e-01
6.080588698387145996e-01
6.699860095977783203e-01
6.829658746719360352e-01
7.850297093391418457e-01
7.653642892837524414e-01
7.289840579032897949e-01
6.957592368125915527e-01
7.777416706085205078e-01
8.047303557395935059e-01
6.913486719131469727e-01
7.936635017395019531e-01
7.015547752380371094e-01
8.320369124412536621e-01
8.282953500747680664e-01
7.016731500625610352e-01
6.750164031982421875e-01
7.110219597816467285e-01
7.263013124465942383e-01
8.706623315811157227e-01
6.671632528305053711e-01
7.035346031188964844e-01
7.027649879455566406e-01
8.138925433158874512e-01
7.316256761550903320e-01
8.338159322738647461e-01
6.826543807983398438e-01
6.800844669342041016e-01
6.707320213317871094e-01
8.135883212089538574e-01
5.814133882522583008e-01
6.934177875518798828e-01
7.573289871215820312e-01
6.963945031166076660e-01
8.075672388076782227e-01
8.625982403755187988e-01
6.851653456687927246e-01
7.772768735885620117e-01
7.894086837768554688e-01
6.686130762100219727e-01
7.023600339889526367e-01
5.943564176559448242e-01
7.576612830162048340e-01
8.004454374313354492e-01
7.353194952011108398e-01
7.949871420860290527e-01
7.141783237457275391e-01
9.438759088516235352e-01
6.711107492446899414e-01
6.640839576721191406e-01
7.467315196990966797e-01
6.268271207809448242e-01
7.295256257057189941e-01
5.121595263481140137e-01
7.794421911239624023e-01
7.304673194885253906e-01
7.400094270706176758e-01
7.795765995979309082e-01
7.499474883079528809e-01
7.375711798667907715e-01
7.705478072166442871e-01
7.039790153503417969e-01
8.399254083633422852e-01
6.372513771057128906e-01
6.735731959342956543e-01
6.911968588829040527e-01
7.384210824966430664e-01
7.323684096336364746e-01
8.038011789321899414e-01
6.837698221206665039e-01
7.598455548286437988e-01
8.716054558753967285e-01
7.995306253433227539e-01
7.117524147033691406e-01
7.446777820587158203e-01
6.398822665214538574e-01
7.317667603492736816e-01
6.995755434036254883e-01
6.838597059249877930e-01
7.226850390434265137e-01
7.793890237808227539e-01
7.212145328521728516e-01
7.668341994285583496e-01
7.794668674468994141e-01
7.959325909614562988e-01
7.153745293617248535e-01
9.150490760803222656e-01
7.177910208702087402e-01
8.193818926811218262e-01
7.097387313842773438e-01
7.229574322700500488e-01
7.527976632118225098e-01
9.186736345291137695e-01
7.187913060188293457e-01
6.516246795654296875e-01
8.826806545257568359e-01
7.870486378669738770e-01
6.994141340255737305e-01
7.152053713798522949e-01
7.137991786003112793e-01
7.191693782806396484e-01
7.404378652572631836e-01
7.038477659225463867e-01
6.630818247795104980e-01
1.048439979553222656e+00
6.915809512138366699e-01
8.081499338150024414e-01
7.961328625679016113e-01
7.299835085868835449e-01
7.758550643920898438e-01
7.333050966262817383e-01
8.149319887161254883e-01
6.761105060577392578e-01
7.871178388595581055e-01
7.417753934860229492e-01
8.262181282043457031e-01
6.386162638664245605e-01
6.252502202987670898e-01
8.473749160766601562e-01
6.613189578056335449e-01
5.954524278640747070e-01
5.860245227813720703e-01
7.408968210220336914e-01
8.507773876190185547e-01
7.763895988464355469e-01
7.315366268157958984e-01
6.454082727432250977e-01
6.577817797660827637e-01
7.120687961578369141e-01
8.601099252700805664e-01
7.395581007003784180e-01
6.444482803344726562e-01
7.074890732765197754e-01
6.865394711494445801e-01
6.152889728546142578e-01
8.614187240600585938e-01
7.536175847053527832e-01
6.748712062835693359e-01
7.457285523414611816e-01
7.179139852523803711e-01
8.823765516281127930e-01
7.454445958137512207e-01
7.175503969192504883e-01
7.033625841140747070e-01
6.791936755180358887e-01
7.932298183441162109e-01
8.372657299041748047e-01
5.978140830993652344e-01
6.658770442008972168e-01
6.978094577789306641e-01
7.841664552688598633e-01
7.355114221572875977e-01
7.004013061523437500e-01
7.265888452529907227e-01
8.355698585510253906e-01
8.433216810226440430e-01
6.704177856445312500e-01
6.192102432250976562e-01
7.598173022270202637e-01
9.207779169082641602e-01
7.701423764228820801e-01
7.581493258476257324e-01
6.984561681747436523e-01
7.969175577163696289e-01
7.355029582977294922e-01
8.913166522979736328e-01
7.151598930358886719e-01
5.676795840263366699e-01
7.881526350975036621e-01
7.331566214561462402e-01
6.999735832214355469e-01
7.606567144393920898e-01
7.381104230880737305e-01
7.761539220809936523e-01
7.573853731155395508e-01
6.805597543716430664e-01
7.190029621124267578e-01
7.094884514808654785e-01
7.517880797386169434e-01
8.618149161338806152e-01
7.757532596588134766e-01
6.430376768112182617e-01
5.721797347068786621e-01
7.476645708084106445e-01
6.652587652206420898e-01
5.984908938407897949e-01
8.183995485305786133e-01
8.427163362503051758e-01
7.428083419799804688e-01
6.644810438156127930e-01
5.862474441528320312e-01
7.777049541473388672e-01
7.350484132766723633e-01
7.467976808547973633e-01
7.282065153121948242e-01
6.988797187805175781e-01
8.031497001647949219e-01
7.906013131141662598e-01
7.749106884002685547e-01
5.935784578323364258e-01
7.951844930648803711e-01
8.106142282485961914e-01
7.627516984939575195e-01
6.622302532196044922e-01
7.311482429504394531e-01
7.570253014564514160e-01
8.786577582359313965e-01
7.157074213027954102e-01
6.299547553062438965e-01
7.663687467575073242e-01
7.061446905136108398e-01
8.807305097579956055e-01
9.028713703155517578e-01
7.157016992568969727e-01
9.671998023986816406e-01
8.140310645103454590e-01
6.531360149383544922e-01
8.734304904937744141e-01
6.403803229331970215e-01
7.378259301185607910e-01
8.283399939537048340e-01
8.204240202903747559e-01
7.442834973335266113e-01
7.323617339134216309e-01
9.077944159507751465e-01
7.961462736129760742e-01
7.001756429672241211e-01
8.392752408981323242e-01
7.047566771507263184e-01
7.302491068840026855e-01
7.726087570190429688e-01
7.882183790206909180e-01
8.462156057357788086e-01
6.735278367996215820e-01
6.381072998046875000e-01
8.839464783668518066e-01
8.199234008789062500e-01
6.362441778182983398e-01
6.241734027862548828e-01
8.813041448593139648e-01
6.905269622802734375e-01
6.720767021179199219e-01
7.577600479125976562e-01
6.815100908279418945e-01
6.485240459442138672e-01
6.844265460968017578e-01
7.843428850173950195e-01
8.846207857131958008e-01
8.350218534469604492e-01
7.163121104240417480e-01
7.653229236602783203e-01
8.722285628318786621e-01
6.889680027961730957e-01
7.280158996582031250e-01
8.614233732223510742e-01
6.520278453826904297e-01
6.822535991668701172e-01
6.687067747116088867e-01
7.525216341018676758e-01
9.006880521774291992e-01
6.744225025177001953e-01
6.312487125396728516e-01
7.148510813713073730e-01
6.574361324310302734e-01
8.837305307388305664e-01
7.232179641723632812e-01
7.172944545745849609e-01
7.256315350532531738e-01
7.511699795722961426e-01
6.343115568161010742e-01
7.183511257171630859e-01
7.429559230804443359e-01
6.808337569236755371e-01
8.161295056343078613e-01
8.682335615158081055e-01
6.862292885780334473e-01
6.967390775680541992e-01
7.663962841033935547e-01
8.094801902770996094e-01
9.122133255004882812e-01
7.494287490844726562e-01
8.344916701316833496e-01
8.050249218940734863e-01
8.069727420806884766e-01
8.713076114654541016e-01
8.854544162750244141e-01
6.487563848495483398e-01
8.133742213249206543e-01
6.795170903205871582e-01
7.302256822586059570e-01
6.677397489547729492e-01
9.331058859825134277e-01
8.732799887657165527e-01
8.599272966384887695e-01
7.289843559265136719e-01
6.749784946441650391e-01
7.094440460205078125e-01
6.985086202621459961e-01
6.408549547195434570e-01
8.391333818435668945e-01
7.631138563156127930e-01
7.194683551788330078e-01
6.303399801254272461e-01
6.784744858741760254e-01
6.426774859428405762e-01
8.337007761001586914e-01
7.080928087234497070e-01
5.430540442466735840e-01
7.065014839172363281e-01
7.469915151596069336e-01
7.246026992797851562e-01
6.416363716125488281e-01
5.907269120216369629e-01
6.423721313476562500e-01
7.659088373184204102e-01
6.729192733764648438e-01
8.708488345146179199e-01
6.410878896713256836e-01
6.748373508453369141e-01
6.638205051422119141e-01
5.919568538665771484e-01
5.577882528305053711e-01
7.367150783538818359e-01
7.683602571487426758e-01
5.892109274864196777e-01
8.452641963958740234e-01
6.923573017120361328e-01
6.717189550399780273e-01
7.838762402534484863e-01
6.325492262840270996e-01
5.105385184288024902e-01
8.017873167991638184e-01
6.363980770111083984e-01
7.155667543411254883e-01
6.168347001075744629e-01
6.408619880676269531e-01
5.979112386703491211e-01
6.771165728569030762e-01
6.862952709197998047e-01
7.947490811347961426e-01
6.497477889060974121e-01
7.424920797348022461e-01
6.632790565490722656e-01
6.841821670532226562e-01
6.359199285507202148e-01
7.212662100791931152e-01
7.322416901588439941e-01
6.410217285156250000e-01
6.967098712921142578e-01
7.286740541458129883e-01
6.512384414672851562e-01
5.993999242782592773e-01
7.649663686752319336e-01
5.998176336288452148e-01
6.521592140197753906e-01
6.813410520553588867e-01
7.573661208152770996e-01
6.416103243827819824e-01
7.414759993553161621e-01
8.306483030319213867e-01
6.613521575927734375e-01
7.210925221443176270e-01
6.971222758293151855e-01
7.138834595680236816e-01
7.608113288879394531e-01
6.405388712882995605e-01
6.991877555847167969e-01
6.301788091659545898e-01
7.395441532135009766e-01
6.853077411651611328e-01
7.447563409805297852e-01
7.152079343795776367e-01
5.318638682365417480e-01
6.436722278594970703e-01
6.524754166603088379e-01
7.330559492111206055e-01
6.726038455963134766e-01
7.117798924446105957e-01
7.414001226425170898e-01
6.724282503128051758e-01
6.064572334289550781e-01
6.964694261550903320e-01
6.715432405471801758e-01
7.471811771392822266e-01
7.073004245758056641e-01
6.722075343132019043e-01
7.762689590454101562e-01
7.566248178482055664e-01
7.136855125427246094e-01
6.561372876167297363e-01
8.226089477539062500e-01
7.740437388420104980e-01
7.222850322723388672e-01
7.748140096664428711e-01
8.777341842651367188e-01
6.703093051910400391e-01
6.768227815628051758e-01
8.153321146965026855e-01
6.810220479965209961e-01
6.878995299339294434e-01
6.536250710487365723e-01
8.712235093116760254e-01
7.681597471237182617e-01
7.411532402038574219e-01
6.859102845191955566e-01
7.234359383583068848e-01
6.394625902175903320e-01
7.970482110977172852e-01
7.210696935653686523e-01
7.880508899688720703e-01
6.193352341651916504e-01
6.566671133041381836e-01
7.375626564025878906e-01
6.529706716537475586e-01
6.384539604187011719e-01
8.503383398056030273e-01
7.237287759780883789e-01
5.672254562377929688e-01
5.919150114059448242e-01
7.733989953994750977e-01
7.113031148910522461e-01
6.841625571250915527e-01
6.506980061531066895e-01
7.810336947441101074e-01
7.057529687881469727e-01
7.376325130462646484e-01
6.673872470855712891e-01
6.177064776420593262e-01
8.018610477447509766e-01
6.301310062408447266e-01
7.976968288421630859e-01
7.076355218887329102e-01
7.853660583496093750e-01
8.697478771209716797e-01
7.208828926086425781e-01
7.423421144485473633e-01
6.514132022857666016e-01
6.574491858482360840e-01
6.612510681152343750e-01
6.091717481613159180e-01
6.679649353027343750e-01
7.227326631546020508e-01
7.241494059562683105e-01
6.770459413528442383e-01
6.758037805557250977e-01
6.905701756477355957e-01
6.094210147857666016e-01
7.123932838439941406e-01
6.227074861526489258e-01
6.249406337738037109e-01
7.675637006759643555e-01
7.041887640953063965e-01
6.938843131065368652e-01
7.348818778991699219e-01
6.104053854942321777e-01
6.170358657836914062e-01
7.330261468887329102e-01
7.112234830856323242e-01
7.699531316757202148e-01
6.548872590065002441e-01
6.629511117935180664e-01
7.249383330345153809e-01
6.202048063278198242e-01
6.195613145828247070e-01
7.041457891464233398e-01
6.914757490158081055e-01
8.092526197433471680e-01
6.216861605644226074e-01
6.726955175399780273e-01
7.074954509735107422e-01
7.260189652442932129e-01
7.321476936340332031e-01
8.239490985870361328e-01
8.625377416610717773e-01
7.626106739044189453e-01
7.952339053153991699e-01
7.854076027870178223e-01
7.151399850845336914e-01
7.328140735626220703e-01
8.167845010757446289e-01
6.532465219497680664e-01
6.583241820335388184e-01
7.676523923873901367e-01
7.711530923843383789e-01
6.890566945075988770e-01
9.646480679512023926e-01
6.676723957061767578e-01
8.109395503997802734e-01
7.258529663085937500e-01
7.226461172103881836e-01
7.114795446395874023e-01
7.227069139480590820e-01
8.758225440979003906e-01
6.905111670494079590e-01
7.426154613494873047e-01
6.689260005950927734e-01
6.687349081039428711e-01
6.123551130294799805e-01
6.381281018257141113e-01
5.431665182113647461e-01
6.993445754051208496e-01
7.288742065429687500e-01
6.782690286636352539e-01
7.088136672973632812e-01
8.123793005943298340e-01
6.696563959121704102e-01
7.323257923126220703e-01
7.653645873069763184e-01
7.816848158836364746e-01
6.746255755424499512e-01
9.035310149192810059e-01
7.037804126739501953e-01
6.493468284606933594e-01
6.768512725830078125e-01
6.728910207748413086e-01
7.158389091491699219e-01
6.323192119598388672e-01
7.221143245697021484e-01
7.817437052726745605e-01
6.549098491668701172e-01
7.023456096649169922e-01
7.862433791160583496e-01
6.549267768859863281e-01
7.417826652526855469e-01
7.167757749557495117e-01
7.241232991218566895e-01
7.260245084762573242e-01
8.206081390380859375e-01
7.387360334396362305e-01
7.384805679321289062e-01
6.729651689529418945e-01
8.698847293853759766e-01
7.038661837577819824e-01
7.113358974456787109e-01
8.455531597137451172e-01
6.857175827026367188e-01
8.390611410140991211e-01
7.074089646339416504e-01
7.767744660377502441e-01
6.776003837585449219e-01
8.235610127449035645e-01
7.429565191268920898e-01
7.077931165695190430e-01
8.716990947723388672e-01
7.063752412796020508e-01
7.595233917236328125e-01
6.452124118804931641e-01
6.790600419044494629e-01
8.551100492477416992e-01
8.332807421684265137e-01
6.851875782012939453e-01
6.605001688003540039e-01
8.185092210769653320e-01
8.161062002182006836e-01
7.030988931655883789e-01
7.494415640830993652e-01
6.934999823570251465e-01
8.628050088882446289e-01
6.436995267868041992e-01
7.194805145263671875e-01
8.369460701942443848e-01
6.793951988220214844e-01
6.871479749679565430e-01
7.049894332885742188e-01
6.206557154655456543e-01
6.302523612976074219e-01
7.898535728454589844e-01
6.414930820465087891e-01
6.028236150741577148e-01
7.342820167541503906e-01
6.911777257919311523e-01
5.841212272644042969e-01
8.137252926826477051e-01
8.115883469581604004e-01
7.183215618133544922e-01
7.556633353233337402e-01
7.665661573410034180e-01
6.596085429191589355e-01
6.648968458175659180e-01
6.996474266052246094e-01
6.730414628982543945e-01
8.004377484321594238e-01
8.867951631546020508e-01
7.488551139831542969e-01
6.983039379119873047e-01
6.845082640647888184e-01
9.551128149032592773e-01
7.211477756500244141e-01
7.334749102592468262e-01
7.416316270828247070e-01
7.127051949501037598e-01
6.769276857376098633e-01
7.956967353820800781e-01
7.691584825515747070e-01
7.149106860160827637e-01
6.585739850997924805e-01
7.261596322059631348e-01
5.485696792602539062e-01
7.417099475860595703e-01
6.334211826324462891e-01
8.111994862556457520e-01
8.007626533508300781e-01
6.065207719802856445e-01
7.732568979263305664e-01
6.863505840301513672e-01
8.417645692825317383e-01
7.127532958984375000e-01
6.930930614471435547e-01
7.089546918869018555e-01
7.746062278747558594e-01
6.909556984901428223e-01
7.310661077499389648e-01
5.413543581962585449e-01
8.966735601425170898e-01
6.664850115776062012e-01
7.354248762130737305e-01
6.478068828582763672e-01
7.328891754150390625e-01
6.074224710464477539e-01
9.877411723136901855e-01
7.544468045234680176e-01
7.988655567169189453e-01
7.258039712905883789e-01
7.755057811737060547e-01
7.989372014999389648e-01
6.403394937515258789e-01
6.259791851043701172e-01
6.713668704032897949e-01
7.592145204544067383e-01
5.568076968193054199e-01
7.226874232292175293e-01
6.674826145172119141e-01
7.513849139213562012e-01
7.892473936080932617e-01
7.429224848747253418e-01
8.536787033081054688e-01
6.908696889877319336e-01
6.780435442924499512e-01
7.306181192398071289e-01
6.522018909454345703e-01
8.721331954002380371e-01
6.598140597343444824e-01
6.435538530349731445e-01
6.531110405921936035e-01
8.711694478988647461e-01
7.100113034248352051e-01
6.861714124679565430e-01
7.090758085250854492e-01
9.532730579376220703e-01
7.135902643203735352e-01
6.170604825019836426e-01
7.488914728164672852e-01
8.170939087867736816e-01
7.350377440452575684e-01
7.755084037780761719e-01
7.454450726509094238e-01
6.126263141632080078e-01
6.023371219635009766e-01
6.190949082374572754e-01
7.578486204147338867e-01
7.405664920806884766e-01
6.470937728881835938e-01
8.329663872718811035e-01
6.510797142982482910e-01
7.265805006027221680e-01
6.984751224517822266e-01
7.605586051940917969e-01
6.823916435241699219e-01
7.535289525985717773e-01
6.167231798171997070e-01
7.419173717498779297e-01
7.156801819801330566e-01
6.832516789436340332e-01
7.342237234115600586e-01
6.297988295555114746e-01
6.417976617813110352e-01
6.945211291313171387e-01
7.227872610092163086e-01
7.156289815902709961e-01
6.962028741836547852e-01
6.284886598587036133e-01
7.887385487556457520e-01
6.918466091156005859e-01
6.407110095024108887e-01
4.795243740081787109e-01
7.161459326744079590e-01
6.826894879341125488e-01
6.945457458496093750e-01
7.161233425140380859e-01
6.896048784255981445e-01
6.224901080131530762e-01
6.491136550903320312e-01
6.419476270675659180e-01
6.288501024246215820e-01
6.227138042449951172e-01
5.996640324592590332e-01
6.383406519889831543e-01
7.366735935211181641e-01
6.214040517807006836e-01
6.117043495178222656e-01
6.136874556541442871e-01
7.429512739181518555e-01
6.779552102088928223e-01
6.627093553543090820e-01
6.598315238952636719e-01
5.588047504425048828e-01
8.350917100906372070e-01
5.481063127517700195e-01
5.383265018463134766e-01
5.960243940353393555e-01
6.452410221099853516e-01
5.204948782920837402e-01
7.157058715820312500e-01
6.859543323516845703e-01
7.408462762832641602e-01
6.452258825302124023e-01
7.495654225349426270e-01
7.300843000411987305e-01
5.790410041809082031e-01
6.281664371490478516e-01
6.974423527717590332e-01
6.872329711914062500e-01
7.379729151725769043e-01
5.400515198707580566e-01
7.451476454734802246e-01
7.603820562362670898e-01
6.572525501251220703e-01
6.931100487709045410e-01
5.956498384475708008e-01
7.253262996673583984e-01
7.364700436592102051e-01
6.497912406921386719e-01
7.426362037658691406e-01
6.024801135063171387e-01
6.334619522094726562e-01
6.652083396911621094e-01
6.796151399612426758e-01
7.361781597137451172e-01
5.933468341827392578e-01
7.713085412979125977e-01
7.257223725318908691e-01
7.018601894378662109e-01
6.811280846595764160e-01
6.382384300231933594e-01
7.565978765487670898e-01
7.570198774337768555e-01
5.831527113914489746e-01
6.996940374374389648e-01
7.259929180145263672e-01
7.387835979461669922e-01
7.523473501205444336e-01
7.850880622863769531e-01
6.160874366760253906e-01
8.063922524452209473e-01
6.583174467086791992e-01
6.496547460556030273e-01
6.435691118240356445e-01
6.313293576240539551e-01
6.635482907295227051e-01
6.330111026763916016e-01
6.961305141448974609e-01
6.395616531372070312e-01
7.892113924026489258e-01
6.460785865783691406e-01
7.800313234329223633e-01
6.853382587432861328e-01
5.540517568588256836e-01
6.239395737648010254e-01
5.422304868698120117e-01
7.675632238388061523e-01
6.906282901763916016e-01
8.239777088165283203e-01
6.872112751007080078e-01
6.547157764434814453e-01
6.065546274185180664e-01
7.214461565017700195e-01
7.784546613693237305e-01
5.404116511344909668e-01
6.220256090164184570e-01
7.055372595787048340e-01
7.054877877235412598e-01
7.249312400817871094e-01
7.465301156044006348e-01
6.597725152969360352e-01
6.200301647186279297e-01
8.040485382080078125e-01
7.871034741401672363e-01
6.431521773338317871e-01
5.815210342407226562e-01
7.693535685539245605e-01
6.896915435791015625e-01
7.535392045974731445e-01
7.266998291015625000e-01
7.570998668670654297e-01
6.218932867050170898e-01
8.410893678665161133e-01
5.496726632118225098e-01
7.102447748184204102e-01
6.786915659904479980e-01
7.869460582733154297e-01
7.807879447937011719e-01
7.298616170883178711e-01
5.246049165725708008e-01
6.832249164581298828e-01
6.604523062705993652e-01
7.498589158058166504e-01
6.151894927024841309e-01
7.870988845825195312e-01
6.766244173049926758e-01
7.152714729309082031e-01
6.236573457717895508e-01
7.299021482467651367e-01
8.646910190582275391e-01
6.580173969268798828e-01
7.722355127334594727e-01
6.048551201820373535e-01
7.993439435958862305e-01
8.215082287788391113e-01
7.467582821846008301e-01
7.580882310867309570e-01
6.077113151550292969e-01
7.710034251213073730e-01
6.243839263916015625e-01
7.390104532241821289e-01
6.823610067367553711e-01
6.998688578605651855e-01
7.693802118301391602e-01
5.530838966369628906e-01
7.283852100372314453e-01
8.298678398132324219e-01
8.695350885391235352e-01
7.392854690551757812e-01
6.585336923599243164e-01
6.341055035591125488e-01
6.384921073913574219e-01
7.453490495681762695e-01
7.691302299499511719e-01
8.402419090270996094e-01
7.633448839187622070e-01
7.561916708946228027e-01
7.860573530197143555e-01
7.285616993904113770e-01
7.112758159637451172e-01
6.471627950668334961e-01
6.895525455474853516e-01
6.424735784530639648e-01
6.255995035171508789e-01
8.469152450561523438e-01
8.126184940338134766e-01
6.639645695686340332e-01
7.364925742149353027e-01
6.613963842391967773e-01
5.917475223541259766e-01
7.735074758529663086e-01
6.283121109008789062e-01
7.044961452484130859e-01
8.373799920082092285e-01
8.108423352241516113e-01
6.768243312835693359e-01
5.974312424659729004e-01
6.787821054458618164e-01
6.460670232772827148e-01
6.962323188781738281e-01
6.738923192024230957e-01
7.129410505294799805e-01
7.439754009246826172e-01
6.915713548660278320e-01
6.483728885650634766e-01
8.741329312324523926e-01
6.623167395591735840e-01
6.205770969390869141e-01
7.263956069946289062e-01
8.450514674186706543e-01
6.508453488349914551e-01
6.631994247436523438e-01
6.495059132575988770e-01
6.496630907058715820e-01
6.192122697830200195e-01
7.638003826141357422e-01
7.392144799232482910e-01
7.213947176933288574e-01
7.148951292037963867e-01
8.206043243408203125e-01
6.632432937622070312e-01
6.168434619903564453e-01
6.372663974761962891e-01
6.317422389984130859e-01
7.619102001190185547e-01
6.323010921478271484e-01
6.692625284194946289e-01
7.317943572998046875e-01
7.004016637802124023e-01
8.596394062042236328e-01
6.580721139907836914e-01
7.182251811027526855e-01
7.732407450675964355e-01
8.445725440979003906e-01
6.807888746261596680e-01
7.423148751258850098e-01
6.785532236099243164e-01
6.692281365394592285e-01
7.512817382812500000e-01
7.515791654586791992e-01
7.919273972511291504e-01
8.358612060546875000e-01
5.989629030227661133e-01
7.168735861778259277e-01
6.864440441131591797e-01
5.796939730644226074e-01
8.505101203918457031e-01
5.628799200057983398e-01
6.648156642913818359e-01
6.491804122924804688e-01
7.066555023193359375e-01
7.190110087394714355e-01
6.198289394378662109e-01
6.902784705162048340e-01
7.353814840316772461e-01
8.092718124389648438e-01
6.240525841712951660e-01
6.243841052055358887e-01
6.525765657424926758e-01
5.747867822647094727e-01
7.433608174324035645e-01
7.986159324645996094e-01
7.270495295524597168e-01
5.893970727920532227e-01
7.719223499298095703e-01
7.131451368331909180e-01
5.982791185379028320e-01
6.917068958282470703e-01
7.599785327911376953e-01
7.097588181495666504e-01
7.310417890548706055e-01
7.912573814392089844e-01
7.580206394195556641e-01
7.711839675903320312e-01
7.098679542541503906e-01
6.624372005462646484e-01
6.328743100166320801e-01
7.289638519287109375e-01
7.481474876403808594e-01
7.248317003250122070e-01
6.742877364158630371e-01
6.361191272735595703e-01
6.288651823997497559e-01
5.952571630477905273e-01
6.977436542510986328e-01
8.047071695327758789e-01
6.932294964790344238e-01
5.771964788436889648e-01
6.292859315872192383e-01
6.888373494148254395e-01
6.543013453483581543e-01
8.120071887969970703e-01
7.230463027954101562e-01
8.339018821716308594e-01
7.085258960723876953e-01
8.426165580749511719e-01
6.507487297058105469e-01
6.213770508766174316e-01
7.195878028869628906e-01
7.304666042327880859e-01
6.588543653488159180e-01
7.685008049011230469e-01
7.015351057052612305e-01
6.068918704986572266e-01
7.007241249084472656e-01
7.948778867721557617e-01
8.668904900550842285e-01
7.658039927482604980e-01
7.144439816474914551e-01
7.144790887832641602e-01
5.364692211151123047e-01
7.175527811050415039e-01
7.714366912841796875e-01
6.206014752388000488e-01
7.048084139823913574e-01
8.072253465652465820e-01
6.231853365898132324e-01
6.499286293983459473e-01
6.901726126670837402e-01
8.382643461227416992e-01
5.932183265686035156e-01
8.839977979660034180e-01
7.246891260147094727e-01
7.068842649459838867e-01
6.242804527282714844e-01
6.729313135147094727e-01
6.921478509902954102e-01
6.540175676345825195e-01
8.610473871231079102e-01
5.934069156646728516e-01
7.694348096847534180e-01
7.268767356872558594e-01
5.986020565032958984e-01
6.172622442245483398e-01
6.887530088424682617e-01
7.601479887962341309e-01
7.338777184486389160e-01
6.210025548934936523e-01
7.662794589996337891e-01
9.845588803291320801e-01
5.366421937942504883e-01
7.080396413803100586e-01
6.138509511947631836e-01
6.796802282333374023e-01
8.708997368812561035e-01
5.927902460098266602e-01
7.543208599090576172e-01
5.769494175910949707e-01
6.725356578826904297e-01
6.531792283058166504e-01
5.696377754211425781e-01
4.917196631431579590e-01
5.279814600944519043e-01
5.236777067184448242e-01
7.805758714675903320e-01
6.570929884910583496e-01
6.584637761116027832e-01
5.338688492774963379e-01
7.293484210968017578e-01
6.289060115814208984e-01
7.326437830924987793e-01
6.754667162895202637e-01
6.458788514137268066e-01
6.409019827842712402e-01
6.903364658355712891e-01
6.462076902389526367e-01
7.683729529380798340e-01
7.065667510032653809e-01
6.396100521087646484e-01
8.256723880767822266e-01
7.544036507606506348e-01
7.613936662673950195e-01
5.414516925811767578e-01
5.346515178680419922e-01
6.491100788116455078e-01
5.839005112648010254e-01
6.955443620681762695e-01
7.103999853134155273e-01
6.060044169425964355e-01
6.192921400070190430e-01
6.115214824676513672e-01
6.288584470748901367e-01
6.998656988143920898e-01
6.439372301101684570e-01
6.729258894920349121e-01
6.470550894737243652e-01
7.016353607177734375e-01
5.256587266921997070e-01
6.242752075195312500e-01
5.648624897003173828e-01
7.145396471023559570e-01
6.189808249473571777e-01
5.853532552719116211e-01
6.526467800140380859e-01
6.588373184204101562e-01
6.296444535255432129e-01
5.477796792984008789e-01
5.901455283164978027e-01
7.591357827186584473e-01
6.931945681571960449e-01
5.578739047050476074e-01
6.475182771682739258e-01
7.342851161956787109e-01
6.224213838577270508e-01
7.001548409461975098e-01
6.898734569549560547e-01
7.284689545631408691e-01
7.421746253967285156e-01
5.574890971183776855e-01
6.752345561981201172e-01
5.523184537887573242e-01
7.373473644256591797e-01
6.742124557495117188e-01
6.353648900985717773e-01
6.429982185363769531e-01
7.270872592926025391e-01
5.605170726776123047e-01
6.997474431991577148e-01
6.902317404747009277e-01
5.524297356605529785e-01
5.270166993141174316e-01
6.615892648696899414e-01
5.207349658012390137e-01
6.661696434020996094e-01
6.833260655403137207e-01
6.393043398857116699e-01
6.397063732147216797e-01
6.687352061271667480e-01
6.470929384231567383e-01
6.598417758941650391e-01
6.230984330177307129e-01
7.105084061622619629e-01
8.523243069648742676e-01
5.803457498550415039e-01
7.012066245079040527e-01
6.173666119575500488e-01
7.020823955535888672e-01
5.895366668701171875e-01
6.668416261672973633e-01
6.425948143005371094e-01
5.995712280273437500e-01
9.113668203353881836e-01
7.364677190780639648e-01
6.449968814849853516e-01
7.160467505455017090e-01
7.255328893661499023e-01
5.651496648788452148e-01
6.358649730682373047e-01
6.605166196823120117e-01
6.635864973068237305e-01
7.868700027465820312e-01
5.459457635879516602e-01
5.928214788436889648e-01
7.654039263725280762e-01
7.472076416015625000e-01
7.819621562957763672e-01
6.438826322555541992e-01
6.949952244758605957e-01
6.840918660163879395e-01
7.478994131088256836e-01
7.094890475273132324e-01
5.948620438575744629e-01
6.929816603660583496e-01
7.779433727264404297e-01
6.014406681060791016e-01
6.086660623550415039e-01
7.063288688659667969e-01
6.359716057777404785e-01
6.724013090133666992e-01
6.236454248428344727e-01
7.425019741058349609e-01
5.989273786544799805e-01
6.014231443405151367e-01
8.577715158462524414e-01
6.242915391921997070e-01
7.640967369079589844e-01
6.968021392822265625e-01
6.557266712188720703e-01
6.227016448974609375e-01
6.728643178939819336e-01
8.130144476890563965e-01
6.656378507614135742e-01
6.454342603683471680e-01
7.382289767265319824e-01
6.578478813171386719e-01
6.187112927436828613e-01
7.871190309524536133e-01
9.479614496231079102e-01
7.215037941932678223e-01
6.783494949340820312e-01
7.107317447662353516e-01
6.763899326324462891e-01
6.858410239219665527e-01
6.633102893829345703e-01
6.567957997322082520e-01
7.002614736557006836e-01
7.555781602859497070e-01
8.088024258613586426e-01
6.270177364349365234e-01
8.498526215553283691e-01
8.337732553482055664e-01
6.931444406509399414e-01
9.046997427940368652e-01
6.549363136291503906e-01
7.491502761840820312e-01
7.373610138893127441e-01
6.423159241676330566e-01
7.545509934425354004e-01
5.925343632698059082e-01
6.121935844421386719e-01
5.086249113082885742e-01
6.840691566467285156e-01
6.354427337646484375e-01
6.324078440666198730e-01
7.823801040649414062e-01
7.406718134880065918e-01
6.349221467971801758e-01
6.231832504272460938e-01
5.830739736557006836e-01
6.527774333953857422e-01
4.946043491363525391e-01
6.314595937728881836e-01
7.550833225250244141e-01
7.305883169174194336e-01
5.905803442001342773e-01
6.629222035408020020e-01
6.968225240707397461e-01
6.212813258171081543e-01
8.260799050331115723e-01
8.041921854019165039e-01
6.655406951904296875e-01
5.366558432579040527e-01
7.072475552558898926e-01
5.831601619720458984e-01
6.719310283660888672e-01
6.647312045097351074e-01
6.861985921859741211e-01
6.494776010513305664e-01
7.420607805252075195e-01
6.683560609817504883e-01
5.575022697448730469e-01
6.721450090408325195e-01
6.497423648834228516e-01
7.135028839111328125e-01
6.559481620788574219e-01
6.184147596359252930e-01
7.433634400367736816e-01
6.833484172821044922e-01
6.313539743423461914e-01
7.575373649597167969e-01
5.947504639625549316e-01
6.868631243705749512e-01
6.859794855117797852e-01
6.814221739768981934e-01
6.189545392990112305e-01
7.512922883033752441e-01
7.203106880187988281e-01
7.137144207954406738e-01
6.703578829765319824e-01
7.379398345947265625e-01
5.151603221893310547e-01
6.631058454513549805e-01
8.972401022911071777e-01
6.753529310226440430e-01
7.119510173797607422e-01
7.651026248931884766e-01
7.828372716903686523e-01
5.623285770416259766e-01
6.407583355903625488e-01
6.407979726791381836e-01
7.296746969223022461e-01
6.693702936172485352e-01
7.635904550552368164e-01
6.097238659858703613e-01
7.717229127883911133e-01
7.782198190689086914e-01
7.516535520553588867e-01
8.281318545341491699e-01
6.024870872497558594e-01
6.245285272598266602e-01
7.868764996528625488e-01
5.827509164810180664e-01
7.636095285415649414e-01
7.079801559448242188e-01
7.609791755676269531e-01
6.658229827880859375e-01
7.196441888809204102e-01
6.908153295516967773e-01
7.226594686508178711e-01
9.604598879814147949e-01
5.108727812767028809e-01
7.544816732406616211e-01
6.623992323875427246e-01
6.017248034477233887e-01
9.387274980545043945e-01
7.638897299766540527e-01
6.635214686393737793e-01
6.748177409172058105e-01
7.370132207870483398e-01
7.062004208564758301e-01
6.905628442764282227e-01
6.045728921890258789e-01
7.667884826660156250e-01
6.235389709472656250e-01
6.563353538513183594e-01
7.611209750175476074e-01
6.016876697540283203e-01
7.285786867141723633e-01
5.492531061172485352e-01
6.523180007934570312e-01
6.847522258758544922e-01
9.069133400917053223e-01
8.899018764495849609e-01
7.361242771148681641e-01
7.379222512245178223e-01
7.617334127426147461e-01
5.857983827590942383e-01
7.101584672927856445e-01
6.886170506477355957e-01
8.105432987213134766e-01
7.553267478942871094e-01
5.759729743003845215e-01
8.160265684127807617e-01
7.372460961341857910e-01
7.017581462860107422e-01
6.163691282272338867e-01
6.847692728042602539e-01
6.815059781074523926e-01
7.057549953460693359e-01
6.038145422935485840e-01
7.107572555541992188e-01
7.609829306602478027e-01
7.090389728546142578e-01
5.939001441001892090e-01
5.140296816825866699e-01
6.053580045700073242e-01
5.949282646179199219e-01
6.920810937881469727e-01
7.408900260925292969e-01
8.479963541030883789e-01
7.229509353637695312e-01
6.837178468704223633e-01
6.372105479240417480e-01
7.734478712081909180e-01
8.445773720741271973e-01
5.297216773033142090e-01
6.690023541450500488e-01
7.373680472373962402e-01
7.225769758224487305e-01
6.114550828933715820e-01
8.204603195190429688e-01
6.446548104286193848e-01
8.544054627418518066e-01
7.789041996002197266e-01
6.965974569320678711e-01
5.734065175056457520e-01
7.608121633529663086e-01
7.423681616783142090e-01
7.195897102355957031e-01
5.647521018981933594e-01
8.039439916610717773e-01
6.951262950897216797e-01
5.634102821350097656e-01
6.988207101821899414e-01
7.297199964523315430e-01
8.704521656036376953e-01
7.707675695419311523e-01
8.432073593139648438e-01
6.694247722625732422e-01
6.190911531448364258e-01
7.939052581787109375e-01
6.921488046646118164e-01
7.138249874114990234e-01
6.569728851318359375e-01
7.675231099128723145e-01
6.873385310173034668e-01
8.073467016220092773e-01
5.843852758407592773e-01
6.843777894973754883e-01
6.313809156417846680e-01
6.875618100166320801e-01
6.549643874168395996e-01
7.315382957458496094e-01
6.691294908523559570e-01
6.410992145538330078e-01
9.767166376113891602e-01
6.924751996994018555e-01
6.412354111671447754e-01
8.340128660202026367e-01
6.295002698898315430e-01
6.500018835067749023e-01
7.730023860931396484e-01
6.979253888130187988e-01
5.868306159973144531e-01
7.006148099899291992e-01
8.206831216812133789e-01
6.299349069595336914e-01
6.683512926101684570e-01
5.899696350097656250e-01
6.008802652359008789e-01
5.616609454154968262e-01
6.317125558853149414e-01
6.540406346321105957e-01
4.874142408370971680e-01
6.453741788864135742e-01
5.711507797241210938e-01
6.124471426010131836e-01
4.956157803535461426e-01
5.436682701110839844e-01
5.745621919631958008e-01
7.194543480873107910e-01
5.464727878570556641e-01
7.102041244506835938e-01
6.285937428474426270e-01
5.935017466545104980e-01
5.922654867172241211e-01
6.342463493347167969e-01
6.885179281234741211e-01
6.026667952537536621e-01
6.792373061180114746e-01
6.870303750038146973e-01
7.584863901138305664e-01
5.891909003257751465e-01
6.507862806320190430e-01
6.588350534439086914e-01
6.662692427635192871e-01
5.822120904922485352e-01
5.494603514671325684e-01
6.652023792266845703e-01
5.278903245925903320e-01
8.024356365203857422e-01
5.303122997283935547e-01
6.854459047317504883e-01
5.439989566802978516e-01
6.222182512283325195e-01
6.092551946640014648e-01
6.511844396591186523e-01
6.189957857131958008e-01
7.000548839569091797e-01
5.774539709091186523e-01
6.529681682586669922e-01
7.007163763046264648e-01
6.312149167060852051e-01
6.251866221427917480e-01
6.090593338012695312e-01
6.294587254524230957e-01
6.676328182220458984e-01
6.988230943679809570e-01
6.127178072929382324e-01
6.420315504074096680e-01
6.684097051620483398e-01
5.879415273666381836e-01
6.471263170242309570e-01
5.912887454032897949e-01
7.243761420249938965e-01
6.386281251907348633e-01
6.638768911361694336e-01
7.237530350685119629e-01
6.661056280136108398e-01
6.572703719139099121e-01
5.792784690856933594e-01
5.506273508071899414e-01
6.724365949630737305e-01
6.257190704345703125e-01
6.842026710510253906e-01
6.729888916015625000e-01
6.272685527801513672e-01
6.827126741409301758e-01
5.764883756637573242e-01
6.643623113632202148e-01
5.980958938598632812e-01
6.074787974357604980e-01
5.758336782455444336e-01
7.935178279876708984e-01
5.378409028053283691e-01
6.797720193862915039e-01
5.841503143310546875e-01
7.306878566741943359e-01
5.733271837234497070e-01
6.225286722183227539e-01
6.003724336624145508e-01
7.101526260375976562e-01
6.627929210662841797e-01
8.958549499511718750e-01
6.605851054191589355e-01
6.387569904327392578e-01
6.262938380241394043e-01
5.065755844116210938e-01
5.285232067108154297e-01
7.855083942413330078e-01
7.891551256179809570e-01
5.497068166732788086e-01
7.505149841308593750e-01
6.711344718933105469e-01
7.723536491394042969e-01
6.107107400894165039e-01
5.810743570327758789e-01
6.829798817634582520e-01
6.073744297027587891e-01
7.164322137832641602e-01
6.918047666549682617e-01
6.008532643318176270e-01
6.803963184356689453e-01
7.107234001159667969e-01
5.719262361526489258e-01
6.514205336570739746e-01
7.032400369644165039e-01
8.368197679519653320e-01
5.804958343505859375e-01
5.698032379150390625e-01
6.959003806114196777e-01
6.886126995086669922e-01
6.358659267425537109e-01
6.135706305503845215e-01
6.786307096481323242e-01
5.359181165695190430e-01
8.320254683494567871e-01
7.425908446311950684e-01
5.794812440872192383e-01
8.482494354248046875e-01
5.234614610671997070e-01
7.012566924095153809e-01
6.623342633247375488e-01
6.689049005508422852e-01
5.693447589874267578e-01
6.871344447135925293e-01
5.743464231491088867e-01
8.226861953735351562e-01
6.424024701118469238e-01
6.691677570343017578e-01
6.042361855506896973e-01
8.102826476097106934e-01
6.156937479972839355e-01
6.471121311187744141e-01
5.926175117492675781e-01
6.524562835693359375e-01
6.273112297058105469e-01
7.815625071525573730e-01
6.770966053009033203e-01
7.544092535972595215e-01
5.990602970123291016e-01
6.926854848861694336e-01
6.553906798362731934e-01
6.332855224609375000e-01
6.172046661376953125e-01
7.364324331283569336e-01
6.528525948524475098e-01
7.313246130943298340e-01
6.739756464958190918e-01
7.613984346389770508e-01
5.653312802314758301e-01
6.663001775741577148e-01
7.535334825515747070e-01
7.307260036468505859e-01
5.944298505783081055e-01
6.251655817031860352e-01
6.243689060211181641e-01
6.847212314605712891e-01
6.008791923522949219e-01
5.933680534362792969e-01
5.455201268196105957e-01
6.673721671104431152e-01
5.954863429069519043e-01
7.532569169998168945e-01
6.776688098907470703e-01
6.352914571762084961e-01
6.348723173141479492e-01
6.809351444244384766e-01
6.510181427001953125e-01
5.657335519790649414e-01
6.756532192230224609e-01
5.943796038627624512e-01
7.572291493415832520e-01
6.204636693000793457e-01
7.001857757568359375e-01
7.042245268821716309e-01
7.427533268928527832e-01
6.655828952789306641e-01
6.413398981094360352e-01
6.198511123657226562e-01
5.933976173400878906e-01
6.558098793029785156e-01
6.083799600601196289e-01
7.240270376205444336e-01
6.984214186668395996e-01
6.445477008819580078e-01
5.509314537048339844e-01
6.733427643775939941e-01
7.207930088043212891e-01
7.543950676918029785e-01
6.278847455978393555e-01
5.476487874984741211e-01
7.383444905281066895e-01
5.445199012756347656e-01
7.172714471817016602e-01
6.083037853240966797e-01
7.021547555923461914e-01
6.218120455741882324e-01
6.522285938262939453e-01
6.944212913513183594e-01
6.772801280021667480e-01
6.030656099319458008e-01
7.707042098045349121e-01
6.289352178573608398e-01
6.735287308692932129e-01
5.990630388259887695e-01
7.318828105926513672e-01
6.704946756362915039e-01
8.058892488479614258e-01
6.536157131195068359e-01
6.979097127914428711e-01
7.536320686340332031e-01
6.857637166976928711e-01
7.032377719879150391e-01
6.217586398124694824e-01
7.548701763153076172e-01
6.168929338455200195e-01
7.831379175186157227e-01
7.670202255249023438e-01
7.505612969398498535e-01
6.398400068283081055e-01
5.941136479377746582e-01
8.919025659561157227e-01
7.813299894332885742e-01
8.973159790039062500e-01
6.550773382186889648e-01
7.593479156494140625e-01
5.788253545761108398e-01
7.151920199394226074e-01
6.245132088661193848e-01
6.359950304031372070e-01
6.254167556762695312e-01
7.113851308822631836e-01
7.334957122802734375e-01
5.723854899406433105e-01
6.799069643020629883e-01
6.850717067718505859e-01
6.639613509178161621e-01
6.818844079971313477e-01
6.742250323295593262e-01
7.122598886489868164e-01
6.329795122146606445e-01
6.293866634368896484e-01
6.097468137741088867e-01
6.548539400100708008e-01
6.863368749618530273e-01
7.352355122566223145e-01
7.160470485687255859e-01
7.247951030731201172e-01
7.538561820983886719e-01
7.377818822860717773e-01
6.424170732498168945e-01
7.099027037620544434e-01
7.301270961761474609e-01
6.741679906845092773e-01
7.051357030868530273e-01
6.685774326324462891e-01
6.407436132431030273e-01
7.812533378601074219e-01
7.144023180007934570e-01
7.303452491760253906e-01
6.516091823577880859e-01
6.360107660293579102e-01
7.128295898437500000e-01
6.889279484748840332e-01
6.286413669586181641e-01
8.057791590690612793e-01
5.995222926139831543e-01
6.231333017349243164e-01
6.722772121429443359e-01
6.454188823699951172e-01
7.610293030738830566e-01
5.847812294960021973e-01
7.923702597618103027e-01
7.008526325225830078e-01
7.753057479858398438e-01
7.763618230819702148e-01
5.795762538909912109e-01
5.505154132843017578e-01
8.171706199645996094e-01
6.733794212341308594e-01
5.917960405349731445e-01
6.703361272811889648e-01
7.664091587066650391e-01
6.258841753005981445e-01
5.884652137756347656e-01
8.453371524810791016e-01
7.186701297760009766e-01
7.904692888259887695e-01
6.088743209838867188e-01
6.556879281997680664e-01
7.318808436393737793e-01
6.419284939765930176e-01
6.211363673210144043e-01
6.619141697883605957e-01
6.494746208190917969e-01
5.965150594711303711e-01
7.359567284584045410e-01
8.538257479667663574e-01
6.503255963325500488e-01
7.787801623344421387e-01
7.097695469856262207e-01
6.901835203170776367e-01
6.088635325431823730e-01
7.019159793853759766e-01
7.133718729019165039e-01
6.813359260559082031e-01
6.762433648109436035e-01
6.390600204467773438e-01
6.344134807586669922e-01
6.409844756126403809e-01
7.286218404769897461e-01
7.464354038238525391e-01
6.472794413566589355e-01
6.106923222541809082e-01
7.719497084617614746e-01
7.256863713264465332e-01
6.256384849548339844e-01
6.547278761863708496e-01
6.848802566528320312e-01
6.757067441940307617e-01
6.730037927627563477e-01
6.453019380569458008e-01
7.003369331359863281e-01
6.071105003356933594e-01
5.239388942718505859e-01
6.892141699790954590e-01
6.679614186286926270e-01
7.258155345916748047e-01
8.915084600448608398e-01
6.050415635108947754e-01
6.768201589584350586e-01
6.448228359222412109e-01
7.289416790008544922e-01
7.058278322219848633e-01
8.247667551040649414e-01
5.858529806137084961e-01
6.619377136230468750e-01
6.520116329193115234e-01
6.801370382308959961e-01
7.660277485847473145e-01
7.523781061172485352e-01
6.306487917900085449e-01
6.969197988510131836e-01
5.691673159599304199e-01
6.191247701644897461e-01
5.123040676116943359e-01
6.261094212532043457e-01
7.256762385368347168e-01
6.609327793121337891e-01
6.526761054992675781e-01
6.928180456161499023e-01
6.142175197601318359e-01
6.761237978935241699e-01
6.824619770050048828e-01
6.422482728958129883e-01
6.614997386932373047e-01
6.026256084442138672e-01
6.317611336708068848e-01
6.398110389709472656e-01
5.265092849731445312e-01
6.015582084655761719e-01
6.536529064178466797e-01
6.646227240562438965e-01
6.420504450798034668e-01
6.877030134201049805e-01
5.606250762939453125e-01
6.950043439865112305e-01
6.435421705245971680e-01
6.109654307365417480e-01
6.437706947326660156e-01
6.563560962677001953e-01
6.596312522888183594e-01
5.556058883666992188e-01
5.422825813293457031e-01
6.352665424346923828e-01
5.417577028274536133e-01
5.502433776855468750e-01
5.215876102447509766e-01
5.005450248718261719e-01
6.862241029739379883e-01
7.479156255722045898e-01
5.912380218505859375e-01
5.771280527114868164e-01
5.946615934371948242e-01
6.119116544723510742e-01
5.202084779739379883e-01
6.051014661788940430e-01
6.147609353065490723e-01
5.819106698036193848e-01
5.969683527946472168e-01
4.849628508090972900e-01
6.801379323005676270e-01
6.543995141983032227e-01
5.853200554847717285e-01
5.810040235519409180e-01
6.330088376998901367e-01
5.512494444847106934e-01
6.096646785736083984e-01
6.086504459381103516e-01
7.518663406372070312e-01
6.642266511917114258e-01
7.225937843322753906e-01
5.702868700027465820e-01
6.296602487564086914e-01
7.293307185173034668e-01
5.768402814865112305e-01
6.633684635162353516e-01
6.261463165283203125e-01
6.314392685890197754e-01
5.621903538703918457e-01
7.090121507644653320e-01
5.937341451644897461e-01
5.197035670280456543e-01
5.334651470184326172e-01
6.842299103736877441e-01
7.054388523101806641e-01
6.726182699203491211e-01
5.293862223625183105e-01
6.510257720947265625e-01
7.191941738128662109e-01
6.396645307540893555e-01
5.850454568862915039e-01
5.825231075286865234e-01
5.839385986328125000e-01
6.706776022911071777e-01
5.851554274559020996e-01
8.379672765731811523e-01
5.564931035041809082e-01
6.246327161788940430e-01
7.626380324363708496e-01
6.557092666625976562e-01
6.496906876564025879e-01
6.764416098594665527e-01
6.826559305191040039e-01
7.657622098922729492e-01
4.990859627723693848e-01
5.303605794906616211e-01
6.257593631744384766e-01
4.808039665222167969e-01
6.336160302162170410e-01
6.303384304046630859e-01
6.031317114830017090e-01
7.469559907913208008e-01
6.723226308822631836e-01
7.441171407699584961e-01
6.436055898666381836e-01
7.005292177200317383e-01
6.814875602722167969e-01
6.905018091201782227e-01
4.962003529071807861e-01
5.917124152183532715e-01
6.123754978179931641e-01
7.574415206909179688e-01
6.519218683242797852e-01
6.983895301818847656e-01
7.019569873809814453e-01
6.932924985885620117e-01
5.802565813064575195e-01
6.970161199569702148e-01
6.468695402145385742e-01
5.926111936569213867e-01
5.717511177062988281e-01
6.343628168106079102e-01
6.529466509819030762e-01
6.563855409622192383e-01
7.532832622528076172e-01
6.593493223190307617e-01
6.290038824081420898e-01
6.647954583168029785e-01
7.798880934715270996e-01
6.558376550674438477e-01
7.302011847496032715e-01
7.493430376052856445e-01
5.817656517028808594e-01
8.666239976882934570e-01
7.068446874618530273e-01
7.929935455322265625e-01
5.596828460693359375e-01
5.900765657424926758e-01
7.382203340530395508e-01
6.448264122009277344e-01
5.071114897727966309e-01
7.442871928215026855e-01
6.444381475448608398e-01
6.267839670181274414e-01
5.691237449645996094e-01
6.117252111434936523e-01
5.983927249908447266e-01
6.096234321594238281e-01
7.906143665313720703e-01
6.465389728546142578e-01
6.365146636962890625e-01
6.441280841827392578e-01
7.030118107795715332e-01
6.304330825805664062e-01
5.617775321006774902e-01
4.762924015522003174e-01
8.170366883277893066e-01
6.587185859680175781e-01
5.772860050201416016e-01
6.169974207878112793e-01
7.346654534339904785e-01
5.613765716552734375e-01
6.336245536804199219e-01
7.609495520591735840e-01
6.066156625747680664e-01
6.002406477928161621e-01
6.055847406387329102e-01
6.567114591598510742e-01
6.573181152343750000e-01
6.548467874526977539e-01
6.504248380661010742e-01
6.230138540267944336e-01
5.790901184082031250e-01
5.475263595581054688e-01
7.608591318130493164e-01
6.390665173530578613e-01
6.191773414611816406e-01
6.377136111259460449e-01
5.734407901763916016e-01
6.739836931228637695e-01
4.665349721908569336e-01
5.689928531646728516e-01
6.741517782211303711e-01
6.677957177162170410e-01
6.007620096206665039e-01
6.473339200019836426e-01
6.346610784530639648e-01
5.346382260322570801e-01
6.631678342819213867e-01
6.390500664710998535e-01
6.328939795494079590e-01
6.030476093292236328e-01
6.087001562118530273e-01
5.954263210296630859e-01
7.135125398635864258e-01
5.897393226623535156e-01
7.105755805969238281e-01
7.104328870773315430e-01
4.980779588222503662e-01
6.923815011978149414e-01
7.293968796730041504e-01
4.888423681259155273e-01
5.855814218521118164e-01
5.649724006652832031e-01
6.395934224128723145e-01
7.791289091110229492e-01
6.929214000701904297e-01
6.033192873001098633e-01
6.678121089935302734e-01
5.783029198646545410e-01
7.186330556869506836e-01
6.332946419715881348e-01
7.177094221115112305e-01
7.536560297012329102e-01
6.377353072166442871e-01
7.055141329765319824e-01
6.050640940666198730e-01
5.805145502090454102e-01
6.934996247291564941e-01
6.831618547439575195e-01
5.629398226737976074e-01
5.766297578811645508e-01
7.181129455566406250e-01
6.298711299896240234e-01
6.112829446792602539e-01
7.568210363388061523e-01
7.464908361434936523e-01
5.653627514839172363e-01
5.827348232269287109e-01
6.450836658477783203e-01
7.382933497428894043e-01
6.740981936454772949e-01
7.333573102951049805e-01
5.854907035827636719e-01
6.570293903350830078e-01
7.117679715156555176e-01
7.469464540481567383e-01
6.741855144500732422e-01
7.505213618278503418e-01
6.932596564292907715e-01
6.236065626144409180e-01
6.942847967147827148e-01
5.059784650802612305e-01
8.380855917930603027e-01
6.818579435348510742e-01
6.567094326019287109e-01
6.548798084259033203e-01
6.794325113296508789e-01
7.853547930717468262e-01
6.544333696365356445e-01
6.737140417098999023e-01
6.666768789291381836e-01
5.913572311401367188e-01
5.809968113899230957e-01
6.362023949623107910e-01
6.921585798263549805e-01
6.462714672088623047e-01
6.556181907653808594e-01
6.463732719421386719e-01
5.397763252258300781e-01
6.667155027389526367e-01
6.338455677032470703e-01
5.535537004470825195e-01
7.988725900650024414e-01
6.152056455612182617e-01
7.627604603767395020e-01
6.767272353172302246e-01
6.897418498992919922e-01
5.093410015106201172e-01
6.918271780014038086e-01
6.365536451339721680e-01
7.114611268043518066e-01
7.596774101257324219e-01
5.863355398178100586e-01
7.682213187217712402e-01
6.053882837295532227e-01
6.023615598678588867e-01
7.119920253753662109e-01
5.806850790977478027e-01
7.975499629974365234e-01
5.603586435317993164e-01
6.339331269264221191e-01
8.941459655761718750e-01
6.679291725158691406e-01
6.182990074157714844e-01
7.376118898391723633e-01
6.287114620208740234e-01
6.351717710494995117e-01
5.648138523101806641e-01
6.732774972915649414e-01
5.454384088516235352e-01
6.491175889968872070e-01
5.571858882904052734e-01
6.752562522888183594e-01
6.607201695442199707e-01
5.689702630043029785e-01
6.275426745414733887e-01
7.650563120841979980e-01
6.995183229446411133e-01
7.656419277191162109e-01
6.449608802795410156e-01
7.324733734130859375e-01
6.542477011680603027e-01
5.923405885696411133e-01
6.642594933509826660e-01
5.571556091308593750e-01
6.669915318489074707e-01
7.781578302383422852e-01
7.323797941207885742e-01
6.697422266006469727e-01
6.079024076461791992e-01
6.721098423004150391e-01
6.973941326141357422e-01
7.423638105392456055e-01
6.830412149429321289e-01
6.590133905410766602e-01
7.271359562873840332e-01
7.425166964530944824e-01
7.225211262702941895e-01
8.229344487190246582e-01
7.874701023101806641e-01
5.838472247123718262e-01
6.812107563018798828e-01
7.631523609161376953e-01
7.752779722213745117e-01
7.102392911911010742e-01
5.691610574722290039e-01
5.951184034347534180e-01
6.502472758293151855e-01
6.611429452896118164e-01
5.538010597229003906e-01
5.778357982635498047e-01
7.066423296928405762e-01
6.997978687286376953e-01
7.501187920570373535e-01
6.664863824844360352e-01
6.382377147674560547e-01
6.897231936454772949e-01
7.715435624122619629e-01
5.896897315979003906e-01
6.789641380310058594e-01
7.153943777084350586e-01
7.189800739288330078e-01
6.431475877761840820e-01
8.109749555587768555e-01
6.922616958618164062e-01
7.529112100601196289e-01
7.871789336204528809e-01
6.346257328987121582e-01
6.151160001754760742e-01
6.672234535217285156e-01
6.263582706451416016e-01
5.098868608474731445e-01
6.724426150321960449e-01
6.873705387115478516e-01
6.175311803817749023e-01
6.423777937889099121e-01
6.072553396224975586e-01
6.198409199714660645e-01
6.077340841293334961e-01
7.643988728523254395e-01
6.357223987579345703e-01
7.663931846618652344e-01
6.302036643028259277e-01
6.605032682418823242e-01
5.897402763366699219e-01
6.549011468887329102e-01
6.162720322608947754e-01
6.532818675041198730e-01
7.203706502914428711e-01
6.596288681030273438e-01
5.959622859954833984e-01
5.800557136535644531e-01
6.858597993850708008e-01
5.126359462738037109e-01
6.826646327972412109e-01
6.611206531524658203e-01
6.211540102958679199e-01
5.498449802398681641e-01
6.232589483261108398e-01
6.263689994812011719e-01
6.647282242774963379e-01
5.352194905281066895e-01
6.452248096466064453e-01
6.192934513092041016e-01
6.297953724861145020e-01
6.288825273513793945e-01
7.533968687057495117e-01
5.462892651557922363e-01
5.012746453285217285e-01
6.413347721099853516e-01
5.989179611206054688e-01
5.024379491806030273e-01
5.304438471794128418e-01
7.564312219619750977e-01
6.139543056488037109e-01
5.433707237243652344e-01
6.385211944580078125e-01
6.136125922203063965e-01
6.026136875152587891e-01
6.772989034652709961e-01
5.316374301910400391e-01
5.858564972877502441e-01
5.835217237472534180e-01
6.342191696166992188e-01
5.482884645462036133e-01
4.922860264778137207e-01
5.225569009780883789e-01
6.835703253746032715e-01
5.297085046768188477e-01
6.487543582916259766e-01
6.240862011909484863e-01
6.641634702682495117e-01
5.484458208084106445e-01
7.189859747886657715e-01
5.794552564620971680e-01
4.624364674091339111e-01
6.210688948631286621e-01
5.460337400436401367e-01
5.809437036514282227e-01
5.271818637847900391e-01
6.405612826347351074e-01
6.972572803497314453e-01
6.170209646224975586e-01
5.861631631851196289e-01
6.580592989921569824e-01
7.006254196166992188e-01
5.736794471740722656e-01
7.276500463485717773e-01
5.836349725723266602e-01
5.135133266448974609e-01
5.855094194412231445e-01
7.516860961914062500e-01
6.413422822952270508e-01
5.242163538932800293e-01
6.732295751571655273e-01
6.641199588775634766e-01
5.674079656600952148e-01
6.544560194015502930e-01
5.915504097938537598e-01
5.793693065643310547e-01
6.879081130027770996e-01
5.065856575965881348e-01
6.220911145210266113e-01
6.449242830276489258e-01
6.128892898559570312e-01
5.621159672737121582e-01
5.950019955635070801e-01
5.834383964538574219e-01
5.591378211975097656e-01
6.518976688385009766e-01
7.342838048934936523e-01
8.511632680892944336e-01
6.844270229339599609e-01
6.611081361770629883e-01
5.385815501213073730e-01
7.136173248291015625e-01
6.601042747497558594e-01
7.115525007247924805e-01
6.027764678001403809e-01
6.134088039398193359e-01
6.182717680931091309e-01
5.824202895164489746e-01
5.779515504837036133e-01
6.042549610137939453e-01
7.136741876602172852e-01
5.565631389617919922e-01
7.051709890365600586e-01
5.614079236984252930e-01
4.233792424201965332e-01
6.667447090148925781e-01
6.008685231208801270e-01
6.246923208236694336e-01
6.738474369049072266e-01
6.398178339004516602e-01
6.797292232513427734e-01
6.369340419769287109e-01
5.309400558471679688e-01
6.221179962158203125e-01
6.083772182464599609e-01
6.634043455123901367e-01
6.007614731788635254e-01
5.093062520027160645e-01
6.846790313720703125e-01
5.952093601226806641e-01
6.876286268234252930e-01
5.073187351226806641e-01
6.257297396659851074e-01
6.102168560028076172e-01
5.233492851257324219e-01
6.322157382965087891e-01
6.244602203369140625e-01
6.867067217826843262e-01
7.914777398109436035e-01
5.357256531715393066e-01
5.547275543212890625e-01
6.816900968551635742e-01
5.838755369186401367e-01
6.598665714263916016e-01
7.048921585083007812e-01
5.300794839859008789e-01
6.827721595764160156e-01
6.343196034431457520e-01
6.684663295745849609e-01
6.199666261672973633e-01
6.629221439361572266e-01
6.287469863891601562e-01
4.744130373001098633e-01
5.984318256378173828e-01
5.905497074127197266e-01
7.353845834732055664e-01
5.825774669647216797e-01
6.178556680679321289e-01
6.074705123901367188e-01
7.509116530418395996e-01
6.619980335235595703e-01
6.774702072143554688e-01
6.140789985656738281e-01
5.778484344482421875e-01
6.439126729965209961e-01
5.351626873016357422e-01
5.898818969726562500e-01
7.288960218429565430e-01
7.758354544639587402e-01
5.877344608306884766e-01
5.378698110580444336e-01
6.901077628135681152e-01
6.929253339767456055e-01
6.357437968254089355e-01
6.479121446609497070e-01
6.602722406387329102e-01
6.043649315834045410e-01
6.218783855438232422e-01
5.188025236129760742e-01
6.156775355339050293e-01
6.875368952751159668e-01
6.481205224990844727e-01
6.278164386749267578e-01
5.353026986122131348e-01
6.629349589347839355e-01
7.381632328033447266e-01
6.706702113151550293e-01
7.749362587928771973e-01
6.242038011550903320e-01
6.640877127647399902e-01
6.474502682685852051e-01
6.719176769256591797e-01
6.120703220367431641e-01
6.874638199806213379e-01
6.865589618682861328e-01
5.318584442138671875e-01
5.797200798988342285e-01
7.366393804550170898e-01
6.230552196502685547e-01
6.223764419555664062e-01
5.412976741790771484e-01
7.502252459526062012e-01
6.053503155708312988e-01
5.335584878921508789e-01
6.100237965583801270e-01
5.579503774642944336e-01
6.957301497459411621e-01
6.860128641128540039e-01
6.708840131759643555e-01
5.310297608375549316e-01
6.076315641403198242e-01
7.003178000450134277e-01
6.262879371643066406e-01
5.876795053482055664e-01
7.011374235153198242e-01
6.007283926010131836e-01
6.796937584877014160e-01
5.944035649299621582e-01
6.124620437622070312e-01
6.070384979248046875e-01
6.543089151382446289e-01
7.175306677818298340e-01
7.678730487823486328e-01
5.671999454498291016e-01
6.744458675384521484e-01
7.904551029205322266e-01
6.733180284500122070e-01
5.696041584014892578e-01
6.111297607421875000e-01
7.045841217041015625e-01
7.386863231658935547e-01
6.614693999290466309e-01
6.837393045425415039e-01
6.537866592407226562e-01
5.870851874351501465e-01
6.326805353164672852e-01
6.617797613143920898e-01
6.879272460937500000e-01
6.737300157546997070e-01
6.638520956039428711e-01
6.449863910675048828e-01
6.775841712951660156e-01
5.037787556648254395e-01
8.365100622177124023e-01
6.587380766868591309e-01
6.284189224243164062e-01
6.051874160766601562e-01
6.986721754074096680e-01
5.840195417404174805e-01
6.570906639099121094e-01
6.676614284515380859e-01
6.255719065666198730e-01
5.945442318916320801e-01
7.290377616882324219e-01
5.986847877502441406e-01
6.240252852439880371e-01
8.218187689781188965e-01
6.599675416946411133e-01
6.746604442596435547e-01
6.684454083442687988e-01
5.799947977066040039e-01
6.021626591682434082e-01
6.474165916442871094e-01
6.266509294509887695e-01
6.612366437911987305e-01
6.233281493186950684e-01
6.383885145187377930e-01
5.986961126327514648e-01
6.039534807205200195e-01
7.645833492279052734e-01
6.590666770935058594e-01
6.090419292449951172e-01
6.495720744132995605e-01
6.719574928283691406e-01
7.461838722229003906e-01
6.946543455123901367e-01
8.436446189880371094e-01
6.377906203269958496e-01
7.399296760559082031e-01
6.639732718467712402e-01
6.147512793540954590e-01
6.467021703720092773e-01
6.923672556877136230e-01
5.124810934066772461e-01
6.823554635047912598e-01
6.519993543624877930e-01
6.453475952148437500e-01
5.941323041915893555e-01
6.876927614212036133e-01
5.417814254760742188e-01
6.304212808609008789e-01
6.495183706283569336e-01
6.019353866577148438e-01
6.138578653335571289e-01
6.278330683708190918e-01
5.365955829620361328e-01
5.958376526832580566e-01
5.797605514526367188e-01
6.762747764587402344e-01
6.076534986495971680e-01
6.496391296386718750e-01
7.016630768775939941e-01
7.154612541198730469e-01
7.827978730201721191e-01
6.123790144920349121e-01
6.063898801803588867e-01
6.048579812049865723e-01
6.520606279373168945e-01
5.867862701416015625e-01
6.616284251213073730e-01
5.673482418060302734e-01
6.580219268798828125e-01
6.627054214477539062e-01
6.466073989868164062e-01
7.853925228118896484e-01
6.084394454956054688e-01
6.006826758384704590e-01
6.366308331489562988e-01
6.116514205932617188e-01
6.348994374275207520e-01
5.832601785659790039e-01
6.143442988395690918e-01
6.899940967559814453e-01
5.699139237403869629e-01
6.606653928756713867e-01
6.814864873886108398e-01
6.859614849090576172e-01
6.647753715515136719e-01
6.282914876937866211e-01
7.174527645111083984e-01
6.655658483505249023e-01
7.394000291824340820e-01
5.279649496078491211e-01
5.658456087112426758e-01
6.289199590682983398e-01
5.603536367416381836e-01
6.890866160392761230e-01
5.719400644302368164e-01
6.404221653938293457e-01
6.137204170227050781e-01
8.226128220558166504e-01
6.891553401947021484e-01
7.438789606094360352e-01
7.771098613739013672e-01
5.969489812850952148e-01
5.586353540420532227e-01
6.792947649955749512e-01
6.561678051948547363e-01
5.291981101036071777e-01
6.141148209571838379e-01
6.996801495552062988e-01
5.726747512817382812e-01
7.882323265075683594e-01
7.545974850654602051e-01
6.082430481910705566e-01
8.184540271759033203e-01
7.675412297248840332e-01
6.888012886047363281e-01
7.407191991806030273e-01
6.923106312751770020e-01
7.135461568832397461e-01
6.251040697097778320e-01
7.411861419677734375e-01
5.811736583709716797e-01
7.659823298454284668e-01
5.921403765678405762e-01
7.163718938827514648e-01
6.430189013481140137e-01
6.436665058135986328e-01
6.155489683151245117e-01
6.060365438461303711e-01
4.916675090789794922e-01
6.494381427764892578e-01
6.602839231491088867e-01
5.359523892402648926e-01
6.095266938209533691e-01
5.930649042129516602e-01
5.530618429183959961e-01
6.236761808395385742e-01
5.941727757453918457e-01
5.985072851181030273e-01
6.420003771781921387e-01
4.588891863822937012e-01
6.016891002655029297e-01
6.588858366012573242e-01
5.609319210052490234e-01
6.211931705474853516e-01
6.075709462165832520e-01
5.926849842071533203e-01
7.887033820152282715e-01
6.632397174835205078e-01
6.199549436569213867e-01
6.525768041610717773e-01
5.117119550704956055e-01
5.709234476089477539e-01
6.946622133255004883e-01
6.705490946769714355e-01
6.295212507247924805e-01
6.334425210952758789e-01
6.588665246963500977e-01
5.861238837242126465e-01
5.514774918556213379e-01
5.982080698013305664e-01
6.224389076232910156e-01
6.057848930358886719e-01
7.187949419021606445e-01
6.264615058898925781e-01
6.008848547935485840e-01
4.603648781776428223e-01
4.676262140274047852e-01
5.606099963188171387e-01
6.099808216094970703e-01
6.537281870841979980e-01
4.933181405067443848e-01
5.021426677703857422e-01
5.688229203224182129e-01
5.561510920524597168e-01
5.833281874656677246e-01
5.381534695625305176e-01
6.931629180908203125e-01
5.403962135314941406e-01
4.834841489791870117e-01
7.046242356300354004e-01
5.063750147819519043e-01
6.134288311004638672e-01
5.835850834846496582e-01
6.016430258750915527e-01
5.825705528259277344e-01
5.289916992187500000e-01
6.112873554229736328e-01
5.769475102424621582e-01
5.981345176696777344e-01
5.527573823928833008e-01
5.900903344154357910e-01
6.625374555587768555e-01
6.159124374389648438e-01
6.888123750686645508e-01
5.715489387512207031e-01
5.844566822052001953e-01
6.414873600006103516e-01
6.053624153137207031e-01
5.700765848159790039e-01
5.030605792999267578e-01
6.389349699020385742e-01
6.715828180313110352e-01
6.341608166694641113e-01
6.239356994628906250e-01
5.679603815078735352e-01
5.993881225585937500e-01
6.365900039672851562e-01
5.605102777481079102e-01
5.620845556259155273e-01
5.693307518959045410e-01
6.715551018714904785e-01
6.104480624198913574e-01
5.080151557922363281e-01
4.637470245361328125e-01
5.097894072532653809e-01
6.109265089035034180e-01
6.346037387847900391e-01
4.307579696178436279e-01
6.141719818115234375e-01
5.601465702056884766e-01
4.886175394058227539e-01
6.335105895996093750e-01
6.177108883857727051e-01
6.893610954284667969e-01
5.134706497192382812e-01
6.276767849922180176e-01
6.071296930313110352e-01
6.068788170814514160e-01
5.178588032722473145e-01
6.688499450683593750e-01
7.212285399436950684e-01
7.034599781036376953e-01
4.819228053092956543e-01
7.141818404197692871e-01
5.794928073883056641e-01
6.732209324836730957e-01
8.037747144699096680e-01
5.712999105453491211e-01
5.865650177001953125e-01
6.136879920959472656e-01
5.868979692459106445e-01
5.507887005805969238e-01
7.281679511070251465e-01
7.505296468734741211e-01
5.964485406875610352e-01
6.503521800041198730e-01
5.985919833183288574e-01
5.303564071655273438e-01
5.346031188964843750e-01
5.522365570068359375e-01
7.136739492416381836e-01
7.163449525833129883e-01
5.498255491256713867e-01
6.447680592536926270e-01
6.057351827621459961e-01
6.954991221427917480e-01
7.170612812042236328e-01
6.759713888168334961e-01
6.555730700492858887e-01
5.317873954772949219e-01
6.884505748748779297e-01
6.006086468696594238e-01
6.067852377891540527e-01
5.434818267822265625e-01
8.830569386482238770e-01
6.026982069015502930e-01
5.695762634277343750e-01
5.284172296524047852e-01
5.400502681732177734e-01
5.470881462097167969e-01
7.113850116729736328e-01
7.019090056419372559e-01
5.538034439086914062e-01
6.092660427093505859e-01
5.443753004074096680e-01
6.149654388427734375e-01
5.544864535331726074e-01
5.665085315704345703e-01
5.593237280845642090e-01
6.096504926681518555e-01
6.336511373519897461e-01
7.649645805358886719e-01
5.536811351776123047e-01
5.624132752418518066e-01
5.756640434265136719e-01
6.935012936592102051e-01
6.563863754272460938e-01
6.579771041870117188e-01
6.504064798355102539e-01
4.756224751472473145e-01
5.982760190963745117e-01
7.025347948074340820e-01
6.869910359382629395e-01
5.254412889480590820e-01
6.989886760711669922e-01
6.215807199478149414e-01
6.268429756164550781e-01
7.194337248802185059e-01
6.186638474464416504e-01
5.276039242744445801e-01
5.624393224716186523e-01
6.800553798675537109e-01
6.725560426712036133e-01
7.033148407936096191e-01
6.047067046165466309e-01
6.818648576736450195e-01
7.054539918899536133e-01
6.431815028190612793e-01
7.042969465255737305e-01
5.786478519439697266e-01
6.652818918228149414e-01
5.977538228034973145e-01
6.379781961441040039e-01
5.607230663299560547e-01
6.044567823410034180e-01
6.605982780456542969e-01
6.300572156906127930e-01
6.827285289764404297e-01
6.018836498260498047e-01
5.930088162422180176e-01
5.978708267211914062e-01
6.935781836509704590e-01
5.326849818229675293e-01
8.072816729545593262e-01
6.836617588996887207e-01
6.294080018997192383e-01
8.503722548484802246e-01
5.717412233352661133e-01
6.379119157791137695e-01
5.872933864593505859e-01
6.971088647842407227e-01
5.713320374488830566e-01
6.083666682243347168e-01
5.928320884704589844e-01
5.895105600357055664e-01
6.436173915863037109e-01
5.756412744522094727e-01
6.390331983566284180e-01
7.133665084838867188e-01
6.655300855636596680e-01
5.826597213745117188e-01
7.609584927558898926e-01
6.465541124343872070e-01
5.492446422576904297e-01
7.125726938247680664e-01
6.647031307220458984e-01
5.156589746475219727e-01
6.559042930603027344e-01
7.246884107589721680e-01
6.136401295661926270e-01
6.169508695602416992e-01
6.568801403045654297e-01
7.135872840881347656e-01
5.095854997634887695e-01
6.726920604705810547e-01
6.001298427581787109e-01
6.208230257034301758e-01
6.643055081367492676e-01
8.263400793075561523e-01
5.205607414245605469e-01
6.431024670600891113e-01
5.942701101303100586e-01
6.035631895065307617e-01
6.020684242248535156e-01
6.815571784973144531e-01
6.970040798187255859e-01
6.646493673324584961e-01
5.994274616241455078e-01
6.676535606384277344e-01
6.185460686683654785e-01
6.840800046920776367e-01
6.122162342071533203e-01
6.654326915740966797e-01
8.903331160545349121e-01
5.338724851608276367e-01
6.870365142822265625e-01
5.575989484786987305e-01
5.533850193023681641e-01
6.471372842788696289e-01
7.583172321319580078e-01
6.662012338638305664e-01
4.883875250816345215e-01
6.564770936965942383e-01
7.057837843894958496e-01
7.165610194206237793e-01
7.017357349395751953e-01
7.279930710792541504e-01
6.851624846458435059e-01
6.203284859657287598e-01
6.830165982246398926e-01
6.299843192100524902e-01
6.462593674659729004e-01
6.366536617279052734e-01
5.979477167129516602e-01
6.578973531723022461e-01
5.206016302108764648e-01
5.607502460479736328e-01
6.144279241561889648e-01
5.880634784698486328e-01
6.219510436058044434e-01
4.748736619949340820e-01
5.586842894554138184e-01
5.660690069198608398e-01
6.344166398048400879e-01
6.585107445716857910e-01
7.895731925964355469e-01
7.511253356933593750e-01
5.829918384552001953e-01
7.266374230384826660e-01
5.899602770805358887e-01
5.772305727005004883e-01
5.307285785675048828e-01
6.961066126823425293e-01
7.393627762794494629e-01
5.655071735382080078e-01
6.809401512145996094e-01
7.340093255043029785e-01
5.978212356567382812e-01
6.197798252105712891e-01
5.636943578720092773e-01
5.755667090415954590e-01
6.556190252304077148e-01
8.160506486892700195e-01
6.229311227798461914e-01
5.745455026626586914e-01
6.773205995559692383e-01
6.505075097084045410e-01
6.165935397148132324e-01
7.118949294090270996e-01
6.539222598075866699e-01
5.030630826950073242e-01
6.805574893951416016e-01
5.044541358947753906e-01
5.795131325721740723e-01
6.568291783332824707e-01
6.172549724578857422e-01
6.644600629806518555e-01
8.054672479629516602e-01
6.740643978118896484e-01
6.607024669647216797e-01
7.216753363609313965e-01
6.157261133193969727e-01
6.794409751892089844e-01
7.642002105712890625e-01
6.538437604904174805e-01
6.923044919967651367e-01
6.041165590286254883e-01
5.421570539474487305e-01
5.723202824592590332e-01
6.342008113861083984e-01
7.657480239868164062e-01
5.068187713623046875e-01
6.768342852592468262e-01
6.606256365776062012e-01
6.110457181930541992e-01
7.073849439620971680e-01
6.128939390182495117e-01
6.329017877578735352e-01
7.242226600646972656e-01
5.541131496429443359e-01
6.303048133850097656e-01
6.491363048553466797e-01
6.218564510345458984e-01
5.781972408294677734e-01
5.707147121429443359e-01
6.032407879829406738e-01
4.705128669738769531e-01
5.427597761154174805e-01
7.769950628280639648e-01
7.582241296768188477e-01
6.929444074630737305e-01
6.510444283485412598e-01
6.627237200736999512e-01
5.994367599487304688e-01
5.822514295578002930e-01
8.041408061981201172e-01
5.705536603927612305e-01
6.520439386367797852e-01
7.464597225189208984e-01
5.828490257263183594e-01
6.769992113113403320e-01
6.298409104347229004e-01
4.894142746925354004e-01
5.949298143386840820e-01
5.380771160125732422e-01
4.836527407169342041e-01
5.081171989440917969e-01
5.723603963851928711e-01
6.306822896003723145e-01
6.581484079360961914e-01
6.868860721588134766e-01
4.868606328964233398e-01
5.488001108169555664e-01
6.209428310394287109e-01
6.194432377815246582e-01
5.145696997642517090e-01
6.735461354255676270e-01
7.377237677574157715e-01
5.421615839004516602e-01
5.380591154098510742e-01
6.294237375259399414e-01
7.343022227287292480e-01
5.820432901382446289e-01
5.224184989929199219e-01
7.323083877563476562e-01
5.955481529235839844e-01
5.842360854148864746e-01
5.921838879585266113e-01
5.194416046142578125e-01
7.057669162750244141e-01
5.909873843193054199e-01
5.995329618453979492e-01
4.976503849029541016e-01
5.171625614166259766e-01
6.164393424987792969e-01
5.073549747467041016e-01
5.532697439193725586e-01
6.149083375930786133e-01
5.797976255416870117e-01
6.101937294006347656e-01
6.028839349746704102e-01
7.052159905433654785e-01
6.316406130790710449e-01
5.434982776641845703e-01
6.428571343421936035e-01
6.093765497207641602e-01
6.027563810348510742e-01
5.334361791610717773e-01
5.576092600822448730e-01
6.342124938964843750e-01
5.839914083480834961e-01
6.482273340225219727e-01
5.002857446670532227e-01
6.115421652793884277e-01
5.727894902229309082e-01
5.574600696563720703e-01
5.349822044372558594e-01
5.092545151710510254e-01
6.079691648483276367e-01
6.265594363212585449e-01
5.948201417922973633e-01
5.405713319778442383e-01
5.179210901260375977e-01
6.066713929176330566e-01
5.595088601112365723e-01
6.866565346717834473e-01
4.751370549201965332e-01
5.599120855331420898e-01
6.484538316726684570e-01
5.244335532188415527e-01
6.359351873397827148e-01
6.211740970611572266e-01
5.431369543075561523e-01
5.129241943359375000e-01
4.827743470668792725e-01
6.524357795715332031e-01
6.446990966796875000e-01
6.084820032119750977e-01
6.037786006927490234e-01
5.092293024063110352e-01
6.579912900924682617e-01
6.785092353820800781e-01
6.221188306808471680e-01
6.331741809844970703e-01
6.478026509284973145e-01
6.086708307266235352e-01
5.386099219322204590e-01
5.737100243568420410e-01
5.861061811447143555e-01
5.867422819137573242e-01
6.327815651893615723e-01
5.718337893486022949e-01
4.461551308631896973e-01
5.828287601470947266e-01
5.623564720153808594e-01
5.748597383499145508e-01
5.812512636184692383e-01
6.329198479652404785e-01
5.585855245590209961e-01
6.162219643592834473e-01
5.566676259040832520e-01
5.242841839790344238e-01
6.001237630844116211e-01
4.542251825332641602e-01
6.580640077590942383e-01
5.906778573989868164e-01
5.820443630218505859e-01
5.697065591812133789e-01
5.429641008377075195e-01
6.870342493057250977e-01
6.343132853507995605e-01
5.326091051101684570e-01
5.867389440536499023e-01
6.414420604705810547e-01
5.994956493377685547e-01
6.475501060485839844e-01
5.854927301406860352e-01
7.059324979782104492e-01
6.298097968101501465e-01
5.658085346221923828e-01
5.192531347274780273e-01
5.918825864791870117e-01
5.680090188980102539e-01
6.477721929550170898e-01
5.203244686126708984e-01
6.950653791427612305e-01
5.531095266342163086e-01
5.900040864944458008e-01
5.608249306678771973e-01
6.569689512252807617e-01
6.507630944252014160e-01
7.140204310417175293e-01
4.840813279151916504e-01
6.116523742675781250e-01
5.422424674034118652e-01
6.138523221015930176e-01
8.026757836341857910e-01
4.747951924800872803e-01
5.563684105873107910e-01
6.496019959449768066e-01
5.842957496643066406e-01
5.980504751205444336e-01
5.933659076690673828e-01
5.682308673858642578e-01
6.651660203933715820e-01
6.101310253143310547e-01
5.703419446945190430e-01
5.342059731483459473e-01
6.672676801681518555e-01
6.280515193939208984e-01
7.011330127716064453e-01
6.773532629013061523e-01
5.049360394477844238e-01
7.498068809509277344e-01
6.701878905296325684e-01
6.859688162803649902e-01
6.681756377220153809e-01
6.089228987693786621e-01
6.396345496177673340e-01
7.086440324783325195e-01
6.896423101425170898e-01
5.418172478675842285e-01
5.959207415580749512e-01
6.900450587272644043e-01
6.184854507446289062e-01
5.810518264770507812e-01
6.429342627525329590e-01
7.046225666999816895e-01
6.068846583366394043e-01
6.112602949142456055e-01
5.762161016464233398e-01
6.591907739639282227e-01
6.523022055625915527e-01
5.627539157867431641e-01
4.764131009578704834e-01
6.470028162002563477e-01
5.821471214294433594e-01
5.810017585754394531e-01
5.919734239578247070e-01
5.731873512268066406e-01
6.590909957885742188e-01
6.077993512153625488e-01
5.619367361068725586e-01
5.379067063331604004e-01
6.714624166488647461e-01
5.475526452064514160e-01
6.718124747276306152e-01
6.876674294471740723e-01
7.148741483688354492e-01
6.879060268402099609e-01
7.978688478469848633e-01
6.939132809638977051e-01
5.996431112289428711e-01
5.784021019935607910e-01
6.865781545639038086e-01
5.546100139617919922e-01
6.406428813934326172e-01
5.562531948089599609e-01
7.975600957870483398e-01
4.872409105300903320e-01
6.121047735214233398e-01
7.160856723785400391e-01
4.958645701408386230e-01
6.442551016807556152e-01
6.491099596023559570e-01
6.036170721054077148e-01
6.129160523414611816e-01
5.908682346343994141e-01
7.039921283721923828e-01
6.701841354370117188e-01
6.348712444305419922e-01
6.042869091033935547e-01
6.641282439231872559e-01
5.440742969512939453e-01
7.264670729637145996e-01
6.083770394325256348e-01
6.468491554260253906e-01
5.854238867759704590e-01
5.721046328544616699e-01
7.072109580039978027e-01
5.953681468963623047e-01
6.710094213485717773e-01
6.286558508872985840e-01
6.762334704399108887e-01
5.683932900428771973e-01
7.364738583564758301e-01
6.874024868011474609e-01
6.870839595794677734e-01
6.207059621810913086e-01
5.630842447280883789e-01
5.661266446113586426e-01
5.538941621780395508e-01
5.826020240783691406e-01
5.163564682006835938e-01
6.641004681587219238e-01
7.308439016342163086e-01
7.048410177230834961e-01
7.093046903610229492e-01
6.162515878677368164e-01
6.276111602783203125e-01
6.315395236015319824e-01
5.501713156700134277e-01
6.246508359909057617e-01
6.862141489982604980e-01
6.453363895416259766e-01
5.633746385574340820e-01
5.998020172119140625e-01
5.840998888015747070e-01
7.142056226730346680e-01
6.826266050338745117e-01
6.450215578079223633e-01
7.558884620666503906e-01
7.886016368865966797e-01
5.927912592887878418e-01
6.230626106262207031e-01
7.096598148345947266e-01
6.414820551872253418e-01
5.873202681541442871e-01
5.871533155441284180e-01
6.884928345680236816e-01
6.007809638977050781e-01
6.023743152618408203e-01
6.179772615432739258e-01
5.155815482139587402e-01
7.558975219726562500e-01
6.191601753234863281e-01
6.477594375610351562e-01
6.830207705497741699e-01
5.946105718612670898e-01
6.087282896041870117e-01
6.104650497436523438e-01
6.735467910766601562e-01
5.838278532028198242e-01
6.769660115242004395e-01
5.939280390739440918e-01
4.868843555450439453e-01
5.371642112731933594e-01
5.968285799026489258e-01
5.311690568923950195e-01
6.571012735366821289e-01
6.443403959274291992e-01
7.344566583633422852e-01
6.588051319122314453e-01
6.254234313964843750e-01
5.573656558990478516e-01
6.909593343734741211e-01
5.349618196487426758e-01
7.826989293098449707e-01
5.811316370964050293e-01
6.601088643074035645e-01
5.344651937484741211e-01
5.617377161979675293e-01
6.283497810363769531e-01
7.481462955474853516e-01
7.536143064498901367e-01
6.861480474472045898e-01
6.690719723701477051e-01
5.232476592063903809e-01
5.832076072692871094e-01
5.235975384712219238e-01
5.508787631988525391e-01
7.174606323242187500e-01
5.818849802017211914e-01
7.488948106765747070e-01
5.547488331794738770e-01
6.687539219856262207e-01
5.445802807807922363e-01
5.849010944366455078e-01
5.942876338958740234e-01
7.057743072509765625e-01
6.274316310882568359e-01
5.307875275611877441e-01
6.666710376739501953e-01
6.115201711654663086e-01
6.256369352340698242e-01
5.494687557220458984e-01
6.456139087677001953e-01
6.050119400024414062e-01
5.661158561706542969e-01
5.118446350097656250e-01
5.598927140235900879e-01
6.338275671005249023e-01
5.721547603607177734e-01
5.677884221076965332e-01
6.454954147338867188e-01
6.454687118530273438e-01
6.839919686317443848e-01
6.166855692863464355e-01
7.081831097602844238e-01
6.064683198928833008e-01
6.286387443542480469e-01
5.715880393981933594e-01
5.252749919891357422e-01
5.935550928115844727e-01
6.311048865318298340e-01
5.226284265518188477e-01
5.459421277046203613e-01
5.485179424285888672e-01
5.259740352630615234e-01
6.790869832038879395e-01
7.784583568572998047e-01
6.292514801025390625e-01
7.588198781013488770e-01
6.147330999374389648e-01
5.853452682495117188e-01
5.686630606651306152e-01
5.713822841644287109e-01
6.271636486053466797e-01
5.021407008171081543e-01
7.861248850822448730e-01
6.390818357467651367e-01
5.629873275756835938e-01
7.194405794143676758e-01
6.662045121192932129e-01
5.470633506774902344e-01
6.725617051124572754e-01
5.601392388343811035e-01
6.992417573928833008e-01
5.875570774078369141e-01
6.165084838867187500e-01
6.062352657318115234e-01
4.174942970275878906e-01
6.194367408752441406e-01
6.181746125221252441e-01
5.275043249130249023e-01
5.753679871559143066e-01
5.497533082962036133e-01
5.644804835319519043e-01
5.353837013244628906e-01
5.258530974388122559e-01
6.344087719917297363e-01
5.958931446075439453e-01
6.186010241508483887e-01
6.259613037109375000e-01
6.097406148910522461e-01
6.310352683067321777e-01
5.808964967727661133e-01
5.654703378677368164e-01
6.425327062606811523e-01
5.324054956436157227e-01
5.649033784866333008e-01
6.272677183151245117e-01
5.956814885139465332e-01
5.561890006065368652e-01
5.689827203750610352e-01
4.607744216918945312e-01
6.428961753845214844e-01
6.567405462265014648e-01
7.029132843017578125e-01
5.975999832153320312e-01
6.477725505828857422e-01
6.843962073326110840e-01
4.961346983909606934e-01
5.524858236312866211e-01
4.331412911415100098e-01
4.944105446338653564e-01
5.987271070480346680e-01
5.423535108566284180e-01
6.014347076416015625e-01
6.196205019950866699e-01
5.362868309020996094e-01
5.888316631317138672e-01
5.395661592483520508e-01
5.340794324874877930e-01
5.163412094116210938e-01
6.348177790641784668e-01
4.598313271999359131e-01
5.983694791793823242e-01
5.588859915733337402e-01
5.122942328453063965e-01
5.559389591217041016e-01
5.277951359748840332e-01
7.135927677154541016e-01
5.462564826011657715e-01
4.938029646873474121e-01
6.432847380638122559e-01
6.620365977287292480e-01
6.616593599319458008e-01
5.291697978973388672e-01
6.360954046249389648e-01
5.167621970176696777e-01
5.671612024307250977e-01
5.992704629898071289e-01
6.930212974548339844e-01
5.029448270797729492e-01
5.774044990539550781e-01
6.627249717712402344e-01
6.441245675086975098e-01
5.164722800254821777e-01
5.844155550003051758e-01
6.450005769729614258e-01
6.629558801651000977e-01
4.845772683620452881e-01
7.850463390350341797e-01
6.292539834976196289e-01
5.534888505935668945e-01
4.790099561214447021e-01
5.638302564620971680e-01
5.155976414680480957e-01
5.560618638992309570e-01
4.423697888851165771e-01
6.181613206863403320e-01
6.395335197448730469e-01
6.611608266830444336e-01
6.677811145782470703e-01
5.610224008560180664e-01
6.603943109512329102e-01
5.889241099357604980e-01
6.436007022857666016e-01
6.798216104507446289e-01
6.139457225799560547e-01
5.953239202499389648e-01
5.618771314620971680e-01
4.922201335430145264e-01
5.819541215896606445e-01
6.205967664718627930e-01
5.585616827011108398e-01
5.779967308044433594e-01
5.936409235000610352e-01
5.129811763763427734e-01
5.363994240760803223e-01
6.408163309097290039e-01
5.740627050399780273e-01
5.413593649864196777e-01
5.867253541946411133e-01
6.482826471328735352e-01
5.315817594528198242e-01
5.172378420829772949e-01
7.727769017219543457e-01
6.198420524597167969e-01
6.852558851242065430e-01
6.000676155090332031e-01
7.148671746253967285e-01
5.380493402481079102e-01
7.159368991851806641e-01
5.847948789596557617e-01
4.682171940803527832e-01
5.548695325851440430e-01
4.417497217655181885e-01
5.376977920532226562e-01
6.721682548522949219e-01
7.001978158950805664e-01
5.940386056900024414e-01
5.966169834136962891e-01
6.098812818527221680e-01
5.306769609451293945e-01
5.642712712287902832e-01
5.989417433738708496e-01
7.009479403495788574e-01
5.545788407325744629e-01
6.092041134834289551e-01
6.634284257888793945e-01
5.263278484344482422e-01
5.174072980880737305e-01
5.197002291679382324e-01
6.066450476646423340e-01
6.702888607978820801e-01
5.385595560073852539e-01
5.209172368049621582e-01
7.637486457824707031e-01
5.541180968284606934e-01
7.193741798400878906e-01
5.766221284866333008e-01
6.389693021774291992e-01
5.197578072547912598e-01
5.763019323348999023e-01
6.205965876579284668e-01
6.145789027214050293e-01
5.981945991516113281e-01
5.862506628036499023e-01
7.640668749809265137e-01
6.233935356140136719e-01
6.685508489608764648e-01
5.176116824150085449e-01
5.815074443817138672e-01
6.507658958435058594e-01
5.842070579528808594e-01
6.528630256652832031e-01
6.796956062316894531e-01
7.040365934371948242e-01
5.844171047210693359e-01
5.351656675338745117e-01
5.871171355247497559e-01
5.393019318580627441e-01
5.946160554885864258e-01
6.078771948814392090e-01
6.115771532058715820e-01
6.433819532394409180e-01
6.233333349227905273e-01
6.272177696228027344e-01
5.848019719123840332e-01
5.201477408409118652e-01
6.383424997329711914e-01
5.956019759178161621e-01
5.857142210006713867e-01
6.698936223983764648e-01
5.581051707267761230e-01
7.959133386611938477e-01
5.906328558921813965e-01
6.588401794433593750e-01
4.810487627983093262e-01
5.865595936775207520e-01
5.632166862487792969e-01
6.863800287246704102e-01
5.392850041389465332e-01
4.995082318782806396e-01
6.310214996337890625e-01
6.455055475234985352e-01
5.937005877494812012e-01
7.412918806076049805e-01
6.874143481254577637e-01
6.163581609725952148e-01
6.171445846557617188e-01
6.164723634719848633e-01
4.956610798835754395e-01
5.264729261398315430e-01
5.385726094245910645e-01
5.605912804603576660e-01
6.020364761352539062e-01
6.432199478149414062e-01
6.504197120666503906e-01
5.679029226303100586e-01
6.617295145988464355e-01
5.999561548233032227e-01
6.362004280090332031e-01
5.566430687904357910e-01
5.681815743446350098e-01
5.783009529113769531e-01
5.303608179092407227e-01
5.739988088607788086e-01
6.050652861595153809e-01
7.042642831802368164e-01
5.826665163040161133e-01
5.832483768463134766e-01
6.207220554351806641e-01
7.064545154571533203e-01
6.254585385322570801e-01
6.525221467018127441e-01
5.555251836776733398e-01
6.689361333847045898e-01
5.701068639755249023e-01
5.575239062309265137e-01
6.213818788528442383e-01
6.648470759391784668e-01
6.636751294136047363e-01
6.832830905914306641e-01
5.784382224082946777e-01
6.046854257583618164e-01
6.391419172286987305e-01
5.648481249809265137e-01
5.566487312316894531e-01
6.007577180862426758e-01
5.630291700363159180e-01
5.372442007064819336e-01
7.263657450675964355e-01
5.981621146202087402e-01
5.739306211471557617e-01
6.325285434722900391e-01
6.386339068412780762e-01
6.646831035614013672e-01
5.813360214233398438e-01
5.108662843704223633e-01
6.736029386520385742e-01
5.188455581665039062e-01
6.007438898086547852e-01
6.779756546020507812e-01
6.737469434738159180e-01
4.079534709453582764e-01
6.142011880874633789e-01
6.152006983757019043e-01
6.564109921455383301e-01
5.801483392715454102e-01
5.777791738510131836e-01
6.112573146820068359e-01
7.106194496154785156e-01
5.863931179046630859e-01
4.924349486827850342e-01
5.834847688674926758e-01
6.329525709152221680e-01
7.594048380851745605e-01
6.020421385765075684e-01
5.660083293914794922e-01
6.996257305145263672e-01
6.675243973731994629e-01
5.890322923660278320e-01
4.916287958621978760e-01
5.949708223342895508e-01
5.923935770988464355e-01
5.357483625411987305e-01
5.940960645675659180e-01
6.707687973976135254e-01
6.653945446014404297e-01
5.010120868682861328e-01
5.250846743583679199e-01
5.004275441169738770e-01
5.843110084533691406e-01
6.727675795555114746e-01
5.606333017349243164e-01
6.930292844772338867e-01
5.207501053810119629e-01
6.036752462387084961e-01
5.699142813682556152e-01
5.971791744232177734e-01
5.232166051864624023e-01
7.397928237915039062e-01
6.680290102958679199e-01
6.063257455825805664e-01
5.515902042388916016e-01
7.468109130859375000e-01
5.737987756729125977e-01
5.963231325149536133e-01
6.833739280700683594e-01
6.748720407485961914e-01
6.257367134094238281e-01
5.605369806289672852e-01
6.002998352050781250e-01
6.428489685058593750e-01
5.938397049903869629e-01
5.144446492195129395e-01
4.967728257179260254e-01
5.795996189117431641e-01
5.584067106246948242e-01
6.839153170585632324e-01
6.927284002304077148e-01
6.071742773056030273e-01
6.709468364715576172e-01
6.393046379089355469e-01
5.677297711372375488e-01
6.018299460411071777e-01
5.174288749694824219e-01
7.198522090911865234e-01
5.840766429901123047e-01
6.284443140029907227e-01
5.383495092391967773e-01
5.323953628540039062e-01
7.741626501083374023e-01
6.275382041931152344e-01
6.981490850448608398e-01
5.846048593521118164e-01
7.191634774208068848e-01
6.408014297485351562e-01
7.425843477249145508e-01
7.439581751823425293e-01
5.292137861251831055e-01
6.685400009155273438e-01
6.641719341278076172e-01
5.168786048889160156e-01
5.951240658760070801e-01
6.786796450614929199e-01
5.695075392723083496e-01
7.693908214569091797e-01
6.513181924819946289e-01
7.433352470397949219e-01
5.457341670989990234e-01
4.850220978260040283e-01
6.062901616096496582e-01
6.469911932945251465e-01
6.700102090835571289e-01
5.267171859741210938e-01
6.577641963958740234e-01
5.859135985374450684e-01
5.502496361732482910e-01
6.429730653762817383e-01
5.883356928825378418e-01
6.327515840530395508e-01
5.191987752914428711e-01
6.728577613830566406e-01
6.014872789382934570e-01
5.631569623947143555e-01
6.231932044029235840e-01
7.040437459945678711e-01
6.125771999359130859e-01
5.867599844932556152e-01
5.251637697219848633e-01
5.198610424995422363e-01
5.006406903266906738e-01
6.482117176055908203e-01
4.789991974830627441e-01
4.746369123458862305e-01
5.004410147666931152e-01
5.172442793846130371e-01
5.271070599555969238e-01
6.529738306999206543e-01
5.498578548431396484e-01
5.912289619445800781e-01
7.004804611206054688e-01
5.003917217254638672e-01
4.605329930782318115e-01
5.871202945709228516e-01
5.976425409317016602e-01
6.182428598403930664e-01
6.509102582931518555e-01
5.937815904617309570e-01
5.675636529922485352e-01
5.720200538635253906e-01
6.506719589233398438e-01
5.157357454299926758e-01
5.611090660095214844e-01
5.115973353385925293e-01
5.985308289527893066e-01
5.097321271896362305e-01
5.872061252593994141e-01
6.397058963775634766e-01
6.376085877418518066e-01
7.642505764961242676e-01
5.921093821525573730e-01
5.598090887069702148e-01
5.567041039466857910e-01
4.094206690788269043e-01
6.448708772659301758e-01
5.819077491760253906e-01
6.056979894638061523e-01
6.209895014762878418e-01
6.385664939880371094e-01
5.814044475555419922e-01
5.394421219825744629e-01
5.214146971702575684e-01
6.507952213287353516e-01
4.780784547328948975e-01
6.251646280288696289e-01
5.513104200363159180e-01
5.760453939437866211e-01
6.928910017013549805e-01
4.503127336502075195e-01
6.006094217300415039e-01
5.464590787887573242e-01
5.361589789390563965e-01
5.054133534431457520e-01
6.339229345321655273e-01
4.992764294147491455e-01
5.502413511276245117e-01
7.148467302322387695e-01
6.526533365249633789e-01
5.914307832717895508e-01
6.030213832855224609e-01
4.984539151191711426e-01
5.800118446350097656e-01
6.999639272689819336e-01
5.726064443588256836e-01
5.593891143798828125e-01
4.997297525405883789e-01
5.147225856781005859e-01
5.448074936866760254e-01
5.182137489318847656e-01
5.117315053939819336e-01
6.603314876556396484e-01
4.925904572010040283e-01
6.139452457427978516e-01
5.946089625358581543e-01
5.284138917922973633e-01
6.099029183387756348e-01
6.051298379898071289e-01
6.991374492645263672e-01
7.711746692657470703e-01
6.124554872512817383e-01
5.028108358383178711e-01
5.171849131584167480e-01
5.778665542602539062e-01
6.063206195831298828e-01
5.300911664962768555e-01
5.265174508094787598e-01
5.143388509750366211e-01
6.670886278152465820e-01
5.607689619064331055e-01
5.888985395431518555e-01
4.479284882545471191e-01
4.909233748912811279e-01
4.800617694854736328e-01
6.289149522781372070e-01
5.457293987274169922e-01
5.461703538894653320e-01
4.857604205608367920e-01
4.667781591415405273e-01
5.066971778869628906e-01
6.510148048400878906e-01
5.446088314056396484e-01
5.782102942466735840e-01
6.138551235198974609e-01
6.467322111129760742e-01
5.969300866127014160e-01
5.713880658149719238e-01
5.991895198822021484e-01
5.941246747970581055e-01
6.568210124969482422e-01
4.866248071193695068e-01
6.240302324295043945e-01
5.471272468566894531e-01
4.865940213203430176e-01
5.433683395385742188e-01
6.499080061912536621e-01
5.706063508987426758e-01
5.312453508377075195e-01
4.976249039173126221e-01
6.579313278198242188e-01
6.229802370071411133e-01
5.756223797798156738e-01
6.054571866989135742e-01
6.137901544570922852e-01
6.192610263824462891e-01
4.842986166477203369e-01
6.892616748809814453e-01
5.359253287315368652e-01
6.315446496009826660e-01
5.589506626129150391e-01
7.080334424972534180e-01
5.460693836212158203e-01
6.014269590377807617e-01
6.716316342353820801e-01
4.432516992092132568e-01
7.057357430458068848e-01
5.729260444641113281e-01
5.969072580337524414e-01
5.811518430709838867e-01
5.006816387176513672e-01
6.662606596946716309e-01
6.067698001861572266e-01
5.632498860359191895e-01
6.603082418441772461e-01
5.627355575561523438e-01
7.469031810760498047e-01
5.906884670257568359e-01
5.942072868347167969e-01
6.056621670722961426e-01
4.663667082786560059e-01
6.341073513031005859e-01
6.014515161514282227e-01
6.659389734268188477e-01
6.350298523902893066e-01
5.449172854423522949e-01
6.548856496810913086e-01
5.890179872512817383e-01
4.554763734340667725e-01
5.433465838432312012e-01
5.124161243438720703e-01
7.244027853012084961e-01
5.842785835266113281e-01
5.093259811401367188e-01
5.030627250671386719e-01
5.407812595367431641e-01
7.090342044830322266e-01
6.607816815376281738e-01
5.655728578567504883e-01
5.987259149551391602e-01
5.947092771530151367e-01
4.771041274070739746e-01
5.720626711845397949e-01
6.160835027694702148e-01
6.084904670715332031e-01
6.661296486854553223e-01
5.723960995674133301e-01
5.201934576034545898e-01
5.382837057113647461e-01
6.229926347732543945e-01
5.068135261535644531e-01
5.677870512008666992e-01
6.688457727432250977e-01
6.838085055351257324e-01
6.412569880485534668e-01
5.410987138748168945e-01
4.911334216594696045e-01
5.651390552520751953e-01
6.700792312622070312e-01
5.730854272842407227e-01
6.588225364685058594e-01
7.196824550628662109e-01
6.107841134071350098e-01
6.655570864677429199e-01
5.600730180740356445e-01
5.656056404113769531e-01
5.826245546340942383e-01
5.846963524818420410e-01
5.497295260429382324e-01
5.625250339508056641e-01
5.539896488189697266e-01
5.354977250099182129e-01
6.324303150177001953e-01
6.823534965515136719e-01
5.854172110557556152e-01
6.767479181289672852e-01
6.025480031967163086e-01
5.674644112586975098e-01
6.035385131835937500e-01
6.483604311943054199e-01
6.799621582031250000e-01
6.467024087905883789e-01
5.027288198471069336e-01
5.932573676109313965e-01
5.996285676956176758e-01
5.877512693405151367e-01
7.486410140991210938e-01
6.431444883346557617e-01
5.704547166824340820e-01
6.285409331321716309e-01
5.401273965835571289e-01
6.544805765151977539e-01
5.792998075485229492e-01
8.147029876708984375e-01
6.528968811035156250e-01
6.821658611297607422e-01
5.921449065208435059e-01
5.924698114395141602e-01
7.357454299926757812e-01
5.909993648529052734e-01
6.202309727668762207e-01
6.296763420104980469e-01
5.524477362632751465e-01
5.762008428573608398e-01
5.540904998779296875e-01
6.410190463066101074e-01
5.238802433013916016e-01
6.488932967185974121e-01
4.517959952354431152e-01
5.495153069496154785e-01
6.887832880020141602e-01
6.022877693176269531e-01
5.863556861877441406e-01
5.484508275985717773e-01
6.375756859779357910e-01
5.882164835929870605e-01
6.312305331230163574e-01
5.707107782363891602e-01
6.266399025917053223e-01
6.338219642639160156e-01
5.971614122390747070e-01
5.910191535949707031e-01
6.250834465026855469e-01
5.600540637969970703e-01
5.969724059104919434e-01
4.867009222507476807e-01
5.542342662811279297e-01
4.973862767219543457e-01
5.874763727188110352e-01
7.178533077239990234e-01
5.769616365432739258e-01
6.070648431777954102e-01
5.504732728004455566e-01
7.091085314750671387e-01
5.995621085166931152e-01
6.244534254074096680e-01
6.061731576919555664e-01
6.342492103576660156e-01
5.462523698806762695e-01
4.556525945663452148e-01
5.269054174423217773e-01
5.947409272193908691e-01
6.342965364456176758e-01
5.598104000091552734e-01
6.771721243858337402e-01
5.716360807418823242e-01
6.612652540206909180e-01
6.497311592102050781e-01
5.626074671745300293e-01
5.097545981407165527e-01
4.637982845306396484e-01
6.953903436660766602e-01
6.857539415359497070e-01
6.555627584457397461e-01
5.239503383636474609e-01
6.747363805770874023e-01
6.458325386047363281e-01
5.200898647308349609e-01
5.071508884429931641e-01
5.263059139251708984e-01
5.585293769836425781e-01
5.087728500366210938e-01
6.125556230545043945e-01
5.099810361862182617e-01
4.883189201354980469e-01
6.445438861846923828e-01
6.730874776840209961e-01
6.461464166641235352e-01
4.968888163566589355e-01
5.361005663871765137e-01
5.515114665031433105e-01
6.116946935653686523e-01
6.579926013946533203e-01
5.635758042335510254e-01
5.895091295242309570e-01
6.412841081619262695e-01
6.653313636779785156e-01
7.263849377632141113e-01
6.528210639953613281e-01
7.141308784484863281e-01
6.244181394577026367e-01
6.466237902641296387e-01
5.799527764320373535e-01
5.415618419647216797e-01
6.321112513542175293e-01
6.192424297332763672e-01
5.961119532585144043e-01
6.401551961898803711e-01
6.407991051673889160e-01
5.446232557296752930e-01
5.868123769760131836e-01
6.003194451332092285e-01
7.087131142616271973e-01
6.302618384361267090e-01
6.314125061035156250e-01
6.299899220466613770e-01
5.788210630416870117e-01
5.661132335662841797e-01
6.005219221115112305e-01
7.024447917938232422e-01
5.959639549255371094e-01
6.044332981109619141e-01
6.059496402740478516e-01
6.319751143455505371e-01
5.291188955307006836e-01
5.983781218528747559e-01
5.677017569541931152e-01
5.301134586334228516e-01
5.011535286903381348e-01
7.508989572525024414e-01
5.782239437103271484e-01
6.350975036621093750e-01
6.321799755096435547e-01
6.243782043457031250e-01
5.440219044685363770e-01
6.463966965675354004e-01
4.602279663085937500e-01
5.907450914382934570e-01
5.482372641563415527e-01
6.466800570487976074e-01
5.606132745742797852e-01
6.419506669044494629e-01
6.138265132904052734e-01
5.498512983322143555e-01
5.116148591041564941e-01
5.447016358375549316e-01
4.338355064392089844e-01
4.928427636623382568e-01
6.241945028305053711e-01
5.696713328361511230e-01
5.765506029129028320e-01
5.641647577285766602e-01
5.729863643646240234e-01
5.157273411750793457e-01
5.261074304580688477e-01
6.011940836906433105e-01
5.661973953247070312e-01
4.512621462345123291e-01
5.370136499404907227e-01
5.289725065231323242e-01
4.959044754505157471e-01
4.818832874298095703e-01
5.411747694015502930e-01
4.513216614723205566e-01
5.851497650146484375e-01
5.997489690780639648e-01
5.175752639770507812e-01
4.947832524776458740e-01
5.676761865615844727e-01
5.371327400207519531e-01
6.003417968750000000e-01
4.410742521286010742e-01
5.744783878326416016e-01
5.757800936698913574e-01
5.289059877395629883e-01
5.296152234077453613e-01
4.944905042648315430e-01
5.025283098220825195e-01
5.317339897155761719e-01
3.879019021987915039e-01
4.848773181438446045e-01
7.211400270462036133e-01
5.245058536529541016e-01
4.867407679557800293e-01
5.017267465591430664e-01
5.823287963867187500e-01
6.142013072967529297e-01
5.315307974815368652e-01
5.376619100570678711e-01
5.572108030319213867e-01
5.678869485855102539e-01
5.058108568191528320e-01
5.318074226379394531e-01
6.233296990394592285e-01
5.801329612731933594e-01
6.570231318473815918e-01
4.935430884361267090e-01
5.026140809059143066e-01
5.456488132476806641e-01
4.781576693058013916e-01
4.780558347702026367e-01
5.626124143600463867e-01
5.069533586502075195e-01
7.097765207290649414e-01
6.087331771850585938e-01
7.440186738967895508e-01
6.588144898414611816e-01
5.024492740631103516e-01
4.830939769744873047e-01
6.042122840881347656e-01
5.886657238006591797e-01
5.193238854408264160e-01
5.845144391059875488e-01
6.527177095413208008e-01
5.299509763717651367e-01
6.065999269485473633e-01
5.440433621406555176e-01
5.701677799224853516e-01
5.012218952178955078e-01
5.448063015937805176e-01
5.603649020195007324e-01
6.383692026138305664e-01
4.905693531036376953e-01
5.301579236984252930e-01
5.516446828842163086e-01
5.941298007965087891e-01
5.278208255767822266e-01
5.374978184700012207e-01
5.163627862930297852e-01
5.225381851196289062e-01
4.968630075454711914e-01
5.832535028457641602e-01
6.382908225059509277e-01
5.546429157257080078e-01
5.219912528991699219e-01
5.956946611404418945e-01
6.843461990356445312e-01
6.782494783401489258e-01
5.158152580261230469e-01
5.316166281700134277e-01
6.097635030746459961e-01
4.817292690277099609e-01
4.616432785987854004e-01
6.185880899429321289e-01
5.790366530418395996e-01
6.020274162292480469e-01
5.759390592575073242e-01
6.543357372283935547e-01
5.491787195205688477e-01
5.909314751625061035e-01
4.947834610939025879e-01
7.446537613868713379e-01
4.867215454578399658e-01
4.480480551719665527e-01
4.387905001640319824e-01
5.356253981590270996e-01
5.531305074691772461e-01
5.102612376213073730e-01
6.075553894042968750e-01
5.276904106140136719e-01
6.399748325347900391e-01
5.769020318984985352e-01
4.539969563484191895e-01
5.966380834579467773e-01
4.165344834327697754e-01
5.969797968864440918e-01
5.306380391120910645e-01
5.940129756927490234e-01
5.580197572708129883e-01
5.410326719284057617e-01
5.503644347190856934e-01
5.777066946029663086e-01
5.184228420257568359e-01
6.535018086433410645e-01
5.322932600975036621e-01
7.073062658309936523e-01
6.066058874130249023e-01
5.849152207374572754e-01
5.726618766784667969e-01
6.407768130302429199e-01
6.345880031585693359e-01
5.580297708511352539e-01
4.985892772674560547e-01
5.137627124786376953e-01
5.121928453445434570e-01
4.677215218544006348e-01
4.937482774257659912e-01
4.633161723613739014e-01
7.180044054985046387e-01
5.676384568214416504e-01
5.790561437606811523e-01
6.756925582885742188e-01
5.650929212570190430e-01
6.339434981346130371e-01
5.591877698898315430e-01
5.054603815078735352e-01
5.885245800018310547e-01
4.788451194763183594e-01
5.636240839958190918e-01
6.868166327476501465e-01
6.107751727104187012e-01
5.797531604766845703e-01
5.012403130531311035e-01
5.831058025360107422e-01
6.503771543502807617e-01
5.823721885681152344e-01
6.060647368431091309e-01
5.948294401168823242e-01
5.553424358367919922e-01
5.877475738525390625e-01
7.959548234939575195e-01
5.782227516174316406e-01
5.277642607688903809e-01
6.113177537918090820e-01
4.604929983615875244e-01
6.143553853034973145e-01
6.952043771743774414e-01
6.010355353355407715e-01
6.701067686080932617e-01
5.614005923271179199e-01
5.458631515502929688e-01
5.456379652023315430e-01
5.883470773696899414e-01
4.818302392959594727e-01
5.471401214599609375e-01
5.782424807548522949e-01
6.354537606239318848e-01
6.478528976440429688e-01
5.694118738174438477e-01
5.669815540313720703e-01
6.679015159606933594e-01
4.863970577716827393e-01
5.445497632026672363e-01
5.030329823493957520e-01
5.497403144836425781e-01
6.178479194641113281e-01
6.063659191131591797e-01
7.093192934989929199e-01
6.050683856010437012e-01
6.602317094802856445e-01
7.059143781661987305e-01
5.913552045822143555e-01
5.541457533836364746e-01
5.995534062385559082e-01
5.873221158981323242e-01
5.924526453018188477e-01
5.467957854270935059e-01
6.470208168029785156e-01
5.610214471817016602e-01
6.376998424530029297e-01
6.708656549453735352e-01
5.782347321510314941e-01
5.430144667625427246e-01
6.723940968513488770e-01
5.464651584625244141e-01
5.879848599433898926e-01
5.747821927070617676e-01
5.173805952072143555e-01
5.897259712219238281e-01
6.314777731895446777e-01
6.334959268569946289e-01
6.410846710205078125e-01
6.073957085609436035e-01
6.844847202301025391e-01
5.204758644104003906e-01
4.926546812057495117e-01
5.526629686355590820e-01
6.084783673286437988e-01
6.555354595184326172e-01
6.111422777175903320e-01
6.711148023605346680e-01
6.145290136337280273e-01
5.076946020126342773e-01
5.504056215286254883e-01
6.241965293884277344e-01
6.994911432266235352e-01
6.327025890350341797e-01
6.258139610290527344e-01
6.695530414581298828e-01
6.995116472244262695e-01
5.943191051483154297e-01
4.925708472728729248e-01
5.248171091079711914e-01
5.734786391258239746e-01
4.481840133666992188e-01
5.493359565734863281e-01
5.985366106033325195e-01
5.509253144264221191e-01
5.602307319641113281e-01
5.418269038200378418e-01
6.542309522628784180e-01
5.171523690223693848e-01
4.760203361511230469e-01
6.617794632911682129e-01
5.467270612716674805e-01
5.757799148559570312e-01
5.260598659515380859e-01
5.403537750244140625e-01
4.328560233116149902e-01
5.174875259399414062e-01
5.002574324607849121e-01
5.804209113121032715e-01
5.774371623992919922e-01
6.547017097473144531e-01
5.269665718078613281e-01
5.772734284400939941e-01
5.640252232551574707e-01
7.404152750968933105e-01
7.013515233993530273e-01
6.087794303894042969e-01
5.617455840110778809e-01
6.820392608642578125e-01
5.668123960494995117e-01
5.537966489791870117e-01
5.700645446777343750e-01
7.291824817657470703e-01
6.048620343208312988e-01
7.262790799140930176e-01
5.590988993644714355e-01
5.668560862541198730e-01
6.164942383766174316e-01
4.644234478473663330e-01
4.949543476104736328e-01
6.090987920761108398e-01
6.793547272682189941e-01
5.686107873916625977e-01
6.193992495536804199e-01
7.876399755477905273e-01
6.570824980735778809e-01
4.817745685577392578e-01
5.467804670333862305e-01
6.462292671203613281e-01
6.159520745277404785e-01
5.656913518905639648e-01
6.560152769088745117e-01
6.602318286895751953e-01
5.748400688171386719e-01
5.616846084594726562e-01
6.659795641899108887e-01
5.848678946495056152e-01
5.763974785804748535e-01
4.201743900775909424e-01
5.744531750679016113e-01
6.454776525497436523e-01
6.348254680633544922e-01
6.120576858520507812e-01
5.316386818885803223e-01
5.416892170906066895e-01
5.535103678703308105e-01
5.610470771789550781e-01
7.269015312194824219e-01
6.620796918869018555e-01
5.157415866851806641e-01
4.839178323745727539e-01
5.839514732360839844e-01
6.497049331665039062e-01
5.979752540588378906e-01
5.635910630226135254e-01
5.284018516540527344e-01
6.823013424873352051e-01
5.405908823013305664e-01
5.470482110977172852e-01
5.031349062919616699e-01
7.231361865997314453e-01
5.424774885177612305e-01
4.928795099258422852e-01
5.863641500473022461e-01
5.473195314407348633e-01
5.613502860069274902e-01
6.123335361480712891e-01
6.847859621047973633e-01
5.112746953964233398e-01
6.448389887809753418e-01
6.304014325141906738e-01
4.863991141319274902e-01
6.526175141334533691e-01
5.675845146179199219e-01
6.597497463226318359e-01
5.890090465545654297e-01
5.368427634239196777e-01
5.976009964942932129e-01
5.558875799179077148e-01
5.976737737655639648e-01
5.166071653366088867e-01
4.753503203392028809e-01
5.886335372924804688e-01
6.759142279624938965e-01
4.979887306690216064e-01
5.618358850479125977e-01
5.684773921966552734e-01
6.095595359802246094e-01
6.192228794097900391e-01
5.715520381927490234e-01
5.667560100555419922e-01
6.288608312606811523e-01
5.757925510406494141e-01
5.599297285079956055e-01
7.298280000686645508e-01
6.519255042076110840e-01
6.724755764007568359e-01
4.577208161354064941e-01
4.674817919731140137e-01
5.399613380432128906e-01
5.692615509033203125e-01
4.547105431556701660e-01
4.778644442558288574e-01
4.990734457969665527e-01
4.909391403198242188e-01
5.694651603698730469e-01
4.589160680770874023e-01
5.405230522155761719e-01
6.633748412132263184e-01
5.225186944007873535e-01
5.112249851226806641e-01
5.480338335037231445e-01
4.613255858421325684e-01
5.843195915222167969e-01
6.665078997611999512e-01
5.466551780700683594e-01
5.460830926895141602e-01
5.745243430137634277e-01
4.779125452041625977e-01
4.291554093360900879e-01
5.807724595069885254e-01
5.931875109672546387e-01
4.358961582183837891e-01
5.446792840957641602e-01
7.192929387092590332e-01
4.887959957122802734e-01
5.572211146354675293e-01
5.429501533508300781e-01
6.111276149749755859e-01
4.301877617835998535e-01
5.295880436897277832e-01
5.850917696952819824e-01
5.552100539207458496e-01
6.599841117858886719e-01
4.818086326122283936e-01
5.647194385528564453e-01
5.814973115921020508e-01
5.392296314239501953e-01
5.925638675689697266e-01
4.451336860656738281e-01
4.677115678787231445e-01
5.801640748977661133e-01
6.449290513992309570e-01
4.616566300392150879e-01
6.291559338569641113e-01
5.165176987648010254e-01
5.373712778091430664e-01
5.003745555877685547e-01
5.173450708389282227e-01
5.296658277511596680e-01
5.201033949851989746e-01
6.144425868988037109e-01
4.914847910404205322e-01
5.351328253746032715e-01
5.849934816360473633e-01
4.622827172279357910e-01
4.379151463508605957e-01
5.974801182746887207e-01
4.621456265449523926e-01
5.359005928039550781e-01
4.986101388931274414e-01
5.053797364234924316e-01
5.378087759017944336e-01
5.395079851150512695e-01
6.946596503257751465e-01
5.475164055824279785e-01
5.840216279029846191e-01
5.524778962135314941e-01
6.515352725982666016e-01
4.568508863449096680e-01
5.525569915771484375e-01
5.611208677291870117e-01
6.183204054832458496e-01
4.294317960739135742e-01
5.373707413673400879e-01
5.527132153511047363e-01
5.294837951660156250e-01
5.949205756187438965e-01
7.287274599075317383e-01
5.147761106491088867e-01
4.190007448196411133e-01
5.235576033592224121e-01
5.537451505661010742e-01
5.962467193603515625e-01
5.628871917724609375e-01
5.150598287582397461e-01
5.705733299255371094e-01
6.106104254722595215e-01
4.182435572147369385e-01
4.480155110359191895e-01
4.907014071941375732e-01
5.884152650833129883e-01
5.304301977157592773e-01
6.020064353942871094e-01
5.241641402244567871e-01
4.850007593631744385e-01
5.005438327789306641e-01
4.990695416927337646e-01
6.162962317466735840e-01
6.007560491561889648e-01
5.996382832527160645e-01
5.215208530426025391e-01
5.528718829154968262e-01
6.415723562240600586e-01
5.873569250106811523e-01
5.494526028633117676e-01
5.142747163772583008e-01
4.939039945602416992e-01
5.741615295410156250e-01
5.553998947143554688e-01
5.944489240646362305e-01
4.489597082138061523e-01
5.465366840362548828e-01
5.015665292739868164e-01
5.766813755035400391e-01
4.530500173568725586e-01
4.911415576934814453e-01
4.773569405078887939e-01
5.135943293571472168e-01
6.161575317382812500e-01
6.616954207420349121e-01
6.144327521324157715e-01
5.284379124641418457e-01
6.184272766113281250e-01
7.172563672065734863e-01
4.998535215854644775e-01
5.994842052459716797e-01
5.591095685958862305e-01
5.377471446990966797e-01
7.348923087120056152e-01
4.982028603553771973e-01
4.576414525508880615e-01
6.300706267356872559e-01
4.461421668529510498e-01
4.788457155227661133e-01
6.520842313766479492e-01
6.188714504241943359e-01
7.383830547332763672e-01
4.870336055755615234e-01
5.980950593948364258e-01
5.170000791549682617e-01
6.455218791961669922e-01
5.365064144134521484e-01
6.420506238937377930e-01
6.596951484680175781e-01
5.487651824951171875e-01
5.840901732444763184e-01
6.223706007003784180e-01
4.992741346359252930e-01
6.129865646362304688e-01
5.940772294998168945e-01
6.773563027381896973e-01
4.750870764255523682e-01
5.222698450088500977e-01
5.309509634971618652e-01
5.279736518859863281e-01
5.089170932769775391e-01
5.423612594604492188e-01
5.916790962219238281e-01
5.563287734985351562e-01
4.662223160266876221e-01
6.736047267913818359e-01
4.740206599235534668e-01
6.301524639129638672e-01
4.758493602275848389e-01
6.138560175895690918e-01
5.730141997337341309e-01
5.759277343750000000e-01
5.549143552780151367e-01
4.767886996269226074e-01
6.289620399475097656e-01
5.040719509124755859e-01
5.780219435691833496e-01
5.248562693595886230e-01
5.354394912719726562e-01
5.968906283378601074e-01
5.422366857528686523e-01
5.787820219993591309e-01
5.402750372886657715e-01
5.346521139144897461e-01
5.329787731170654297e-01
6.169899702072143555e-01
5.255258679389953613e-01
6.459774971008300781e-01
5.262737274169921875e-01
6.075899600982666016e-01
6.157437562942504883e-01
5.245694518089294434e-01
5.955709815025329590e-01
6.693302392959594727e-01
4.855870604515075684e-01
5.348315238952636719e-01
5.519456863403320312e-01
5.834796428680419922e-01
6.391823291778564453e-01
5.197547078132629395e-01
4.670153856277465820e-01
5.191100835800170898e-01
6.013019084930419922e-01
5.979831218719482422e-01
4.894987940788269043e-01
6.084598302841186523e-01
6.801384091377258301e-01
5.429559350013732910e-01
5.534669756889343262e-01
6.924761533737182617e-01
5.174092650413513184e-01
6.429310441017150879e-01
6.147056818008422852e-01
5.139934420585632324e-01
6.118241548538208008e-01
5.706286430358886719e-01
6.331296563148498535e-01
4.782954752445220947e-01
6.754805445671081543e-01
5.209311842918395996e-01
6.718427538871765137e-01
5.944753289222717285e-01
5.654813051223754883e-01
6.134849786758422852e-01
5.970585346221923828e-01
5.310482978820800781e-01
5.608627796173095703e-01
5.808232426643371582e-01
5.932780504226684570e-01
5.919988155364990234e-01
6.903843879699707031e-01
5.400947928428649902e-01
6.434906721115112305e-01
6.001164913177490234e-01
6.076157689094543457e-01
5.625464320182800293e-01
5.556863546371459961e-01
5.600770711898803711e-01
5.874360799789428711e-01
6.756138801574707031e-01
5.480180978775024414e-01
5.555706024169921875e-01
5.837894678115844727e-01
4.595838785171508789e-01
7.299441099166870117e-01
5.332108139991760254e-01
5.581973791122436523e-01
5.601070523262023926e-01
5.477609038352966309e-01
5.568380355834960938e-01
4.635658264160156250e-01
5.369817018508911133e-01
5.476495027542114258e-01
6.793223619461059570e-01
4.714352190494537354e-01
6.036826968193054199e-01
5.559089183807373047e-01
7.112174630165100098e-01
5.232034921646118164e-01
7.025656104087829590e-01
5.141308903694152832e-01
4.664430618286132812e-01
6.581749916076660156e-01
5.480465888977050781e-01
5.282329916954040527e-01
5.289467573165893555e-01
5.932239294052124023e-01
5.462201237678527832e-01
5.687454342842102051e-01
5.293549895286560059e-01
5.529670715332031250e-01
4.965917468070983887e-01
5.483688116073608398e-01
5.719959735870361328e-01
5.424637794494628906e-01
4.567138850688934326e-01
5.196008682250976562e-01
6.119194030761718750e-01
5.433896183967590332e-01
5.706445574760437012e-01
6.293079853057861328e-01
5.013264417648315430e-01
5.328165292739868164e-01
5.304054021835327148e-01
6.323713064193725586e-01
5.880666971206665039e-01
7.426298260688781738e-01
5.404565334320068359e-01
5.579231977462768555e-01
6.055152416229248047e-01
5.271511673927307129e-01
6.181987524032592773e-01
5.639327764511108398e-01
6.268810033798217773e-01
5.366404056549072266e-01
5.356668829917907715e-01
5.160781741142272949e-01
6.357185840606689453e-01
5.847464203834533691e-01
5.462945103645324707e-01
5.759059190750122070e-01
5.949741601943969727e-01
6.291127800941467285e-01
5.282269120216369629e-01
5.440632104873657227e-01
5.609282255172729492e-01
6.066633462905883789e-01
6.412104964256286621e-01
4.082303047180175781e-01
5.901229977607727051e-01
4.426118135452270508e-01
5.913515090942382812e-01
6.535928845405578613e-01
5.270662903785705566e-01
5.500881075859069824e-01
5.210506916046142578e-01
6.605945825576782227e-01
6.275854110717773438e-01
5.269775390625000000e-01
5.182431936264038086e-01
5.619391202926635742e-01
4.949616789817810059e-01
5.040165185928344727e-01
5.285502672195434570e-01
6.146355867385864258e-01
5.037077665328979492e-01
5.896342992782592773e-01
6.390629410743713379e-01
5.610855221748352051e-01
5.035890340805053711e-01
5.142422914505004883e-01
6.375315189361572266e-01
5.905872583389282227e-01
5.127689242362976074e-01
5.694367885589599609e-01
6.288276910781860352e-01
4.894012212753295898e-01
6.430903673171997070e-01
5.238701105117797852e-01
7.444993257522583008e-01
5.707678794860839844e-01
5.748924016952514648e-01
5.417137145996093750e-01
4.860959649085998535e-01
4.791603386402130127e-01
5.918978452682495117e-01
5.573854446411132812e-01
5.876508951187133789e-01
6.007099151611328125e-01
5.674134492874145508e-01
6.098619699478149414e-01
6.220875978469848633e-01
6.063878536224365234e-01
6.081149578094482422e-01
5.342550873756408691e-01
5.400955677032470703e-01
5.154049396514892578e-01
5.005923509597778320e-01
5.090944766998291016e-01
4.989871382713317871e-01
4.322454333305358887e-01
4.146811962127685547e-01
5.775372385978698730e-01
5.784718394279479980e-01
5.319300889968872070e-01
5.297266840934753418e-01
3.573417067527770996e-01
4.255220293998718262e-01
5.004146099090576172e-01
5.198228359222412109e-01
5.445938110351562500e-01
4.158282279968261719e-01
5.768288969993591309e-01
5.820391774177551270e-01
5.318449735641479492e-01
4.868094921112060547e-01
5.331929922103881836e-01
5.411508083343505859e-01
4.418910145759582520e-01
4.650603532791137695e-01
6.512631177902221680e-01
3.762752711772918701e-01
5.317160487174987793e-01
5.306824445724487305e-01
5.098248124122619629e-01
4.278577268123626709e-01
5.982725620269775391e-01
5.317459106445312500e-01
5.517878532409667969e-01
6.653098464012145996e-01
6.214074492454528809e-01
4.632726311683654785e-01
5.726224184036254883e-01
4.427106976509094238e-01
5.329878926277160645e-01
5.528707504272460938e-01
4.925263524055480957e-01
5.899700522422790527e-01
5.456787347793579102e-01
5.986757278442382812e-01
5.938806533813476562e-01
4.576045870780944824e-01
4.367714524269104004e-01
5.151072740554809570e-01
4.669142365455627441e-01
5.492646694183349609e-01
5.587106347084045410e-01
4.939726889133453369e-01
5.158334970474243164e-01
4.660348892211914062e-01
4.742504954338073730e-01
5.132194757461547852e-01
5.315097570419311523e-01
5.992448329925537109e-01
5.413571596145629883e-01
6.058826446533203125e-01
4.523649811744689941e-01
6.761169433593750000e-01
5.018119812011718750e-01
4.839516878128051758e-01
5.823852419853210449e-01
5.896563529968261719e-01
5.139685869216918945e-01
5.616002082824707031e-01
4.940849244594573975e-01
5.937380790710449219e-01
4.730330705642700195e-01
4.568007588386535645e-01
4.166487455368041992e-01
5.403720140457153320e-01
4.783889055252075195e-01
5.489003658294677734e-01
5.944589376449584961e-01
5.523241758346557617e-01
4.296290874481201172e-01
4.689751267433166504e-01
5.385277271270751953e-01
5.669715404510498047e-01
5.492005944252014160e-01
6.453933715820312500e-01
5.624214410781860352e-01
5.062979459762573242e-01
5.700843930244445801e-01
5.293928384780883789e-01
4.929956495761871338e-01
5.969902276992797852e-01
5.318048000335693359e-01
5.829020738601684570e-01
6.172530651092529297e-01
5.279144048690795898e-01
6.524786353111267090e-01
5.400632023811340332e-01
4.650538265705108643e-01
4.771221578121185303e-01
4.454835057258605957e-01
5.918544530868530273e-01
4.386789202690124512e-01
4.683725833892822266e-01
5.106072425842285156e-01
6.183404922485351562e-01
5.090501308441162109e-01
4.766315817832946777e-01
4.616255164146423340e-01
5.113267302513122559e-01
4.638095796108245850e-01
4.806183576583862305e-01
4.717690348625183105e-01
4.943987429141998291e-01
4.273707270622253418e-01
4.458591938018798828e-01
6.095579862594604492e-01
5.479031801223754883e-01
7.392954826354980469e-01
6.174136400222778320e-01
4.719030857086181641e-01
4.952370822429656982e-01
5.752236247062683105e-01
4.734205007553100586e-01
5.099094510078430176e-01
5.763187408447265625e-01
4.835206270217895508e-01
5.081526637077331543e-01
5.780643224716186523e-01
4.678376317024230957e-01
5.007511377334594727e-01
4.876172244548797607e-01
6.066013574600219727e-01
5.100672245025634766e-01
6.396933794021606445e-01
5.064015388488769531e-01
5.029355287551879883e-01
5.250699520111083984e-01
4.365046918392181396e-01
4.977182745933532715e-01
4.914004504680633545e-01
5.612105131149291992e-01
4.646042883396148682e-01
5.461844205856323242e-01
5.943862199783325195e-01
5.904533267021179199e-01
5.643131136894226074e-01
4.462527930736541748e-01
5.515092611312866211e-01
5.215705633163452148e-01
5.043596029281616211e-01
5.500065088272094727e-01
5.984069108963012695e-01
5.041278600692749023e-01
6.001992821693420410e-01
6.140198111534118652e-01
6.060656905174255371e-01
5.666362643241882324e-01
5.983736515045166016e-01
5.740865468978881836e-01
5.441527366638183594e-01
5.446524620056152344e-01
6.251507401466369629e-01
5.879148244857788086e-01
5.107028484344482422e-01
5.008574128150939941e-01
6.351964473724365234e-01
4.889593720436096191e-01
5.916805267333984375e-01
5.939507484436035156e-01
5.043846368789672852e-01
5.365626215934753418e-01
7.347815036773681641e-01
6.014789342880249023e-01
5.365183353424072266e-01
5.419854521751403809e-01
4.711086153984069824e-01
5.086826086044311523e-01
5.029366016387939453e-01
5.888851881027221680e-01
5.729473829269409180e-01
6.276408433914184570e-01
4.666113853454589844e-01
5.662194490432739258e-01
5.562380552291870117e-01
5.136638879776000977e-01
5.259499549865722656e-01
5.208163857460021973e-01
4.733376801013946533e-01
6.400280594825744629e-01
5.209484100341796875e-01
5.458009243011474609e-01
5.346251130104064941e-01
5.430091619491577148e-01
4.853177070617675781e-01
4.877519309520721436e-01
6.308717131614685059e-01
4.902151226997375488e-01
6.728907227516174316e-01
4.946380257606506348e-01
5.620850324630737305e-01
5.136231184005737305e-01
5.459468364715576172e-01
5.479797124862670898e-01
5.840505957603454590e-01
5.566456317901611328e-01
5.028656125068664551e-01
5.442347526550292969e-01
5.528006553649902344e-01
5.263224244117736816e-01
5.753006339073181152e-01
5.263665914535522461e-01
5.380678176879882812e-01
4.977425932884216309e-01
6.430801153182983398e-01
6.401480436325073242e-01
5.596273541450500488e-01
6.488788127899169922e-01
5.938153862953186035e-01
6.803433895111083984e-01
5.848926901817321777e-01
6.857306957244873047e-01
5.446088910102844238e-01
5.690325498580932617e-01
5.110683441162109375e-01
5.210780501365661621e-01
5.247061252593994141e-01
5.756812691688537598e-01
4.859572649002075195e-01
5.559124350547790527e-01
5.471591949462890625e-01
5.874507427215576172e-01
5.073336362838745117e-01
5.567377805709838867e-01
5.989167690277099609e-01
4.605352580547332764e-01
5.654786825180053711e-01
5.715512037277221680e-01
5.589566230773925781e-01
5.241539478302001953e-01
6.241824626922607422e-01
6.038823723793029785e-01
5.102570652961730957e-01
5.229711532592773438e-01
4.906715154647827148e-01
6.006868481636047363e-01
5.603914260864257812e-01
5.145291686058044434e-01
5.243555903434753418e-01
5.605635643005371094e-01
4.770799577236175537e-01
5.839644670486450195e-01
6.047800779342651367e-01
5.522867441177368164e-01
5.861782431602478027e-01
4.976261854171752930e-01
5.115023851394653320e-01
6.695982813835144043e-01
5.300127267837524414e-01
5.728637576103210449e-01
5.184679627418518066e-01
4.707821011543273926e-01
5.570995807647705078e-01
6.158795952796936035e-01
4.781804978847503662e-01
6.041986346244812012e-01
5.533879995346069336e-01
5.068406462669372559e-01
5.351427197456359863e-01
6.075088381767272949e-01
5.459768772125244141e-01
6.655334234237670898e-01
6.088660359382629395e-01
5.705761313438415527e-01
6.159725189208984375e-01
5.798437595367431641e-01
4.761945307254791260e-01
6.644710898399353027e-01
5.808414816856384277e-01
4.518287181854248047e-01
6.538760066032409668e-01
5.402873754501342773e-01
5.327776670455932617e-01
5.069237947463989258e-01
6.516795158386230469e-01
5.220592021942138672e-01
5.919404625892639160e-01
6.060122251510620117e-01
5.894331932067871094e-01
6.396925449371337891e-01
7.311230897903442383e-01
4.713445901870727539e-01
4.971240758895874023e-01
5.823737978935241699e-01
6.632438898086547852e-01
5.547759532928466797e-01
5.735428333282470703e-01
5.615026950836181641e-01
5.494580864906311035e-01
6.202992200851440430e-01
4.848650097846984863e-01
5.710172653198242188e-01
5.619071722030639648e-01
5.121353864669799805e-01
7.229425907135009766e-01
5.397533178329467773e-01
6.767057776451110840e-01
5.780908465385437012e-01
4.784820973873138428e-01
6.065873503684997559e-01
6.258889436721801758e-01
4.784285128116607666e-01
5.370559692382812500e-01
5.631388425827026367e-01
5.164873600006103516e-01
6.035839319229125977e-01
6.333735585212707520e-01
5.824669599533081055e-01
5.452276468276977539e-01
5.466785430908203125e-01
5.594584941864013672e-01
5.172281861305236816e-01
5.396402478218078613e-01
5.522180795669555664e-01
5.660239458084106445e-01
5.756862163543701172e-01
6.332266330718994141e-01
6.152275800704956055e-01
5.591005682945251465e-01
5.418187379837036133e-01
5.042546987533569336e-01
6.234843730926513672e-01
5.249227881431579590e-01
6.696122288703918457e-01
5.251585841178894043e-01
6.714696288108825684e-01
4.335954785346984863e-01
7.008227109909057617e-01
5.552413463592529297e-01
4.966163933277130127e-01
5.136970281600952148e-01
4.533412456512451172e-01
5.673795938491821289e-01
4.792146980762481689e-01
5.898559093475341797e-01
7.644165158271789551e-01
6.433497667312622070e-01
5.713929533958435059e-01
5.907539129257202148e-01
6.132340431213378906e-01
6.283128857612609863e-01
5.532712936401367188e-01
4.825956821441650391e-01
6.786103844642639160e-01
4.825540781021118164e-01
4.899862408638000488e-01
6.004255414009094238e-01
