1.284729385375976562e+01
1.399952316284179688e+01
1.283820915222167969e+01
1.301566028594970703e+01
1.287938880920410156e+01
1.235175800323486328e+01
1.290302562713623047e+01
1.267382812500000000e+01
1.285864830017089844e+01
1.271228981018066406e+01
1.251406478881835938e+01
1.205965137481689453e+01
1.237918186187744141e+01
1.177698898315429688e+01
1.213542366027832031e+01
1.222441673278808594e+01
1.160592937469482422e+01
1.121622848510742188e+01
1.126797866821289062e+01
1.171360206604003906e+01
1.104063701629638672e+01
1.148988342285156250e+01
1.051834869384765625e+01
1.193935775756835938e+01
1.112333774566650391e+01
1.003427314758300781e+01
9.749126434326171875e+00
1.017859077453613281e+01
1.044724082946777344e+01
1.030075931549072266e+01
9.919645309448242188e+00
9.738828659057617188e+00
9.776846885681152344e+00
9.627697944641113281e+00
9.498176574707031250e+00
8.565736770629882812e+00
8.189188003540039062e+00
8.673138618469238281e+00
8.954569816589355469e+00
7.653537273406982422e+00
8.104601860046386719e+00
7.988365650177001953e+00
7.281838417053222656e+00
7.301501750946044922e+00
7.034661769866943359e+00
6.980446815490722656e+00
6.381472110748291016e+00
6.439466476440429688e+00
6.129774093627929688e+00
5.633394241333007812e+00
5.206812858581542969e+00
5.331541538238525391e+00
4.537733554840087891e+00
5.040459632873535156e+00
4.527953147888183594e+00
4.346541881561279297e+00
4.366620540618896484e+00
3.481065750122070312e+00
3.037689685821533203e+00
3.215561628341674805e+00
3.219104528427124023e+00
2.635985374450683594e+00
2.425889492034912109e+00
2.535283803939819336e+00
2.267405509948730469e+00
1.720627427101135254e+00
1.893905878067016602e+00
1.942645192146301270e+00
1.619106769561767578e+00
1.350511193275451660e+00
1.444263219833374023e+00
1.357589006423950195e+00
1.401152849197387695e+00
1.382002353668212891e+00
1.218897938728332520e+00
1.379491090774536133e+00
1.213775038719177246e+00
1.110688447952270508e+00
1.198530673980712891e+00
1.148452043533325195e+00
1.335561990737915039e+00
1.318853020668029785e+00
1.360603332519531250e+00
1.253520369529724121e+00
1.244349002838134766e+00
1.196874141693115234e+00
1.188555479049682617e+00
1.014712929725646973e+00
1.111405611038208008e+00
1.295613765716552734e+00
1.216864943504333496e+00
1.108363866806030273e+00
1.193089365959167480e+00
1.191495656967163086e+00
1.208831191062927246e+00
1.167890548706054688e+00
1.048702955245971680e+00
1.147705912590026855e+00
1.048269271850585938e+00
9.104490280151367188e-01
1.105629444122314453e+00
8.995194435119628906e-01
1.002849340438842773e+00
9.133439660072326660e-01
9.633505344390869141e-01
9.062177538871765137e-01
9.399100542068481445e-01
9.541020393371582031e-01
8.365437984466552734e-01
9.386361241340637207e-01
1.119420170783996582e+00
1.143186569213867188e+00
9.112195968627929688e-01
1.025026679039001465e+00
1.081372022628784180e+00
1.237517833709716797e+00
9.322066903114318848e-01
9.434441328048706055e-01
9.994657635688781738e-01
8.732910752296447754e-01
8.683853149414062500e-01
7.920182347297668457e-01
1.031609773635864258e+00
1.048396944999694824e+00
9.207136631011962891e-01
8.974012136459350586e-01
8.895927667617797852e-01
9.223642945289611816e-01
1.019111990928649902e+00
9.725606441497802734e-01
8.967768549919128418e-01
9.516527056694030762e-01
1.011443495750427246e+00
8.612201213836669922e-01
8.012825250625610352e-01
9.292281866073608398e-01
1.063150167465209961e+00
6.163510084152221680e-01
1.046856999397277832e+00
8.358824253082275391e-01
1.071312546730041504e+00
9.111164808273315430e-01
9.124404191970825195e-01
9.633426070213317871e-01
8.610600233078002930e-01
1.013577222824096680e+00
8.422329425811767578e-01
8.358728289604187012e-01
9.383922815322875977e-01
9.767192602157592773e-01
1.132560014724731445e+00
8.910230994224548340e-01
8.749700784683227539e-01
8.493333458900451660e-01
9.021385908126831055e-01
8.826548457145690918e-01
9.661067724227905273e-01
8.756927251815795898e-01
9.533562660217285156e-01
8.750840425491333008e-01
7.850179672241210938e-01
1.014248847961425781e+00
8.410953283309936523e-01
8.448923826217651367e-01
8.160986900329589844e-01
9.124513864517211914e-01
8.274476528167724609e-01
7.935538291931152344e-01
6.926409602165222168e-01
8.089160919189453125e-01
8.227679729461669922e-01
8.733097314834594727e-01
9.153851270675659180e-01
8.287928104400634766e-01
9.162164926528930664e-01
9.133309125900268555e-01
9.733172655105590820e-01
8.890928030014038086e-01
7.585719823837280273e-01
8.039112091064453125e-01
8.809307813644409180e-01
8.517445921897888184e-01
7.305151224136352539e-01
7.907093167304992676e-01
9.563244581222534180e-01
8.683739900588989258e-01
1.007645606994628906e+00
7.700708508491516113e-01
8.193813562393188477e-01
8.280344605445861816e-01
8.283821344375610352e-01
8.311252593994140625e-01
8.151808381080627441e-01
8.577398061752319336e-01
1.017726182937622070e+00
7.840227484703063965e-01
8.622024059295654297e-01
8.477389216423034668e-01
8.754155635833740234e-01
7.921591997146606445e-01
8.666877150535583496e-01
8.911955356597900391e-01
7.790994048118591309e-01
9.286507368087768555e-01
8.715115785598754883e-01
9.806654453277587891e-01
7.757821083068847656e-01
8.948124647140502930e-01
8.995331525802612305e-01
9.965381622314453125e-01
8.661282658576965332e-01
1.054659008979797363e+00
7.745586633682250977e-01
9.152678847312927246e-01
7.698889970779418945e-01
8.561043739318847656e-01
8.303472995758056641e-01
7.363959550857543945e-01
7.559009790420532227e-01
7.474302053451538086e-01
9.914399385452270508e-01
8.975334763526916504e-01
8.627269268035888672e-01
9.031695127487182617e-01
9.857850074768066406e-01
8.172514438629150391e-01
8.149168491363525391e-01
8.924974203109741211e-01
8.510610461235046387e-01
1.027498483657836914e+00
6.874074935913085938e-01
8.393216729164123535e-01
7.894806265830993652e-01
7.688773870468139648e-01
6.896779537200927734e-01
8.255670070648193359e-01
9.475214481353759766e-01
7.277808785438537598e-01
9.409922361373901367e-01
8.072191476821899414e-01
9.238824844360351562e-01
7.894076704978942871e-01
8.363794684410095215e-01
7.764300107955932617e-01
8.578288555145263672e-01
8.216749429702758789e-01
8.790628314018249512e-01
9.174160957336425781e-01
7.610335350036621094e-01
8.244866132736206055e-01
7.921942472457885742e-01
8.021061420440673828e-01
8.715087771415710449e-01
8.623266220092773438e-01
8.254898786544799805e-01
7.807559967041015625e-01
7.839626073837280273e-01
6.703524589538574219e-01
7.733133435249328613e-01
8.098056912422180176e-01
7.079749107360839844e-01
8.889926671981811523e-01
8.077936768531799316e-01
7.256343364715576172e-01
8.818515539169311523e-01
8.896785378456115723e-01
7.809799909591674805e-01
8.239164352416992188e-01
7.842241525650024414e-01
6.386891603469848633e-01
7.390680313110351562e-01
7.630825042724609375e-01
7.828143239021301270e-01
9.555813074111938477e-01
7.717840671539306641e-01
8.145900964736938477e-01
9.383755922317504883e-01
7.378244400024414062e-01
7.185660600662231445e-01
9.737374782562255859e-01
7.065013051033020020e-01
8.510922789573669434e-01
6.955646276473999023e-01
7.739683389663696289e-01
7.970134019851684570e-01
8.879392743110656738e-01
7.530273795127868652e-01
8.805644512176513672e-01
7.291169762611389160e-01
8.715397119522094727e-01
7.310518026351928711e-01
9.255105853080749512e-01
8.566724061965942383e-01
9.210469722747802734e-01
7.081335186958312988e-01
6.524417996406555176e-01
7.669669389724731445e-01
7.504017949104309082e-01
8.401518464088439941e-01
6.835908293724060059e-01
8.027883768081665039e-01
6.964271664619445801e-01
7.491042613983154297e-01
7.092183828353881836e-01
6.670954823493957520e-01
8.056511878967285156e-01
7.298257350921630859e-01
8.191795349121093750e-01
8.680098056793212891e-01
9.345079660415649414e-01
7.373609542846679688e-01
7.593882083892822266e-01
7.032635211944580078e-01
8.298674821853637695e-01
8.905373811721801758e-01
8.580615520477294922e-01
7.870529890060424805e-01
8.483127355575561523e-01
7.524902820587158203e-01
7.361561059951782227e-01
7.877209186553955078e-01
8.522611856460571289e-01
6.977456808090209961e-01
7.053129673004150391e-01
7.083688974380493164e-01
8.461230993270874023e-01
8.267942070960998535e-01
8.647589683532714844e-01
7.758529186248779297e-01
8.385338187217712402e-01
8.609290719032287598e-01
6.811609268188476562e-01
8.221342563629150391e-01
8.723373413085937500e-01
9.082595705986022949e-01
8.244103789329528809e-01
8.724826574325561523e-01
7.832381725311279297e-01
8.772561550140380859e-01
7.712928056716918945e-01
7.854386568069458008e-01
7.869269251823425293e-01
6.348496675491333008e-01
9.860641956329345703e-01
9.296510815620422363e-01
6.908468008041381836e-01
7.920281291007995605e-01
8.139027357101440430e-01
7.416886687278747559e-01
7.894966602325439453e-01
6.786544322967529297e-01
8.871154785156250000e-01
9.567972421646118164e-01
7.559100985527038574e-01
8.931816220283508301e-01
8.682047724723815918e-01
7.863963842391967773e-01
7.418322563171386719e-01
6.318944096565246582e-01
8.395695090293884277e-01
6.738876104354858398e-01
7.434935569763183594e-01
7.365493774414062500e-01
7.170447707176208496e-01
7.116839885711669922e-01
6.000692844390869141e-01
6.027871370315551758e-01
7.893158197402954102e-01
7.872048020362854004e-01
7.734494209289550781e-01
6.316959857940673828e-01
6.487735509872436523e-01
7.322590947151184082e-01
7.321451306343078613e-01
6.217681169509887695e-01
6.656369566917419434e-01
8.470212817192077637e-01
5.980024933815002441e-01
7.456843852996826172e-01
8.071851730346679688e-01
7.228101491928100586e-01
6.630686521530151367e-01
5.320030450820922852e-01
7.687941193580627441e-01
6.630641222000122070e-01
7.711859941482543945e-01
7.715304493904113770e-01
6.451242566108703613e-01
6.758984327316284180e-01
8.178107738494873047e-01
8.742962479591369629e-01
9.767649173736572266e-01
6.143344044685363770e-01
7.859532237052917480e-01
7.582250833511352539e-01
7.409026622772216797e-01
6.813979744911193848e-01
7.954556345939636230e-01
6.673036813735961914e-01
6.771044731140136719e-01
7.836509943008422852e-01
6.808608770370483398e-01
8.150171041488647461e-01
7.791987657546997070e-01
7.706605195999145508e-01
6.203048229217529297e-01
6.577404737472534180e-01
7.133690118789672852e-01
7.158765792846679688e-01
7.713320255279541016e-01
7.295494079589843750e-01
7.699311375617980957e-01
6.451107263565063477e-01
6.259456276893615723e-01
8.387080430984497070e-01
6.990774869918823242e-01
6.843323111534118652e-01
6.304569244384765625e-01
6.374216079711914062e-01
7.867379188537597656e-01
7.160379886627197266e-01
8.117242455482482910e-01
5.681616067886352539e-01
7.593287825584411621e-01
6.938045024871826172e-01
7.295765280723571777e-01
7.067699432373046875e-01
7.699208855628967285e-01
9.092212915420532227e-01
6.868071556091308594e-01
7.230286002159118652e-01
6.720736026763916016e-01
8.671329021453857422e-01
7.215878963470458984e-01
7.203868627548217773e-01
8.192640542984008789e-01
6.873804330825805664e-01
8.157708644866943359e-01
8.337059020996093750e-01
7.167363166809082031e-01
8.536542654037475586e-01
8.934264779090881348e-01
6.328113675117492676e-01
7.870165705680847168e-01
7.682750225067138672e-01
7.690563201904296875e-01
7.183650732040405273e-01
6.925759911537170410e-01
7.334871292114257812e-01
8.470053672790527344e-01
7.629086971282958984e-01
7.234096527099609375e-01
7.720935344696044922e-01
7.789206504821777344e-01
7.241632938385009766e-01
9.234735965728759766e-01
8.544432520866394043e-01
6.667952537536621094e-01
8.058551549911499023e-01
7.183461785316467285e-01
7.064325213432312012e-01
7.811578512191772461e-01
7.933762669563293457e-01
7.385765314102172852e-01
6.634490489959716797e-01
7.006207108497619629e-01
8.276289701461791992e-01
7.802076339721679688e-01
6.815288066864013672e-01
8.105193376541137695e-01
8.075604438781738281e-01
7.400958538055419922e-01
6.506452560424804688e-01
7.165364027023315430e-01
6.652806997299194336e-01
7.548364996910095215e-01
7.045651674270629883e-01
7.121072411537170410e-01
7.432154417037963867e-01
7.881972789764404297e-01
7.028662562370300293e-01
6.967375278472900391e-01
6.348044276237487793e-01
7.743269801139831543e-01
6.743600964546203613e-01
6.324125528335571289e-01
6.460839509963989258e-01
6.753175258636474609e-01
7.047520279884338379e-01
7.636656761169433594e-01
6.351174116134643555e-01
6.189086437225341797e-01
6.340874433517456055e-01
6.470972895622253418e-01
6.265845298767089844e-01
7.669794559478759766e-01
6.980832815170288086e-01
7.032132148742675781e-01
6.404340267181396484e-01
6.389013528823852539e-01
7.366095781326293945e-01
7.203353643417358398e-01
7.523303031921386719e-01
6.881867051124572754e-01
7.433549165725708008e-01
8.676536083221435547e-01
7.088791131973266602e-01
7.254987955093383789e-01
7.234424352645874023e-01
7.808973789215087891e-01
7.583084106445312500e-01
8.224963545799255371e-01
7.418559789657592773e-01
7.004616260528564453e-01
8.418001532554626465e-01
8.058127760887145996e-01
7.335876226425170898e-01
8.556802272796630859e-01
7.817367911338806152e-01
7.414907217025756836e-01
7.299846410751342773e-01
6.279765367507934570e-01
7.338696718215942383e-01
6.929712295532226562e-01
7.212633490562438965e-01
7.463909387588500977e-01
7.892678380012512207e-01
7.684614658355712891e-01
7.624658346176147461e-01
6.416820883750915527e-01
8.354802727699279785e-01
6.449123620986938477e-01
8.171025514602661133e-01
7.806987762451171875e-01
6.555529236793518066e-01
6.663864254951477051e-01
7.192795276641845703e-01
6.702789068222045898e-01
7.832528948783874512e-01
6.586543917655944824e-01
7.017422318458557129e-01
9.320049285888671875e-01
7.426672577857971191e-01
7.484887242317199707e-01
6.205424070358276367e-01
7.831100225448608398e-01
8.916571140289306641e-01
7.395692467689514160e-01
6.272857189178466797e-01
7.842236757278442383e-01
7.423208951950073242e-01
7.272109985351562500e-01
6.918552517890930176e-01
9.027737379074096680e-01
7.482450008392333984e-01
7.755125761032104492e-01
7.853143215179443359e-01
8.790773153305053711e-01
6.077689528465270996e-01
6.556829214096069336e-01
7.355846166610717773e-01
6.606633663177490234e-01
7.908992171287536621e-01
7.146509289741516113e-01
7.849845886230468750e-01
6.580574512481689453e-01
8.346698284149169922e-01
7.249424457550048828e-01
8.055163621902465820e-01
7.668420672416687012e-01
7.520909309387207031e-01
8.906949758529663086e-01
8.387941718101501465e-01
5.948259830474853516e-01
6.751173734664916992e-01
8.594319224357604980e-01
7.764455080032348633e-01
6.405816078186035156e-01
6.950352191925048828e-01
5.796489715576171875e-01
7.376521229743957520e-01
9.334130287170410156e-01
7.551856040954589844e-01
6.930283308029174805e-01
8.345773816108703613e-01
7.774729728698730469e-01
8.628282546997070312e-01
7.423749566078186035e-01
7.381384372711181641e-01
8.448156118392944336e-01
6.670575141906738281e-01
7.327278852462768555e-01
7.829264998435974121e-01
6.765094995498657227e-01
7.400916814804077148e-01
6.901888251304626465e-01
7.717224359512329102e-01
8.386305570602416992e-01
9.413055181503295898e-01
8.378694057464599609e-01
6.654383540153503418e-01
7.867412567138671875e-01
7.595295906066894531e-01
6.274453401565551758e-01
7.372638583183288574e-01
6.656571626663208008e-01
7.721449136734008789e-01
6.721926927566528320e-01
7.022132873535156250e-01
6.497669219970703125e-01
6.670408844947814941e-01
7.518249750137329102e-01
7.194759249687194824e-01
7.244638204574584961e-01
6.806769371032714844e-01
8.073665499687194824e-01
7.528878450393676758e-01
8.094702959060668945e-01
7.050409913063049316e-01
7.573505640029907227e-01
7.740216851234436035e-01
7.842001914978027344e-01
6.581369042396545410e-01
7.076343297958374023e-01
6.522815227508544922e-01
8.443931341171264648e-01
8.551439046859741211e-01
7.814238071441650391e-01
8.308987617492675781e-01
7.856678366661071777e-01
8.200643062591552734e-01
7.237515449523925781e-01
7.054061889648437500e-01
8.884301185607910156e-01
7.009048461914062500e-01
7.935218811035156250e-01
7.322890758514404297e-01
8.237787485122680664e-01
7.195436358451843262e-01
6.017898321151733398e-01
7.690241336822509766e-01
6.923542618751525879e-01
5.888413190841674805e-01
6.699161529541015625e-01
7.741402983665466309e-01
7.130528688430786133e-01
8.713517785072326660e-01
8.775075078010559082e-01
7.535535097122192383e-01
7.031055688858032227e-01
8.232250213623046875e-01
8.897328376770019531e-01
7.592414617538452148e-01
8.410738110542297363e-01
8.162477612495422363e-01
8.052787780761718750e-01
6.319334506988525391e-01
7.722401618957519531e-01
7.294458150863647461e-01
7.031341791152954102e-01
7.756204605102539062e-01
8.071472048759460449e-01
8.385767936706542969e-01
7.182329893112182617e-01
7.303152084350585938e-01
8.505969047546386719e-01
7.607195377349853516e-01
7.547787427902221680e-01
6.802152991294860840e-01
8.235774040222167969e-01
7.357329726219177246e-01
8.069491386413574219e-01
6.543167233467102051e-01
6.970126628875732422e-01
8.150660991668701172e-01
6.897103786468505859e-01
8.634554147720336914e-01
8.295126557350158691e-01
8.489894866943359375e-01
7.679949402809143066e-01
7.138857841491699219e-01
7.773481607437133789e-01
6.836075782775878906e-01
6.277332901954650879e-01
7.361198663711547852e-01
7.604004740715026855e-01
7.139735221862792969e-01
6.609461903572082520e-01
6.678868532180786133e-01
7.066090106964111328e-01
6.962241530418395996e-01
8.453062772750854492e-01
6.126370429992675781e-01
7.147768735885620117e-01
7.862278223037719727e-01
6.298754215240478516e-01
6.086195707321166992e-01
7.222351431846618652e-01
7.646155953407287598e-01
6.924518942832946777e-01
7.895648479461669922e-01
7.247446179389953613e-01
6.995402574539184570e-01
6.996197104454040527e-01
6.270041465759277344e-01
6.367526650428771973e-01
7.159500122070312500e-01
7.425806522369384766e-01
9.202243089675903320e-01
8.462458252906799316e-01
6.577844619750976562e-01
6.736688613891601562e-01
7.816377878189086914e-01
6.081768870353698730e-01
6.832875609397888184e-01
6.548962593078613281e-01
7.140376567840576172e-01
6.977107524871826172e-01
6.307817697525024414e-01
6.775708198547363281e-01
6.556330919265747070e-01
7.270702123641967773e-01
5.333569049835205078e-01
5.448564887046813965e-01
6.225925683975219727e-01
8.312487006187438965e-01
7.056950330734252930e-01
7.259966135025024414e-01
7.893192768096923828e-01
5.570631623268127441e-01
6.596859693527221680e-01
7.655385732650756836e-01
8.703678846359252930e-01
5.629951357841491699e-01
9.271188974380493164e-01
5.429923534393310547e-01
6.273344755172729492e-01
5.556591749191284180e-01
7.150121927261352539e-01
6.791588068008422852e-01
6.773736476898193359e-01
6.514201164245605469e-01
7.279912829399108887e-01
5.519573688507080078e-01
6.708614230155944824e-01
6.300309896469116211e-01
6.324369907379150391e-01
5.777499675750732422e-01
7.469907402992248535e-01
9.493341445922851562e-01
8.317642807960510254e-01
6.928256750106811523e-01
6.656502485275268555e-01
8.223114609718322754e-01
6.226100325584411621e-01
8.184512853622436523e-01
6.787989735603332520e-01
7.415959239006042480e-01
6.742583513259887695e-01
5.855940580368041992e-01
6.255785822868347168e-01
6.669356226921081543e-01
6.894592046737670898e-01
6.720595955848693848e-01
7.013913393020629883e-01
7.834879755973815918e-01
6.546136140823364258e-01
6.806163787841796875e-01
6.559380292892456055e-01
7.708811759948730469e-01
7.478142976760864258e-01
5.888085365295410156e-01
5.805124640464782715e-01
8.321890830993652344e-01
7.590777277946472168e-01
8.839171528816223145e-01
5.856000185012817383e-01
8.961566686630249023e-01
8.063820600509643555e-01
6.587177515029907227e-01
6.967577934265136719e-01
6.707980036735534668e-01
6.169458627700805664e-01
6.906388401985168457e-01
5.658959150314331055e-01
6.033085584640502930e-01
9.056196808815002441e-01
6.198483705520629883e-01
7.771064043045043945e-01
5.707509517669677734e-01
6.529786586761474609e-01
6.610960364341735840e-01
7.831846475601196289e-01
6.354053020477294922e-01
6.597453355789184570e-01
8.242007493972778320e-01
6.765586733818054199e-01
7.442080378532409668e-01
7.044267654418945312e-01
6.381626129150390625e-01
6.105533838272094727e-01
7.151416540145874023e-01
8.176562786102294922e-01
6.235886812210083008e-01
6.419686079025268555e-01
6.723521947860717773e-01
6.264408230781555176e-01
6.071600914001464844e-01
6.365502476692199707e-01
6.501650810241699219e-01
7.762283086776733398e-01
7.180588841438293457e-01
5.918353796005249023e-01
7.006161808967590332e-01
7.701385021209716797e-01
7.610493898391723633e-01
6.376800537109375000e-01
8.514153957366943359e-01
6.855541467666625977e-01
6.299785375595092773e-01
6.550924777984619141e-01
7.666959762573242188e-01
6.683067083358764648e-01
6.394827365875244141e-01
6.356341838836669922e-01
7.264517545700073242e-01
7.417910695075988770e-01
7.575427293777465820e-01
7.010629177093505859e-01
7.629477977752685547e-01
6.055688858032226562e-01
7.071570754051208496e-01
5.401836633682250977e-01
8.331733942031860352e-01
5.624472498893737793e-01
6.908488273620605469e-01
5.911598801612854004e-01
5.335799455642700195e-01
8.045268058776855469e-01
6.250718235969543457e-01
6.461084485054016113e-01
8.699697256088256836e-01
6.081828474998474121e-01
7.785858511924743652e-01
7.297272682189941406e-01
7.769013643264770508e-01
7.580640912055969238e-01
7.180616855621337891e-01
6.715762019157409668e-01
6.742907762527465820e-01
8.550207614898681641e-01
5.758801698684692383e-01
5.799347162246704102e-01
7.118381261825561523e-01
6.798956394195556641e-01
7.276248335838317871e-01
5.738502740859985352e-01
6.602585315704345703e-01
7.900152206420898438e-01
5.943635702133178711e-01
8.069490790367126465e-01
6.650282144546508789e-01
8.498985767364501953e-01
7.387236356735229492e-01
7.077583074569702148e-01
7.561560869216918945e-01
8.053527474403381348e-01
7.292961478233337402e-01
6.700198650360107422e-01
6.708618998527526855e-01
7.465595006942749023e-01
7.369093894958496094e-01
7.689087986946105957e-01
8.256086111068725586e-01
7.133269309997558594e-01
8.814196586608886719e-01
6.980047225952148438e-01
7.788608670234680176e-01
9.067442417144775391e-01
5.972706079483032227e-01
6.667618155479431152e-01
8.400346636772155762e-01
6.946303844451904297e-01
8.092287182807922363e-01
7.258247137069702148e-01
6.729890108108520508e-01
7.282648682594299316e-01
8.967752456665039062e-01
6.202977299690246582e-01
7.358589768409729004e-01
7.729732990264892578e-01
7.467449903488159180e-01
7.969272732734680176e-01
7.815406322479248047e-01
8.997285366058349609e-01
6.586688756942749023e-01
6.602910757064819336e-01
6.740924119949340820e-01
6.670114994049072266e-01
7.711775898933410645e-01
6.229156255722045898e-01
8.581000566482543945e-01
6.026613116264343262e-01
7.263368368148803711e-01
6.345530748367309570e-01
7.300332784652709961e-01
6.939733624458312988e-01
7.491518259048461914e-01
6.434414982795715332e-01
7.004491686820983887e-01
6.316903829574584961e-01
5.501493215560913086e-01
7.065887451171875000e-01
7.445107698440551758e-01
5.971181392669677734e-01
7.701596021652221680e-01
7.243745326995849609e-01
7.077524662017822266e-01
7.135018110275268555e-01
5.852540135383605957e-01
6.184643507003784180e-01
6.403152942657470703e-01
7.669478654861450195e-01
7.440454959869384766e-01
7.384979724884033203e-01
8.201282620429992676e-01
7.179380655288696289e-01
6.846268177032470703e-01
9.375817775726318359e-01
7.580517530441284180e-01
7.775957584381103516e-01
6.752174496650695801e-01
6.611520051956176758e-01
7.127764225006103516e-01
6.373100876808166504e-01
6.856938600540161133e-01
7.322564721107482910e-01
7.538487911224365234e-01
7.801524400711059570e-01
6.919694542884826660e-01
6.727568507194519043e-01
7.479482889175415039e-01
7.596908807754516602e-01
8.088937401771545410e-01
8.140344023704528809e-01
7.637129426002502441e-01
8.922718167304992676e-01
6.877889633178710938e-01
8.151006102561950684e-01
5.089639425277709961e-01
7.013599872589111328e-01
6.541755795478820801e-01
7.389931678771972656e-01
7.407963275909423828e-01
7.046164274215698242e-01
6.668784618377685547e-01
7.252545356750488281e-01
7.898156046867370605e-01
7.254514098167419434e-01
6.548998355865478516e-01
5.619431734085083008e-01
6.715483665466308594e-01
7.630603313446044922e-01
6.801980733871459961e-01
8.424742221832275391e-01
5.913769602775573730e-01
6.682549715042114258e-01
6.489636898040771484e-01
7.305173873901367188e-01
7.491297125816345215e-01
7.314186096191406250e-01
7.741699814796447754e-01
8.059871196746826172e-01
6.768053770065307617e-01
7.141744494438171387e-01
7.852861881256103516e-01
5.498712658882141113e-01
7.852697372436523438e-01
7.137368321418762207e-01
7.604444622993469238e-01
7.452767491340637207e-01
7.957408428192138672e-01
6.036323308944702148e-01
6.413353681564331055e-01
5.308633446693420410e-01
6.944310665130615234e-01
7.025488615036010742e-01
6.047809720039367676e-01
6.311284303665161133e-01
6.451120972633361816e-01
7.337779998779296875e-01
8.615113496780395508e-01
7.684223651885986328e-01
8.764693140983581543e-01
7.478211522102355957e-01
7.479935288429260254e-01
7.657475471496582031e-01
6.630396842956542969e-01
7.412170171737670898e-01
7.828525304794311523e-01
7.847105264663696289e-01
7.569438219070434570e-01
8.992315530776977539e-01
7.641102671623229980e-01
5.777271986007690430e-01
8.765411376953125000e-01
5.979110598564147949e-01
7.432596683502197266e-01
6.803871989250183105e-01
6.892416477203369141e-01
6.113708019256591797e-01
5.637413859367370605e-01
8.931277990341186523e-01
6.968933939933776855e-01
6.683747768402099609e-01
7.824977636337280273e-01
6.575235128402709961e-01
8.931380510330200195e-01
7.115172147750854492e-01
6.509946584701538086e-01
6.437667012214660645e-01
7.614035606384277344e-01
8.123807907104492188e-01
6.694288253784179688e-01
7.033748626708984375e-01
7.870755791664123535e-01
7.583088874816894531e-01
7.023934721946716309e-01
6.470596194267272949e-01
6.540898680686950684e-01
6.487192511558532715e-01
6.353623867034912109e-01
6.682462096214294434e-01
8.950217962265014648e-01
6.027640700340270996e-01
7.871602177619934082e-01
7.417377233505249023e-01
8.523848056793212891e-01
6.045961380004882812e-01
7.479190230369567871e-01
6.480228900909423828e-01
6.798874139785766602e-01
6.318687796592712402e-01
7.471388578414916992e-01
7.574903964996337891e-01
7.207536697387695312e-01
6.342396140098571777e-01
6.286241412162780762e-01
6.902974843978881836e-01
8.197171688079833984e-01
6.754673123359680176e-01
7.377746701240539551e-01
7.061010599136352539e-01
7.238578796386718750e-01
7.917953729629516602e-01
6.922304630279541016e-01
8.006741404533386230e-01
7.117522358894348145e-01
6.379646658897399902e-01
7.506943941116333008e-01
7.435810565948486328e-01
7.049883008003234863e-01
8.034596443176269531e-01
7.660930156707763672e-01
6.102986335754394531e-01
5.779098272323608398e-01
7.523641586303710938e-01
7.263681888580322266e-01
5.390571355819702148e-01
5.187214612960815430e-01
5.580098628997802734e-01
6.799404621124267578e-01
6.995245218276977539e-01
5.806689262390136719e-01
6.719955205917358398e-01
6.744545102119445801e-01
5.195400118827819824e-01
6.646217107772827148e-01
7.096920013427734375e-01
6.115801334381103516e-01
6.765670776367187500e-01
6.093966960906982422e-01
6.547110676765441895e-01
5.550090074539184570e-01
6.747238039970397949e-01
6.134196519851684570e-01
6.892523765563964844e-01
7.218012809753417969e-01
7.208707928657531738e-01
7.291114330291748047e-01
8.058772683143615723e-01
5.711339712142944336e-01
6.941401958465576172e-01
6.577156782150268555e-01
6.004241704940795898e-01
7.452161908149719238e-01
6.933125257492065430e-01
6.136417388916015625e-01
6.518958806991577148e-01
6.026627421379089355e-01
6.963517665863037109e-01
5.918393731117248535e-01
7.338774204254150391e-01
6.921892166137695312e-01
6.696650981903076172e-01
6.425328254699707031e-01
8.243664503097534180e-01
7.442272901535034180e-01
7.584763169288635254e-01
5.807970762252807617e-01
6.823565363883972168e-01
6.614629030227661133e-01
6.902461647987365723e-01
6.666784882545471191e-01
7.372553944587707520e-01
5.444307327270507812e-01
6.587625145912170410e-01
5.508546829223632812e-01
4.835678339004516602e-01
6.836357116699218750e-01
8.011389970779418945e-01
5.971053242683410645e-01
7.520489096641540527e-01
6.294082403182983398e-01
5.477051734924316406e-01
6.701157093048095703e-01
6.707953214645385742e-01
7.825909852981567383e-01
6.906083822250366211e-01
6.030436754226684570e-01
7.858785986900329590e-01
6.330108642578125000e-01
6.121934652328491211e-01
6.993402838706970215e-01
6.361982822418212891e-01
7.748787403106689453e-01
6.383276581764221191e-01
6.359462738037109375e-01
7.038141489028930664e-01
5.969730615615844727e-01
7.169193029403686523e-01
6.599988341331481934e-01
6.991194486618041992e-01
6.647067070007324219e-01
7.659173011779785156e-01
7.456776499748229980e-01
8.652500510215759277e-01
7.222595214843750000e-01
6.469547748565673828e-01
7.260451316833496094e-01
6.151843070983886719e-01
8.022546172142028809e-01
7.620297670364379883e-01
8.100314140319824219e-01
6.388150453567504883e-01
7.629975676536560059e-01
5.358861684799194336e-01
6.250331401824951172e-01
6.998826265335083008e-01
5.887203216552734375e-01
7.041572928428649902e-01
7.232984900474548340e-01
7.280979156494140625e-01
6.008927822113037109e-01
6.853094100952148438e-01
6.315456628799438477e-01
6.764338016510009766e-01
6.182128190994262695e-01
8.541281223297119141e-01
7.091698646545410156e-01
8.352559804916381836e-01
6.725513935089111328e-01
5.852309465408325195e-01
7.705910205841064453e-01
5.999305248260498047e-01
6.967663764953613281e-01
5.885912179946899414e-01
6.669589877128601074e-01
6.956248879432678223e-01
6.166244745254516602e-01
8.579426407814025879e-01
7.547332048416137695e-01
6.637629270553588867e-01
6.840506792068481445e-01
6.665000915527343750e-01
7.261484861373901367e-01
6.737677454948425293e-01
7.741211056709289551e-01
6.631929278373718262e-01
8.090734481811523438e-01
6.869624257087707520e-01
7.092819809913635254e-01
6.781688332557678223e-01
6.842170953750610352e-01
8.732897043228149414e-01
7.309702634811401367e-01
7.095350027084350586e-01
7.351614832878112793e-01
6.728644371032714844e-01
5.538151264190673828e-01
5.924746990203857422e-01
7.568126916885375977e-01
6.803172826766967773e-01
7.649462223052978516e-01
5.585547685623168945e-01
5.283598899841308594e-01
6.751438379287719727e-01
5.978283286094665527e-01
6.998669505119323730e-01
6.530135273933410645e-01
6.888120770454406738e-01
7.097688317298889160e-01
5.238315463066101074e-01
7.493454217910766602e-01
8.319469094276428223e-01
5.727345943450927734e-01
6.893934607505798340e-01
6.272028684616088867e-01
5.960178375244140625e-01
7.772494554519653320e-01
6.680671572685241699e-01
7.326563596725463867e-01
6.351770162582397461e-01
7.395976781845092773e-01
8.034446239471435547e-01
6.699827909469604492e-01
6.423219442367553711e-01
6.326690912246704102e-01
7.434304952621459961e-01
6.476737260818481445e-01
7.485661506652832031e-01
5.891999006271362305e-01
5.789679288864135742e-01
7.638725042343139648e-01
6.555484533309936523e-01
6.568081378936767578e-01
6.347372531890869141e-01
6.376391649246215820e-01
6.114919185638427734e-01
8.120219707489013672e-01
7.190850377082824707e-01
6.074926257133483887e-01
5.789908170700073242e-01
6.691609621047973633e-01
6.419167518615722656e-01
6.824098825454711914e-01
6.620284318923950195e-01
6.358736753463745117e-01
6.915625333786010742e-01
6.922190189361572266e-01
6.832666397094726562e-01
6.807619929313659668e-01
7.063316702842712402e-01
7.174274325370788574e-01
7.192217111587524414e-01
6.024419069290161133e-01
6.453962326049804688e-01
6.708051562309265137e-01
7.483828067779541016e-01
6.579803228378295898e-01
7.357932329177856445e-01
8.290771245956420898e-01
7.233133316040039062e-01
6.876885890960693359e-01
7.473709583282470703e-01
6.887460947036743164e-01
5.772402882575988770e-01
9.093347191810607910e-01
8.039268851280212402e-01
6.712771654129028320e-01
7.440038919448852539e-01
7.922275066375732422e-01
7.841374278068542480e-01
8.335442543029785156e-01
7.510561347007751465e-01
6.826438903808593750e-01
7.029007077217102051e-01
5.886878967285156250e-01
7.376747131347656250e-01
6.588538289070129395e-01
5.915591120719909668e-01
5.907886028289794922e-01
6.940641403198242188e-01
6.244866847991943359e-01
7.238709926605224609e-01
7.161397933959960938e-01
7.015217542648315430e-01
6.977426409721374512e-01
6.945408582687377930e-01
8.879332542419433594e-01
7.944178581237792969e-01
7.341651916503906250e-01
6.387895941734313965e-01
6.571703553199768066e-01
8.097441196441650391e-01
7.318404912948608398e-01
6.587743163108825684e-01
7.409452199935913086e-01
7.145644426345825195e-01
7.942222356796264648e-01
6.645950675010681152e-01
7.467231750488281250e-01
7.170622348785400391e-01
6.549900770187377930e-01
7.163178920745849609e-01
7.967276573181152344e-01
8.156318664550781250e-01
7.846809029579162598e-01
7.586377859115600586e-01
7.423177361488342285e-01
9.020429849624633789e-01
6.254999637603759766e-01
8.267514109611511230e-01
6.709423661231994629e-01
7.150819301605224609e-01
7.865549921989440918e-01
6.547360420227050781e-01
6.629034876823425293e-01
7.458273768424987793e-01
6.983891725540161133e-01
6.801001429557800293e-01
7.610223293304443359e-01
6.894257068634033203e-01
6.306764483451843262e-01
8.432393074035644531e-01
7.832963466644287109e-01
6.053631901741027832e-01
6.661083698272705078e-01
6.592737436294555664e-01
8.187845945358276367e-01
7.227795124053955078e-01
7.142204046249389648e-01
6.098790168762207031e-01
6.416196227073669434e-01
9.761345386505126953e-01
8.253293633460998535e-01
7.135268449783325195e-01
7.910241484642028809e-01
6.473817229270935059e-01
6.951762437820434570e-01
8.167663216590881348e-01
6.405553817749023438e-01
6.977084875106811523e-01
8.254169225692749023e-01
6.051179170608520508e-01
7.370051145553588867e-01
8.034156560897827148e-01
7.283591032028198242e-01
8.038238286972045898e-01
7.172123193740844727e-01
6.989786624908447266e-01
6.985153555870056152e-01
7.016004323959350586e-01
6.718474626541137695e-01
6.203716993331909180e-01
6.369881033897399902e-01
7.016956806182861328e-01
7.044587135314941406e-01
5.974262952804565430e-01
7.738379836082458496e-01
7.443481087684631348e-01
6.459273099899291992e-01
6.221786737442016602e-01
6.281054019927978516e-01
6.226593255996704102e-01
7.303679585456848145e-01
5.830757021903991699e-01
8.604454994201660156e-01
6.420608758926391602e-01
7.486986517906188965e-01
7.351108789443969727e-01
6.711355447769165039e-01
7.934081554412841797e-01
6.570417881011962891e-01
6.856007575988769531e-01
6.471984386444091797e-01
7.083690166473388672e-01
6.129150986671447754e-01
6.700161695480346680e-01
6.784161329269409180e-01
7.223529815673828125e-01
6.368794441223144531e-01
6.676875352859497070e-01
8.182511329650878906e-01
6.195641756057739258e-01
7.740284800529479980e-01
6.821487545967102051e-01
7.113506793975830078e-01
7.983822822570800781e-01
6.479443311691284180e-01
6.417733430862426758e-01
6.366990804672241211e-01
6.464966535568237305e-01
7.079048156738281250e-01
7.452960014343261719e-01
7.640535831451416016e-01
7.023276090621948242e-01
7.286583185195922852e-01
8.032419681549072266e-01
6.379302740097045898e-01
5.893518328666687012e-01
6.845968961715698242e-01
6.206560730934143066e-01
7.089424729347229004e-01
8.038628697395324707e-01
6.467073559761047363e-01
6.115965843200683594e-01
6.878635883331298828e-01
7.833610773086547852e-01
7.782652378082275391e-01
7.162241935729980469e-01
7.396733164787292480e-01
6.591857671737670898e-01
6.684365272521972656e-01
7.218655347824096680e-01
8.358402848243713379e-01
7.184057235717773438e-01
6.157526969909667969e-01
6.573820114135742188e-01
7.105957865715026855e-01
6.762632727622985840e-01
6.859258413314819336e-01
5.901179909706115723e-01
6.820924878120422363e-01
6.578271389007568359e-01
5.763592720031738281e-01
5.667633414268493652e-01
5.260902047157287598e-01
5.454422235488891602e-01
5.292893052101135254e-01
7.494336962699890137e-01
7.219701409339904785e-01
7.058619260787963867e-01
5.851764082908630371e-01
5.324833393096923828e-01
6.394852399826049805e-01
6.835162639617919922e-01
8.599126935005187988e-01
6.949820518493652344e-01
5.863822698593139648e-01
7.179379463195800781e-01
5.486521720886230469e-01
8.270894885063171387e-01
5.389117002487182617e-01
5.571440458297729492e-01
5.977361202239990234e-01
6.287435293197631836e-01
6.043071746826171875e-01
6.410722732543945312e-01
6.643443107604980469e-01
6.252608299255371094e-01
6.782020926475524902e-01
5.787838697433471680e-01
6.830480694770812988e-01
6.517599225044250488e-01
7.550541162490844727e-01
6.186236739158630371e-01
7.106294631958007812e-01
6.753184199333190918e-01
7.036224603652954102e-01
5.464655756950378418e-01
5.519844293594360352e-01
7.492160797119140625e-01
6.202396154403686523e-01
6.162722110748291016e-01
7.466770410537719727e-01
5.811049938201904297e-01
5.699161291122436523e-01
6.592060327529907227e-01
6.228027343750000000e-01
8.467841148376464844e-01
6.406799554824829102e-01
6.251214742660522461e-01
8.308223485946655273e-01
6.440037488937377930e-01
7.475500702857971191e-01
6.479882001876831055e-01
6.302461624145507812e-01
7.357610464096069336e-01
5.594595670700073242e-01
6.583350300788879395e-01
7.317132353782653809e-01
6.408546566963195801e-01
6.653566360473632812e-01
7.142035961151123047e-01
5.882633924484252930e-01
7.890783548355102539e-01
5.453163981437683105e-01
7.483236789703369141e-01
6.735887527465820312e-01
7.904922962188720703e-01
6.808661222457885742e-01
6.496372818946838379e-01
5.701592564582824707e-01
6.992200613021850586e-01
6.258804798126220703e-01
5.645868778228759766e-01
6.875825524330139160e-01
6.053316593170166016e-01
5.956034660339355469e-01
7.560443878173828125e-01
6.927014589309692383e-01
6.087365150451660156e-01
6.264823675155639648e-01
7.027376890182495117e-01
5.919291973114013672e-01
6.390659809112548828e-01
6.305840611457824707e-01
8.009231090545654297e-01
6.628170013427734375e-01
7.625933289527893066e-01
6.326139569282531738e-01
6.507611870765686035e-01
6.400172710418701172e-01
6.208227276802062988e-01
6.155374050140380859e-01
7.667317390441894531e-01
7.136675119400024414e-01
7.603746652603149414e-01
5.487672686576843262e-01
8.350386619567871094e-01
7.106463909149169922e-01
6.058442592620849609e-01
5.958582758903503418e-01
7.099406719207763672e-01
6.788769960403442383e-01
7.577023506164550781e-01
7.657818794250488281e-01
6.433094739913940430e-01
6.342180967330932617e-01
7.860731482505798340e-01
6.679015159606933594e-01
7.802704572677612305e-01
7.396881580352783203e-01
7.211023569107055664e-01
7.617782354354858398e-01
6.645592451095581055e-01
6.749352216720581055e-01
6.021208763122558594e-01
6.905904412269592285e-01
7.595040798187255859e-01
6.407350301742553711e-01
6.452686190605163574e-01
5.842878818511962891e-01
7.035099267959594727e-01
7.772960066795349121e-01
6.910450458526611328e-01
5.490822196006774902e-01
7.059444189071655273e-01
6.110621690750122070e-01
7.763684391975402832e-01
7.399930953979492188e-01
7.082328796386718750e-01
6.813158392906188965e-01
6.983807086944580078e-01
5.721165537834167480e-01
7.514921426773071289e-01
6.452476978302001953e-01
6.412325501441955566e-01
7.189814448356628418e-01
6.329398751258850098e-01
6.316193938255310059e-01
6.161062121391296387e-01
6.849108934402465820e-01
7.312640547752380371e-01
7.202067375183105469e-01
6.867295503616333008e-01
6.339263319969177246e-01
7.376275062561035156e-01
6.735494732856750488e-01
6.298736333847045898e-01
6.989011764526367188e-01
6.780797839164733887e-01
6.662038564682006836e-01
6.877188682556152344e-01
6.657265424728393555e-01
7.568423748016357422e-01
6.478976011276245117e-01
6.867696046829223633e-01
4.870399832725524902e-01
6.237306594848632812e-01
6.303351521492004395e-01
6.859455704689025879e-01
7.630741596221923828e-01
5.702749490737915039e-01
8.015658855438232422e-01
7.003707885742187500e-01
7.415364980697631836e-01
6.821393966674804688e-01
8.068586587905883789e-01
8.229180574417114258e-01
8.012462854385375977e-01
7.056776881217956543e-01
7.483493089675903320e-01
8.506656885147094727e-01
8.146215081214904785e-01
7.133835554122924805e-01
6.873064041137695312e-01
6.085683107376098633e-01
5.567492246627807617e-01
6.961280107498168945e-01
7.221521139144897461e-01
7.265573740005493164e-01
6.786662936210632324e-01
7.678132653236389160e-01
7.746496200561523438e-01
5.519209504127502441e-01
7.077335119247436523e-01
5.868284702301025391e-01
5.707137584686279297e-01
7.086129784584045410e-01
6.028285622596740723e-01
7.704694271087646484e-01
6.397767066955566406e-01
7.434844970703125000e-01
6.285715103149414062e-01
6.529355645179748535e-01
7.462304234504699707e-01
7.331138253211975098e-01
5.712819099426269531e-01
5.823768377304077148e-01
6.601363420486450195e-01
5.688008069992065430e-01
7.052635550498962402e-01
7.183957099914550781e-01
6.300135850906372070e-01
5.503107309341430664e-01
5.310188531875610352e-01
7.801796197891235352e-01
7.394180297851562500e-01
7.847142219543457031e-01
6.977041959762573242e-01
6.376953721046447754e-01
7.004926204681396484e-01
7.372499108314514160e-01
6.967825889587402344e-01
6.332561373710632324e-01
7.281359434127807617e-01
6.784466505050659180e-01
5.717846155166625977e-01
6.861886978149414062e-01
5.878223776817321777e-01
6.747558116912841797e-01
6.851289272308349609e-01
6.785421371459960938e-01
6.597777009010314941e-01
7.474429011344909668e-01
6.393229365348815918e-01
6.969551444053649902e-01
7.386482954025268555e-01
6.516010761260986328e-01
6.480798721313476562e-01
6.360297203063964844e-01
6.777070760726928711e-01
6.637076735496520996e-01
6.929115056991577148e-01
6.182839274406433105e-01
6.588245630264282227e-01
6.847047209739685059e-01
6.394959688186645508e-01
6.486252546310424805e-01
6.407563686370849609e-01
7.399106025695800781e-01
7.877179980278015137e-01
5.766397714614868164e-01
6.571220159530639648e-01
5.600165724754333496e-01
7.360471487045288086e-01
6.951363682746887207e-01
7.551392316818237305e-01
7.849330306053161621e-01
7.375880479812622070e-01
6.511236429214477539e-01
6.048073172569274902e-01
6.949424743652343750e-01
7.057838439941406250e-01
6.903158426284790039e-01
7.160097956657409668e-01
7.193313837051391602e-01
6.692585945129394531e-01
7.036824822425842285e-01
6.542400717735290527e-01
6.675758957862854004e-01
8.167980909347534180e-01
7.631691098213195801e-01
7.546826601028442383e-01
6.617009639739990234e-01
7.399974465370178223e-01
7.276906967163085938e-01
5.938317775726318359e-01
6.539872884750366211e-01
7.035881876945495605e-01
7.963929176330566406e-01
6.540145277976989746e-01
5.554133653640747070e-01
7.589753866195678711e-01
9.004314541816711426e-01
7.782390117645263672e-01
7.810760736465454102e-01
7.376021742820739746e-01
7.084826231002807617e-01
7.414354085922241211e-01
7.804856300354003906e-01
6.435304284095764160e-01
7.167438268661499023e-01
5.980578660964965820e-01
6.879401206970214844e-01
7.251745462417602539e-01
5.952463150024414062e-01
6.986415386199951172e-01
7.119864821434020996e-01
6.489242911338806152e-01
8.068195581436157227e-01
6.840922832489013672e-01
6.496633291244506836e-01
7.199219465255737305e-01
6.279189586639404297e-01
8.538751006126403809e-01
6.183862686157226562e-01
7.735209465026855469e-01
7.510205507278442383e-01
6.767579913139343262e-01
6.721866130828857422e-01
8.173146247863769531e-01
6.343572735786437988e-01
6.257921457290649414e-01
7.198295593261718750e-01
6.490900516510009766e-01
8.096252083778381348e-01
7.077662944793701172e-01
7.857632637023925781e-01
6.814916133880615234e-01
6.368870735168457031e-01
5.653426647186279297e-01
7.623798847198486328e-01
6.618603467941284180e-01
5.555833578109741211e-01
8.038353919982910156e-01
7.336649894714355469e-01
7.122105360031127930e-01
7.144277095794677734e-01
6.702884435653686523e-01
7.217593789100646973e-01
6.762080192565917969e-01
6.268717050552368164e-01
5.331362485885620117e-01
6.733407974243164062e-01
8.303997516632080078e-01
6.584870219230651855e-01
5.897258520126342773e-01
7.553251981735229492e-01
6.834529042243957520e-01
7.260723114013671875e-01
6.679057478904724121e-01
6.399630308151245117e-01
6.485146880149841309e-01
6.943341493606567383e-01
7.119593620300292969e-01
6.734126806259155273e-01
6.523350477218627930e-01
8.595389127731323242e-01
7.288234829902648926e-01
6.630872488021850586e-01
6.402664780616760254e-01
6.725997924804687500e-01
6.094477772712707520e-01
6.022335290908813477e-01
5.113090276718139648e-01
7.594778537750244141e-01
7.135756015777587891e-01
5.409092903137207031e-01
6.327474713325500488e-01
6.453999280929565430e-01
6.747423410415649414e-01
7.494703531265258789e-01
6.386891007423400879e-01
5.731289982795715332e-01
5.706276893615722656e-01
6.029365062713623047e-01
7.190657854080200195e-01
5.753812789916992188e-01
6.977245807647705078e-01
6.364147663116455078e-01
6.408545970916748047e-01
5.230837464332580566e-01
6.584451198577880859e-01
7.309587001800537109e-01
5.499463677406311035e-01
5.594265460968017578e-01
5.249744057655334473e-01
6.203645467758178711e-01
6.574296355247497559e-01
7.928274869918823242e-01
5.753947496414184570e-01
5.457946658134460449e-01
5.837777853012084961e-01
5.829347372055053711e-01
6.407619714736938477e-01
7.307412624359130859e-01
7.683228254318237305e-01
5.922029018402099609e-01
6.020590662956237793e-01
7.229385375976562500e-01
6.532083749771118164e-01
7.276243567466735840e-01
6.567908525466918945e-01
7.634950876235961914e-01
5.553403496742248535e-01
6.548853516578674316e-01
7.080911397933959961e-01
5.636606812477111816e-01
5.491116642951965332e-01
6.173909902572631836e-01
6.225129961967468262e-01
6.500215530395507812e-01
5.377131700515747070e-01
6.069335341453552246e-01
6.704239845275878906e-01
5.205578804016113281e-01
5.963138341903686523e-01
4.924124777317047119e-01
6.634781360626220703e-01
6.479465961456298828e-01
6.392900943756103516e-01
6.425629258155822754e-01
6.963999271392822266e-01
7.365564107894897461e-01
6.835099458694458008e-01
6.741655468940734863e-01
5.943081378936767578e-01
6.562660336494445801e-01
6.656078100204467773e-01
6.608409881591796875e-01
5.729042291641235352e-01
5.752439498901367188e-01
6.232566833496093750e-01
6.038942337036132812e-01
7.700201272964477539e-01
6.332486271858215332e-01
7.548456788063049316e-01
7.230747938156127930e-01
6.555714607238769531e-01
6.092363595962524414e-01
5.595680475234985352e-01
7.346184253692626953e-01
6.249794960021972656e-01
7.108809947967529297e-01
6.374633908271789551e-01
5.989913940429687500e-01
6.918315887451171875e-01
5.014084577560424805e-01
6.769002079963684082e-01
7.540549635887145996e-01
5.589440464973449707e-01
6.661293506622314453e-01
6.971384286880493164e-01
7.727424502372741699e-01
5.863019227981567383e-01
7.203509807586669922e-01
5.863690972328186035e-01
6.979666352272033691e-01
6.318833827972412109e-01
6.216354966163635254e-01
6.335026025772094727e-01
7.481510639190673828e-01
6.496351957321166992e-01
7.009792327880859375e-01
7.067931890487670898e-01
6.142830848693847656e-01
7.480680942535400391e-01
6.384382247924804688e-01
6.770863533020019531e-01
7.038948535919189453e-01
5.992240905761718750e-01
6.979880332946777344e-01
5.749207735061645508e-01
6.414041519165039062e-01
6.919631361961364746e-01
6.961230635643005371e-01
6.185476779937744141e-01
6.676819324493408203e-01
6.453944444656372070e-01
6.503998041152954102e-01
7.362306118011474609e-01
6.371290087699890137e-01
6.639136672019958496e-01
6.375771760940551758e-01
7.323557734489440918e-01
6.604852676391601562e-01
6.302938461303710938e-01
6.456356644630432129e-01
6.624486446380615234e-01
6.309682130813598633e-01
7.226412296295166016e-01
6.598123908042907715e-01
7.057150602340698242e-01
6.640152931213378906e-01
8.671402335166931152e-01
6.420416831970214844e-01
7.802544832229614258e-01
6.202955842018127441e-01
7.694620490074157715e-01
6.082445383071899414e-01
6.058705449104309082e-01
6.875108480453491211e-01
7.831190824508666992e-01
7.186358571052551270e-01
6.167231798171997070e-01
7.348813414573669434e-01
6.227806806564331055e-01
7.375362515449523926e-01
6.433895230293273926e-01
7.104462385177612305e-01
6.679515838623046875e-01
6.146823763847351074e-01
7.580945491790771484e-01
7.161741256713867188e-01
6.906651258468627930e-01
7.206729650497436523e-01
6.320147514343261719e-01
6.425513625144958496e-01
8.257641196250915527e-01
6.518334746360778809e-01
6.753944754600524902e-01
7.544651627540588379e-01
6.118476390838623047e-01
6.896048784255981445e-01
6.791925430297851562e-01
6.473090648651123047e-01
7.042484283447265625e-01
5.238329172134399414e-01
6.520836353302001953e-01
9.216017723083496094e-01
7.857224941253662109e-01
7.989776134490966797e-01
6.906479001045227051e-01
6.558338403701782227e-01
7.776187658309936523e-01
5.757701992988586426e-01
6.782377958297729492e-01
7.525231838226318359e-01
7.113879919052124023e-01
7.098670601844787598e-01
6.316320896148681641e-01
6.194961071014404297e-01
6.272623538970947266e-01
6.980381011962890625e-01
7.221153378486633301e-01
5.535171627998352051e-01
5.793542861938476562e-01
6.210759282112121582e-01
6.871335506439208984e-01
6.097977757453918457e-01
6.821406483650207520e-01
7.776319980621337891e-01
6.133390665054321289e-01
6.236393451690673828e-01
6.259309053421020508e-01
6.668087244033813477e-01
6.090590357780456543e-01
6.584758162498474121e-01
8.025628924369812012e-01
6.073104143142700195e-01
5.880305767059326172e-01
6.103487610816955566e-01
7.170035243034362793e-01
4.942175745964050293e-01
6.606497764587402344e-01
7.036516666412353516e-01
7.490706443786621094e-01
6.007956862449645996e-01
7.298827171325683594e-01
5.423632860183715820e-01
5.714567303657531738e-01
5.686966180801391602e-01
5.945144891738891602e-01
6.348639130592346191e-01
6.114935874938964844e-01
6.912373304367065430e-01
6.773903369903564453e-01
7.204188108444213867e-01
6.397471427917480469e-01
6.312394142150878906e-01
5.036836862564086914e-01
5.769535899162292480e-01
5.986478924751281738e-01
7.568352222442626953e-01
6.232871413230895996e-01
6.447116136550903320e-01
6.492369174957275391e-01
7.557042837142944336e-01
6.173595190048217773e-01
6.299873590469360352e-01
6.408257484436035156e-01
6.490741372108459473e-01
6.247698664665222168e-01
6.825883388519287109e-01
6.785312891006469727e-01
6.969417929649353027e-01
7.070367336273193359e-01
6.890445947647094727e-01
6.225608587265014648e-01
6.798074841499328613e-01
7.683802843093872070e-01
6.477921605110168457e-01
5.653923749923706055e-01
5.925291776657104492e-01
7.090522050857543945e-01
7.006000280380249023e-01
7.227578163146972656e-01
6.774541139602661133e-01
6.247934103012084961e-01
5.345363616943359375e-01
6.222459077835083008e-01
6.451324224472045898e-01
7.153178453445434570e-01
6.379458308219909668e-01
6.484140157699584961e-01
5.975413322448730469e-01
5.197399854660034180e-01
6.099639534950256348e-01
7.144298553466796875e-01
6.494683623313903809e-01
7.550226449966430664e-01
5.420161485671997070e-01
7.052001953125000000e-01
7.317401170730590820e-01
8.111395835876464844e-01
6.894767880439758301e-01
6.539888381958007812e-01
6.927375197410583496e-01
5.990730524063110352e-01
5.942753553390502930e-01
6.685236096382141113e-01
6.322580575942993164e-01
7.457293272018432617e-01
5.216653943061828613e-01
6.144456267356872559e-01
7.518882751464843750e-01
7.632402777671813965e-01
6.703122258186340332e-01
7.159793376922607422e-01
6.530053615570068359e-01
6.449806690216064453e-01
7.342376708984375000e-01
5.384898185729980469e-01
6.520490050315856934e-01
6.920416355133056641e-01
7.128282785415649414e-01
6.553794741630554199e-01
6.628827452659606934e-01
8.092144727706909180e-01
7.353146076202392578e-01
6.738097071647644043e-01
5.395054221153259277e-01
7.394774556159973145e-01
6.874520778656005859e-01
5.811671614646911621e-01
7.371546626091003418e-01
7.297462821006774902e-01
6.919536590576171875e-01
6.774377822875976562e-01
6.503531336784362793e-01
7.411239743232727051e-01
5.600860118865966797e-01
7.176280617713928223e-01
7.351832985877990723e-01
7.863810658454895020e-01
6.626157164573669434e-01
7.589830160140991211e-01
6.566587686538696289e-01
6.629991531372070312e-01
7.129992246627807617e-01
6.178148984909057617e-01
7.466017603874206543e-01
6.647011041641235352e-01
6.452531814575195312e-01
6.803406476974487305e-01
6.151977777481079102e-01
6.970421671867370605e-01
7.196022868156433105e-01
6.718327999114990234e-01
6.676552295684814453e-01
5.677425861358642578e-01
7.601400613784790039e-01
6.274731755256652832e-01
7.091908454895019531e-01
5.606302022933959961e-01
7.819953560829162598e-01
6.518040895462036133e-01
5.568554997444152832e-01
7.030422687530517578e-01
6.914134025573730469e-01
7.070666551589965820e-01
6.625561118125915527e-01
8.377844095230102539e-01
6.918252706527709961e-01
7.393517494201660156e-01
5.537097454071044922e-01
6.742622852325439453e-01
7.121425867080688477e-01
6.998624801635742188e-01
6.088221073150634766e-01
6.859743595123291016e-01
6.233025789260864258e-01
6.362162828445434570e-01
6.273810267448425293e-01
6.815401911735534668e-01
5.437773466110229492e-01
7.041126489639282227e-01
6.539123654365539551e-01
7.589054107666015625e-01
6.593384742736816406e-01
6.069543361663818359e-01
6.081894636154174805e-01
7.094198465347290039e-01
6.903571486473083496e-01
6.448779702186584473e-01
5.430092811584472656e-01
7.272101640701293945e-01
7.133821249008178711e-01
6.584733724594116211e-01
6.548541784286499023e-01
6.423560380935668945e-01
6.192860603332519531e-01
7.190128564834594727e-01
6.236289739608764648e-01
8.043216466903686523e-01
8.132601976394653320e-01
6.522169113159179688e-01
7.155163288116455078e-01
5.681158304214477539e-01
5.294965505599975586e-01
5.085027813911437988e-01
5.423346757888793945e-01
6.316301822662353516e-01
5.764683485031127930e-01
7.375147938728332520e-01
7.888273000717163086e-01
5.295904874801635742e-01
6.694077849388122559e-01
5.556541681289672852e-01
7.701712846755981445e-01
6.810705065727233887e-01
7.043929696083068848e-01
5.834772586822509766e-01
6.800366044044494629e-01
7.148309946060180664e-01
7.129573822021484375e-01
5.752061605453491211e-01
5.785340666770935059e-01
6.238205432891845703e-01
5.987211465835571289e-01
5.835085511207580566e-01
6.779413223266601562e-01
5.707534551620483398e-01
6.186771392822265625e-01
5.547829270362854004e-01
6.273712515830993652e-01
5.265601873397827148e-01
7.004030942916870117e-01
6.334392428398132324e-01
5.197772979736328125e-01
6.028062105178833008e-01
5.154252052307128906e-01
6.721435189247131348e-01
6.281355619430541992e-01
6.885245442390441895e-01
6.135258674621582031e-01
6.118707060813903809e-01
5.392041206359863281e-01
6.652742624282836914e-01
5.024595260620117188e-01
6.998426318168640137e-01
6.153029203414916992e-01
5.656691193580627441e-01
6.456211805343627930e-01
7.295734882354736328e-01
6.896559000015258789e-01
6.868051290512084961e-01
5.734671354293823242e-01
6.173976659774780273e-01
5.567743778228759766e-01
6.292454004287719727e-01
6.705836057662963867e-01
5.829546451568603516e-01
6.812041997909545898e-01
6.883514523506164551e-01
6.050479412078857422e-01
5.973005294799804688e-01
5.606820583343505859e-01
6.908676624298095703e-01
5.496162176132202148e-01
7.491893768310546875e-01
7.063317298889160156e-01
5.540059804916381836e-01
6.188241243362426758e-01
6.338124871253967285e-01
7.297194004058837891e-01
5.492209196090698242e-01
6.808875799179077148e-01
5.367886424064636230e-01
5.442141294479370117e-01
7.166117429733276367e-01
7.029882669448852539e-01
7.809008359909057617e-01
6.809773445129394531e-01
6.214161515235900879e-01
6.681495904922485352e-01
6.161158084869384766e-01
6.041494607925415039e-01
4.844698309898376465e-01
7.107981443405151367e-01
6.306800246238708496e-01
8.032925724983215332e-01
5.354868173599243164e-01
5.659573674201965332e-01
5.102192163467407227e-01
6.509604454040527344e-01
7.187851667404174805e-01
6.389275789260864258e-01
5.339485406875610352e-01
6.727613210678100586e-01
6.118789911270141602e-01
6.349258422851562500e-01
6.805408000946044922e-01
4.991167783737182617e-01
6.824125647544860840e-01
7.438181042671203613e-01
7.412335276603698730e-01
5.399425029754638672e-01
5.385403633117675781e-01
5.806311368942260742e-01
5.406490564346313477e-01
6.518591642379760742e-01
8.107522726058959961e-01
5.916578173637390137e-01
6.644967198371887207e-01
6.060106754302978516e-01
6.094458103179931641e-01
7.181142568588256836e-01
6.877487301826477051e-01
6.454905271530151367e-01
7.485219240188598633e-01
6.014627218246459961e-01
6.541138887405395508e-01
6.477538347244262695e-01
7.485654950141906738e-01
7.097035050392150879e-01
5.577137470245361328e-01
6.042689085006713867e-01
6.299266815185546875e-01
6.061989665031433105e-01
5.547415018081665039e-01
6.811282634735107422e-01
6.956346035003662109e-01
5.377571582794189453e-01
6.719698905944824219e-01
6.067175865173339844e-01
5.187343358993530273e-01
4.990428686141967773e-01
6.861029267311096191e-01
6.313055753707885742e-01
6.646583080291748047e-01
6.149262785911560059e-01
5.952728986740112305e-01
6.049844026565551758e-01
6.178658008575439453e-01
5.374334454536437988e-01
5.413490533828735352e-01
6.648853421211242676e-01
7.029155492782592773e-01
6.172881126403808594e-01
7.124513387680053711e-01
5.707128643989562988e-01
6.777249574661254883e-01
7.110468745231628418e-01
6.614903211593627930e-01
7.221982479095458984e-01
7.987364530563354492e-01
7.062451243400573730e-01
6.039179563522338867e-01
6.324582695960998535e-01
7.298969030380249023e-01
6.204200387001037598e-01
6.535952091217041016e-01
7.008341550827026367e-01
6.842442154884338379e-01
6.305264234542846680e-01
7.895563244819641113e-01
6.774002313613891602e-01
6.826277375221252441e-01
6.293770074844360352e-01
5.611098408699035645e-01
7.107892036437988281e-01
6.668065786361694336e-01
6.350048780441284180e-01
6.365202665328979492e-01
6.191057562828063965e-01
6.258830428123474121e-01
8.437447547912597656e-01
4.840490818023681641e-01
6.132189035415649414e-01
6.627126932144165039e-01
6.188031435012817383e-01
7.260786890983581543e-01
5.803713798522949219e-01
6.247519254684448242e-01
7.117763161659240723e-01
5.212033987045288086e-01
6.746021509170532227e-01
6.867345571517944336e-01
5.815050005912780762e-01
5.268378853797912598e-01
7.381334304809570312e-01
6.736661791801452637e-01
7.222505807876586914e-01
6.293299198150634766e-01
5.760219693183898926e-01
6.565773487091064453e-01
6.012009978294372559e-01
5.856583118438720703e-01
6.292772889137268066e-01
5.604504346847534180e-01
6.380472779273986816e-01
6.392604708671569824e-01
6.532391905784606934e-01
7.819328308105468750e-01
5.994849801063537598e-01
7.323559522628784180e-01
6.751602292060852051e-01
6.776002049446105957e-01
6.260380744934082031e-01
5.114116072654724121e-01
5.676287412643432617e-01
6.250172853469848633e-01
5.766806602478027344e-01
7.346727848052978516e-01
7.219097614288330078e-01
6.313291788101196289e-01
6.869530677795410156e-01
5.896086096763610840e-01
7.442210912704467773e-01
6.964744329452514648e-01
6.552385091781616211e-01
6.387872695922851562e-01
6.861491203308105469e-01
6.344035863876342773e-01
7.557575702667236328e-01
6.128667593002319336e-01
6.579201221466064453e-01
6.836975812911987305e-01
7.179404497146606445e-01
6.308103799819946289e-01
6.322574615478515625e-01
7.409528493881225586e-01
6.262140870094299316e-01
6.501293778419494629e-01
7.188928723335266113e-01
5.875737667083740234e-01
6.334507465362548828e-01
6.145312786102294922e-01
5.820033550262451172e-01
7.702901363372802734e-01
5.439990758895874023e-01
6.645784378051757812e-01
6.858572959899902344e-01
7.324289679527282715e-01
6.547150611877441406e-01
5.815595388412475586e-01
5.934815406799316406e-01
6.597546339035034180e-01
6.194995045661926270e-01
7.728430032730102539e-01
6.689774990081787109e-01
6.026970744132995605e-01
6.882266998291015625e-01
7.676708698272705078e-01
6.717113256454467773e-01
5.792044401168823242e-01
5.060395002365112305e-01
7.435069084167480469e-01
7.377189993858337402e-01
7.408334016799926758e-01
6.861540079116821289e-01
7.424886226654052734e-01
6.307112574577331543e-01
6.399766802787780762e-01
7.220660448074340820e-01
8.303408622741699219e-01
7.113376855850219727e-01
6.864964365959167480e-01
7.418996095657348633e-01
5.702393651008605957e-01
5.956431627273559570e-01
6.028549671173095703e-01
8.534593582153320312e-01
5.481830835342407227e-01
6.223129034042358398e-01
6.769126653671264648e-01
7.334609031677246094e-01
7.293563485145568848e-01
5.277740955352783203e-01
6.790044307708740234e-01
6.660915017127990723e-01
6.494067311286926270e-01
5.278769731521606445e-01
7.657097578048706055e-01
6.344637870788574219e-01
6.450126171112060547e-01
5.936505794525146484e-01
6.378685832023620605e-01
7.363997101783752441e-01
6.901809573173522949e-01
7.265680432319641113e-01
7.480846047401428223e-01
5.965683460235595703e-01
7.487585544586181641e-01
7.454791069030761719e-01
6.833832263946533203e-01
7.615303993225097656e-01
7.475568652153015137e-01
7.508460283279418945e-01
6.508415937423706055e-01
6.780719757080078125e-01
6.318215131759643555e-01
6.428785324096679688e-01
6.545819044113159180e-01
6.070832610130310059e-01
7.578911781311035156e-01
5.999113917350769043e-01
6.156284213066101074e-01
5.773005485534667969e-01
6.728209257125854492e-01
6.702463626861572266e-01
5.308531522750854492e-01
5.250595808029174805e-01
6.456125974655151367e-01
5.966314077377319336e-01
6.845316886901855469e-01
6.678661704063415527e-01
6.746746897697448730e-01
6.390762329101562500e-01
6.288286447525024414e-01
5.782618522644042969e-01
5.848101377487182617e-01
6.702392101287841797e-01
7.329093813896179199e-01
6.703308820724487305e-01
6.492325663566589355e-01
6.235667467117309570e-01
6.326208114624023438e-01
7.175319194793701172e-01
6.803398728370666504e-01
6.833929419517517090e-01
6.670298576354980469e-01
7.066581845283508301e-01
7.325763106346130371e-01
5.904381275177001953e-01
7.193330526351928711e-01
7.233239412307739258e-01
5.579884648323059082e-01
7.662099599838256836e-01
8.375467658042907715e-01
8.140627145767211914e-01
7.061817646026611328e-01
5.802357196807861328e-01
7.556599974632263184e-01
5.865349769592285156e-01
7.647300958633422852e-01
6.632098555564880371e-01
6.284050345420837402e-01
6.278263330459594727e-01
5.499426126480102539e-01
7.455935478210449219e-01
6.204079389572143555e-01
5.933355689048767090e-01
6.627080440521240234e-01
7.762188911437988281e-01
5.672973990440368652e-01
7.292845249176025391e-01
7.656505107879638672e-01
6.420203447341918945e-01
7.091910839080810547e-01
5.935594439506530762e-01
5.790872573852539062e-01
6.451594829559326172e-01
6.091008782386779785e-01
6.599475741386413574e-01
5.651631355285644531e-01
5.080949068069458008e-01
5.517822504043579102e-01
7.127964496612548828e-01
6.003959178924560547e-01
6.401509642601013184e-01
5.349966287612915039e-01
6.513512134552001953e-01
6.147962212562561035e-01
5.718983411788940430e-01
6.737092733383178711e-01
5.150755643844604492e-01
6.085366010665893555e-01
4.873623251914978027e-01
6.109986305236816406e-01
4.916200935840606689e-01
5.571684837341308594e-01
6.062239408493041992e-01
5.964873433113098145e-01
5.845031738281250000e-01
6.402599215507507324e-01
6.266028881072998047e-01
4.800570607185363770e-01
6.690756678581237793e-01
5.984238386154174805e-01
6.892921924591064453e-01
5.446661710739135742e-01
5.403523445129394531e-01
5.740801095962524414e-01
5.962486267089843750e-01
6.250836849212646484e-01
5.331593751907348633e-01
7.679346799850463867e-01
6.390174627304077148e-01
7.152952551841735840e-01
6.323556900024414062e-01
5.044221878051757812e-01
7.177615165710449219e-01
7.365931272506713867e-01
5.104370713233947754e-01
6.597170233726501465e-01
5.973314642906188965e-01
6.019202470779418945e-01
6.268309950828552246e-01
5.920447111129760742e-01
5.604887604713439941e-01
6.534389853477478027e-01
6.397390961647033691e-01
5.081793069839477539e-01
6.768378019332885742e-01
6.373122930526733398e-01
5.927098989486694336e-01
5.748329162597656250e-01
5.960701704025268555e-01
6.191638708114624023e-01
6.784406900405883789e-01
6.114595532417297363e-01
4.940633773803710938e-01
6.643756628036499023e-01
6.246808767318725586e-01
6.359668970108032227e-01
7.819435596466064453e-01
5.823314189910888672e-01
6.568291783332824707e-01
6.425278186798095703e-01
6.669838428497314453e-01
5.185250043869018555e-01
6.453955769538879395e-01
6.340571641921997070e-01
6.280259490013122559e-01
5.929198265075683594e-01
5.060108304023742676e-01
6.184988021850585938e-01
5.752079486846923828e-01
5.272625684738159180e-01
7.013527154922485352e-01
6.020561456680297852e-01
6.391998529434204102e-01
6.951705217361450195e-01
6.134337782859802246e-01
5.723722577095031738e-01
5.458009243011474609e-01
6.120051145553588867e-01
5.875316858291625977e-01
7.255100011825561523e-01
6.770811080932617188e-01
5.138192176818847656e-01
5.310760140419006348e-01
5.538100004196166992e-01
6.321838498115539551e-01
6.841912269592285156e-01
5.709506273269653320e-01
5.626194477081298828e-01
6.071488261222839355e-01
6.342387199401855469e-01
5.914940834045410156e-01
7.456842064857482910e-01
7.713299989700317383e-01
5.649919509887695312e-01
6.622672677040100098e-01
6.465371847152709961e-01
5.700414180755615234e-01
6.460690498352050781e-01
6.775267124176025391e-01
7.124261856079101562e-01
5.708519816398620605e-01
6.762929558753967285e-01
4.915308058261871338e-01
7.616719007492065430e-01
5.750364661216735840e-01
5.834894180297851562e-01
4.518572688102722168e-01
6.733186244964599609e-01
6.569204330444335938e-01
5.151596069335937500e-01
6.465103626251220703e-01
6.742334365844726562e-01
6.012641787528991699e-01
5.318671464920043945e-01
5.514268875122070312e-01
6.338297128677368164e-01
5.745410919189453125e-01
6.353961229324340820e-01
6.090461611747741699e-01
5.084967613220214844e-01
6.331911087036132812e-01
6.189804077148437500e-01
6.225024461746215820e-01
5.475217103958129883e-01
6.533276438713073730e-01
7.493442893028259277e-01
7.645043730735778809e-01
5.546994209289550781e-01
6.439370512962341309e-01
7.219926118850708008e-01
6.275291442871093750e-01
4.712049961090087891e-01
7.976194024085998535e-01
7.263963222503662109e-01
6.862822771072387695e-01
6.100609302520751953e-01
6.414997577667236328e-01
6.835585832595825195e-01
5.820692777633666992e-01
6.649981737136840820e-01
7.259202003479003906e-01
6.203999519348144531e-01
6.849367618560791016e-01
5.831459760665893555e-01
6.844248771667480469e-01
6.639798879623413086e-01
5.860834121704101562e-01
6.373447775840759277e-01
6.185921430587768555e-01
4.959420561790466309e-01
6.116355061531066895e-01
5.617175102233886719e-01
6.291925907135009766e-01
6.559406518936157227e-01
5.848708748817443848e-01
6.229708194732666016e-01
6.357415914535522461e-01
8.012999892234802246e-01
6.136562824249267578e-01
6.725207567214965820e-01
6.554614305496215820e-01
5.356404185295104980e-01
4.896703958511352539e-01
7.673857212066650391e-01
5.982707738876342773e-01
6.241044998168945312e-01
7.365792393684387207e-01
6.112909317016601562e-01
6.027027368545532227e-01
7.506012916564941406e-01
5.531489849090576172e-01
5.694026947021484375e-01
5.372606515884399414e-01
5.539696812629699707e-01
6.598834395408630371e-01
7.172801494598388672e-01
5.263351202011108398e-01
7.363665699958801270e-01
6.680976748466491699e-01
7.677433490753173828e-01
5.803475379943847656e-01
6.576700210571289062e-01
6.385556459426879883e-01
5.606011152267456055e-01
5.434726476669311523e-01
6.372394561767578125e-01
6.242324113845825195e-01
6.362123489379882812e-01
6.969673633575439453e-01
6.684757471084594727e-01
6.025320291519165039e-01
5.749576687812805176e-01
5.328727960586547852e-01
6.198221445083618164e-01
6.276447772979736328e-01
6.642116308212280273e-01
6.718701124191284180e-01
5.550917387008666992e-01
7.073181271553039551e-01
8.767458796501159668e-01
6.072873473167419434e-01
5.487963557243347168e-01
4.973396956920623779e-01
4.806607365608215332e-01
7.003349065780639648e-01
6.542779207229614258e-01
5.578308105468750000e-01
6.186408996582031250e-01
5.635085105895996094e-01
6.749976873397827148e-01
5.986679792404174805e-01
5.498936176300048828e-01
6.464238762855529785e-01
6.655198931694030762e-01
6.862258911132812500e-01
6.496273279190063477e-01
6.638383865356445312e-01
7.490057349205017090e-01
6.900768876075744629e-01
7.336652874946594238e-01
6.973002552986145020e-01
5.927941799163818359e-01
6.407412290573120117e-01
6.345480084419250488e-01
5.910222530364990234e-01
5.938382148742675781e-01
7.418438196182250977e-01
5.864704847335815430e-01
5.394919514656066895e-01
5.675870776176452637e-01
6.117817163467407227e-01
6.198197603225708008e-01
6.728485822677612305e-01
7.474318742752075195e-01
5.227462053298950195e-01
6.409276723861694336e-01
5.809334516525268555e-01
6.504964828491210938e-01
5.666916370391845703e-01
6.576889753341674805e-01
6.219412088394165039e-01
6.797677278518676758e-01
6.832692623138427734e-01
6.523023843765258789e-01
6.673806309700012207e-01
6.382040977478027344e-01
7.548387050628662109e-01
6.143800020217895508e-01
6.688305735588073730e-01
7.195447087287902832e-01
7.638943791389465332e-01
6.757538318634033203e-01
6.585152149200439453e-01
5.713374018669128418e-01
5.995768308639526367e-01
7.287451028823852539e-01
6.762386560440063477e-01
6.690949201583862305e-01
5.833656787872314453e-01
6.665049791336059570e-01
6.739214658737182617e-01
8.008836507797241211e-01
6.686686277389526367e-01
7.621264457702636719e-01
6.151646375656127930e-01
6.194165945053100586e-01
6.266659498214721680e-01
7.619236707687377930e-01
5.691840052604675293e-01
7.775069475173950195e-01
6.365835070610046387e-01
6.368100643157958984e-01
6.221300959587097168e-01
7.575392127037048340e-01
7.270190119743347168e-01
5.793163180351257324e-01
6.525639891624450684e-01
8.443069458007812500e-01
8.166556358337402344e-01
7.464810609817504883e-01
7.327078580856323242e-01
5.977661609649658203e-01
6.291934251785278320e-01
5.182216167449951172e-01
5.704026222229003906e-01
6.915891170501708984e-01
6.528503894805908203e-01
6.210504770278930664e-01
5.741246938705444336e-01
6.456713676452636719e-01
5.980422496795654297e-01
6.874749660491943359e-01
7.053009271621704102e-01
5.437116622924804688e-01
5.606780052185058594e-01
7.540848255157470703e-01
6.733933687210083008e-01
6.795191764831542969e-01
7.591079473495483398e-01
6.933276653289794922e-01
5.987079143524169922e-01
7.872092723846435547e-01
7.435599565505981445e-01
8.055182695388793945e-01
6.194167137145996094e-01
6.531459093093872070e-01
5.741146802902221680e-01
6.158440113067626953e-01
6.491041779518127441e-01
7.091276645660400391e-01
7.232832908630371094e-01
6.879382133483886719e-01
6.931460499763488770e-01
6.996274590492248535e-01
6.649290323257446289e-01
6.864959597587585449e-01
7.878172397613525391e-01
6.178100109100341797e-01
5.998231172561645508e-01
6.376338601112365723e-01
6.220667958259582520e-01
6.964000463485717773e-01
5.525172948837280273e-01
5.666151642799377441e-01
6.825913190841674805e-01
7.121666669845581055e-01
8.224560618400573730e-01
7.560303211212158203e-01
6.589038372039794922e-01
6.974779367446899414e-01
6.063756942749023438e-01
8.745260834693908691e-01
5.505139827728271484e-01
7.419127225875854492e-01
6.723999977111816406e-01
7.081516385078430176e-01
7.052746415138244629e-01
6.374520063400268555e-01
6.237335205078125000e-01
4.975609779357910156e-01
6.451489925384521484e-01
7.366528511047363281e-01
7.268333435058593750e-01
6.125081777572631836e-01
6.315994858741760254e-01
9.261968135833740234e-01
5.383715629577636719e-01
5.809886455535888672e-01
5.811551213264465332e-01
6.100444197654724121e-01
5.748776793479919434e-01
7.160717248916625977e-01
5.242644548416137695e-01
5.216092467308044434e-01
6.422107219696044922e-01
6.132082939147949219e-01
7.511358261108398438e-01
5.197440385818481445e-01
5.257236361503601074e-01
5.527295470237731934e-01
5.624713897705078125e-01
5.965203642845153809e-01
5.738522410392761230e-01
6.491745710372924805e-01
6.391475796699523926e-01
6.255444884300231934e-01
5.537078380584716797e-01
4.904468655586242676e-01
6.084172725677490234e-01
5.685312747955322266e-01
6.822175979614257812e-01
4.460187554359436035e-01
5.207995176315307617e-01
7.093664407730102539e-01
5.600883960723876953e-01
5.840911865234375000e-01
5.631863474845886230e-01
5.914871096611022949e-01
6.462029218673706055e-01
6.974751949310302734e-01
6.117809414863586426e-01
7.303953766822814941e-01
5.933114290237426758e-01
6.389220356941223145e-01
5.642160773277282715e-01
5.181972980499267578e-01
6.881656050682067871e-01
6.452784538269042969e-01
6.682507991790771484e-01
6.054263114929199219e-01
5.996597409248352051e-01
5.957750082015991211e-01
4.567116200923919678e-01
5.861221551895141602e-01
5.507225990295410156e-01
5.973119139671325684e-01
6.144721508026123047e-01
6.603862047195434570e-01
5.825694203376770020e-01
5.988824367523193359e-01
5.678238272666931152e-01
6.075450181961059570e-01
6.298187971115112305e-01
6.182417869567871094e-01
7.364620566368103027e-01
5.784461498260498047e-01
7.398472428321838379e-01
6.908708810806274414e-01
6.857614517211914062e-01
5.163577795028686523e-01
6.031544804573059082e-01
8.012079000473022461e-01
8.148907423019409180e-01
6.947943568229675293e-01
4.941810965538024902e-01
6.265059113502502441e-01
4.987878799438476562e-01
7.549411654472351074e-01
5.547020435333251953e-01
6.134191751480102539e-01
7.347240447998046875e-01
6.423900127410888672e-01
6.679563522338867188e-01
6.616410017013549805e-01
6.015250682830810547e-01
5.242251157760620117e-01
5.845100283622741699e-01
5.573980808258056641e-01
6.903811693191528320e-01
6.168675422668457031e-01
6.216529607772827148e-01
6.256911158561706543e-01
5.439255237579345703e-01
7.727063894271850586e-01
6.263692378997802734e-01
7.187381982803344727e-01
6.879510879516601562e-01
6.381751298904418945e-01
5.317800045013427734e-01
6.040527820587158203e-01
5.830905437469482422e-01
5.253042578697204590e-01
6.491351723670959473e-01
5.694453716278076172e-01
6.563544273376464844e-01
5.039738416671752930e-01
5.883103013038635254e-01
7.073588967323303223e-01
5.915884971618652344e-01
6.706458926200866699e-01
5.823054313659667969e-01
5.897284746170043945e-01
7.283114790916442871e-01
6.538166999816894531e-01
5.185189247131347656e-01
6.456997394561767578e-01
6.976101994514465332e-01
6.309802532196044922e-01
6.174486279487609863e-01
6.240509748458862305e-01
6.484750509262084961e-01
6.118227243423461914e-01
5.567047595977783203e-01
6.005873084068298340e-01
5.949262976646423340e-01
5.998438000679016113e-01
6.596944332122802734e-01
5.553280115127563477e-01
6.409366130828857422e-01
6.303219795227050781e-01
7.142580747604370117e-01
7.249404191970825195e-01
7.664845585823059082e-01
5.594977140426635742e-01
4.743815660476684570e-01
5.122893452644348145e-01
5.333701968193054199e-01
5.987796783447265625e-01
5.943399071693420410e-01
8.766294717788696289e-01
6.127855777740478516e-01
5.147300958633422852e-01
6.442016959190368652e-01
5.930525064468383789e-01
6.922360062599182129e-01
5.321781635284423828e-01
6.106230020523071289e-01
6.694612503051757812e-01
6.689666509628295898e-01
6.747069358825683594e-01
5.507332682609558105e-01
7.126029729843139648e-01
5.291185379028320312e-01
5.801191926002502441e-01
5.029075741767883301e-01
6.060349345207214355e-01
7.119290828704833984e-01
5.667865276336669922e-01
6.393045186996459961e-01
6.091738343238830566e-01
6.385076642036437988e-01
6.908050775527954102e-01
5.888100266456604004e-01
5.990377664566040039e-01
6.213367581367492676e-01
7.267111539840698242e-01
4.903472065925598145e-01
6.115934848785400391e-01
5.357627868652343750e-01
6.084385514259338379e-01
5.931808948516845703e-01
6.882360577583312988e-01
4.993832111358642578e-01
7.353628873825073242e-01
6.236310005187988281e-01
5.602753162384033203e-01
6.361290216445922852e-01
5.671670436859130859e-01
5.461165904998779297e-01
5.471074581146240234e-01
5.734475851058959961e-01
6.961367130279541016e-01
7.588596940040588379e-01
6.470037698745727539e-01
6.088293194770812988e-01
6.347652673721313477e-01
5.262893438339233398e-01
6.864227056503295898e-01
6.168227195739746094e-01
5.784685611724853516e-01
6.307260394096374512e-01
6.847438812255859375e-01
7.130553722381591797e-01
6.569668054580688477e-01
6.589754819869995117e-01
6.261830329895019531e-01
6.411760449409484863e-01
7.894954085350036621e-01
7.636296749114990234e-01
7.986138463020324707e-01
6.248487830162048340e-01
6.871869564056396484e-01
5.516095757484436035e-01
5.446611046791076660e-01
5.754595994949340820e-01
6.588187217712402344e-01
6.593655347824096680e-01
7.697540521621704102e-01
5.098358988761901855e-01
7.419028878211975098e-01
6.128804683685302734e-01
5.593762993812561035e-01
5.797718763351440430e-01
6.242790222167968750e-01
7.189415097236633301e-01
7.312240600585937500e-01
7.045308351516723633e-01
5.367734432220458984e-01
6.508626937866210938e-01
6.329101920127868652e-01
6.098640561103820801e-01
6.659820079803466797e-01
5.601578950881958008e-01
4.931995868682861328e-01
5.971531867980957031e-01
6.601989269256591797e-01
5.927402973175048828e-01
6.240097284317016602e-01
6.956797838211059570e-01
7.171514630317687988e-01
4.933559298515319824e-01
6.652773618698120117e-01
6.804139614105224609e-01
5.731989145278930664e-01
7.467254400253295898e-01
6.494418978691101074e-01
6.030941605567932129e-01
6.351790428161621094e-01
6.593862771987915039e-01
7.272050380706787109e-01
5.515797734260559082e-01
5.330214500427246094e-01
6.653740406036376953e-01
6.953357458114624023e-01
5.892305374145507812e-01
6.092696785926818848e-01
6.684498786926269531e-01
6.758693456649780273e-01
6.737612485885620117e-01
6.970382928848266602e-01
6.088501811027526855e-01
6.094764471054077148e-01
5.523930788040161133e-01
6.949541568756103516e-01
6.989752054214477539e-01
5.598033666610717773e-01
5.047627687454223633e-01
5.081364512443542480e-01
7.665799856185913086e-01
6.707611083984375000e-01
7.453807592391967773e-01
5.453957319259643555e-01
7.633092999458312988e-01
6.998058557510375977e-01
7.555134296417236328e-01
6.224546432495117188e-01
6.109110116958618164e-01
5.371645092964172363e-01
5.813801884651184082e-01
5.808745622634887695e-01
5.715771913528442383e-01
6.060431003570556641e-01
6.020057797431945801e-01
5.268828868865966797e-01
5.977069139480590820e-01
6.280854940414428711e-01
7.166206240653991699e-01
4.967181086540222168e-01
6.233260631561279297e-01
6.119664907455444336e-01
7.742677927017211914e-01
6.375217437744140625e-01
5.251382589340209961e-01
6.254945993423461914e-01
5.962375402450561523e-01
7.564829587936401367e-01
5.907499790191650391e-01
7.191843390464782715e-01
6.571553945541381836e-01
5.353721976280212402e-01
7.097995281219482422e-01
6.524753570556640625e-01
6.465694904327392578e-01
5.998760461807250977e-01
6.108258366584777832e-01
5.635633468627929688e-01
6.454110145568847656e-01
6.520814895629882812e-01
5.855560302734375000e-01
6.584678292274475098e-01
5.590746402740478516e-01
6.436327099800109863e-01
6.245261430740356445e-01
5.783485174179077148e-01
7.235547304153442383e-01
5.639523267745971680e-01
5.997567176818847656e-01
8.232895731925964355e-01
6.036595106124877930e-01
5.777332782745361328e-01
6.252193450927734375e-01
6.392064094543457031e-01
6.299877166748046875e-01
5.952968597412109375e-01
4.831328988075256348e-01
5.890641212463378906e-01
6.390383839607238770e-01
5.755175352096557617e-01
7.181549072265625000e-01
7.189587354660034180e-01
6.832258701324462891e-01
6.843609809875488281e-01
7.204857468605041504e-01
5.462133884429931641e-01
6.733593940734863281e-01
6.216961145401000977e-01
6.151953935623168945e-01
6.134508252143859863e-01
5.267285108566284180e-01
7.087089419364929199e-01
6.419457793235778809e-01
6.129128932952880859e-01
5.921288728713989258e-01
7.129048109054565430e-01
6.690257787704467773e-01
6.473037600517272949e-01
7.798660993576049805e-01
6.825700998306274414e-01
7.281259298324584961e-01
6.398278474807739258e-01
7.148894071578979492e-01
5.641109943389892578e-01
7.423598766326904297e-01
5.974696278572082520e-01
5.000759363174438477e-01
6.731359362602233887e-01
6.353397369384765625e-01
7.348803281784057617e-01
6.091707944869995117e-01
6.753049492835998535e-01
7.323739528656005859e-01
5.712643861770629883e-01
5.962466001510620117e-01
6.904308795928955078e-01
6.575244665145874023e-01
7.387807965278625488e-01
7.648827433586120605e-01
6.096695661544799805e-01
6.826829910278320312e-01
5.646975636482238770e-01
6.280188560485839844e-01
5.097155570983886719e-01
6.534166336059570312e-01
6.020815968513488770e-01
6.204754114151000977e-01
5.171927809715270996e-01
4.969004094600677490e-01
5.142590999603271484e-01
6.289843916893005371e-01
7.765110731124877930e-01
6.523663997650146484e-01
4.751499295234680176e-01
5.818021297454833984e-01
5.907820463180541992e-01
6.412556171417236328e-01
7.759361267089843750e-01
6.328985691070556641e-01
4.707171022891998291e-01
6.240724921226501465e-01
5.924365520477294922e-01
6.107590198516845703e-01
6.753805875778198242e-01
6.303076148033142090e-01
7.092961072921752930e-01
5.897686481475830078e-01
5.947140455245971680e-01
6.476011276245117188e-01
4.970753788948059082e-01
5.733697414398193359e-01
6.535145044326782227e-01
5.081871151924133301e-01
6.959241628646850586e-01
6.064195632934570312e-01
5.628761053085327148e-01
5.915925502777099609e-01
5.884327292442321777e-01
5.133874416351318359e-01
6.100991964340209961e-01
4.872845411300659180e-01
6.461482048034667969e-01
6.003338098526000977e-01
5.246002078056335449e-01
6.122645139694213867e-01
6.474288702011108398e-01
6.124327182769775391e-01
6.473704576492309570e-01
7.510929107666015625e-01
7.229996919631958008e-01
6.847566366195678711e-01
6.074877977371215820e-01
4.849065542221069336e-01
5.437895059585571289e-01
5.141852498054504395e-01
5.719609260559082031e-01
5.214184522628784180e-01
6.825096607208251953e-01
5.133774280548095703e-01
5.459089279174804688e-01
5.707815885543823242e-01
5.863801240921020508e-01
6.258839368820190430e-01
5.667154192924499512e-01
6.097993850708007812e-01
5.492329597473144531e-01
5.988386869430541992e-01
5.426477789878845215e-01
6.137492656707763672e-01
6.405488252639770508e-01
4.875015616416931152e-01
6.890212297439575195e-01
5.545120835304260254e-01
7.316541671752929688e-01
5.243004560470581055e-01
6.414988636970520020e-01
6.542820930480957031e-01
6.151328086853027344e-01
6.452223658561706543e-01
4.687482416629791260e-01
6.223800182342529297e-01
6.289737224578857422e-01
5.671101212501525879e-01
5.637557506561279297e-01
7.654904127120971680e-01
5.836272835731506348e-01
6.860405206680297852e-01
5.132459998130798340e-01
6.768970489501953125e-01
5.180557370185852051e-01
5.322408676147460938e-01
5.862388610839843750e-01
4.784643948078155518e-01
5.692163705825805664e-01
6.765321493148803711e-01
6.243430376052856445e-01
6.474763154983520508e-01
6.512528657913208008e-01
6.538136005401611328e-01
5.403775572776794434e-01
7.518182992935180664e-01
6.992325186729431152e-01
5.012951493263244629e-01
5.798286199569702148e-01
7.016704082489013672e-01
6.464328765869140625e-01
6.792979240417480469e-01
7.106052637100219727e-01
6.589420437812805176e-01
5.606262683868408203e-01
5.992406606674194336e-01
6.192501783370971680e-01
5.749886035919189453e-01
5.985771417617797852e-01
6.324658393859863281e-01
5.337406992912292480e-01
7.321869134902954102e-01
5.703020095825195312e-01
7.186304926872253418e-01
5.504656434059143066e-01
6.422270536422729492e-01
5.882997512817382812e-01
6.783515214920043945e-01
6.979528665542602539e-01
6.894226670265197754e-01
5.771481990814208984e-01
5.569580793380737305e-01
5.248147845268249512e-01
6.085613965988159180e-01
5.361008048057556152e-01
6.968064308166503906e-01
6.470558643341064453e-01
4.534726142883300781e-01
6.888228058815002441e-01
5.505223274230957031e-01
5.639097690582275391e-01
5.911464095115661621e-01
5.975247025489807129e-01
6.687042713165283203e-01
7.016991376876831055e-01
6.098543405532836914e-01
5.635870695114135742e-01
6.425651311874389648e-01
5.583862066268920898e-01
6.454555988311767578e-01
5.789520740509033203e-01
5.077401995658874512e-01
5.798332691192626953e-01
5.358303785324096680e-01
7.192143797874450684e-01
6.071985960006713867e-01
5.840809345245361328e-01
5.901021957397460938e-01
5.376880764961242676e-01
5.539168119430541992e-01
6.370062828063964844e-01
7.327147722244262695e-01
7.285073399543762207e-01
6.370138525962829590e-01
5.939445495605468750e-01
5.574216842651367188e-01
6.360093951225280762e-01
5.869218707084655762e-01
4.921521246433258057e-01
5.646449923515319824e-01
5.766248703002929688e-01
6.664564609527587891e-01
6.651678085327148438e-01
6.288127899169921875e-01
4.896674454212188721e-01
6.123169660568237305e-01
5.913909673690795898e-01
5.521485805511474609e-01
6.396669745445251465e-01
6.552160978317260742e-01
6.762609481811523438e-01
5.815202593803405762e-01
6.062436103820800781e-01
6.749150753021240234e-01
5.644933581352233887e-01
5.550557374954223633e-01
6.608898043632507324e-01
6.266734004020690918e-01
4.484374523162841797e-01
5.855584740638732910e-01
5.670394301414489746e-01
6.697777509689331055e-01
5.839835405349731445e-01
5.289903879165649414e-01
6.269864439964294434e-01
5.367053747177124023e-01
6.634621024131774902e-01
6.400347948074340820e-01
6.411279439926147461e-01
6.772605776786804199e-01
5.403686165809631348e-01
5.697418451309204102e-01
5.876489877700805664e-01
7.192975282669067383e-01
5.876716971397399902e-01
6.016637086868286133e-01
6.659456491470336914e-01
7.390452623367309570e-01
5.506434440612792969e-01
5.619860291481018066e-01
6.803228855133056641e-01
5.479879975318908691e-01
6.962473392486572266e-01
6.653885841369628906e-01
6.398901939392089844e-01
6.604613065719604492e-01
5.833943486213684082e-01
6.738499402999877930e-01
6.422349214553833008e-01
6.197655200958251953e-01
7.206175923347473145e-01
6.181448698043823242e-01
6.210156679153442383e-01
5.980598330497741699e-01
6.182785630226135254e-01
6.913951635360717773e-01
5.988912582397460938e-01
5.596805810928344727e-01
5.742875337600708008e-01
5.883448123931884766e-01
7.158755660057067871e-01
5.776052474975585938e-01
5.717067718505859375e-01
6.689739823341369629e-01
6.274173259735107422e-01
7.284067869186401367e-01
6.849644184112548828e-01
5.754418373107910156e-01
5.896842479705810547e-01
5.813069343566894531e-01
6.083576083183288574e-01
5.137712955474853516e-01
5.976210236549377441e-01
6.813431978225708008e-01
5.331250429153442383e-01
6.238650679588317871e-01
5.205664634704589844e-01
6.169997453689575195e-01
5.322880148887634277e-01
6.193956136703491211e-01
6.559803485870361328e-01
7.027173042297363281e-01
5.826092958450317383e-01
5.486623048782348633e-01
6.994341611862182617e-01
5.349556803703308105e-01
6.354606747627258301e-01
5.669214129447937012e-01
6.395314931869506836e-01
5.870239138603210449e-01
6.838616132736206055e-01
5.035706758499145508e-01
5.346616506576538086e-01
6.077691316604614258e-01
6.296344995498657227e-01
6.567103266716003418e-01
7.309997677803039551e-01
4.551892876625061035e-01
5.873587727546691895e-01
6.940289139747619629e-01
7.827342748641967773e-01
5.908037424087524414e-01
5.360447764396667480e-01
6.958650946617126465e-01
5.940006971359252930e-01
7.165818214416503906e-01
7.498407363891601562e-01
5.527933835983276367e-01
4.869899749755859375e-01
6.585518717765808105e-01
6.376428604125976562e-01
5.553281307220458984e-01
5.644176602363586426e-01
7.007133364677429199e-01
6.308121681213378906e-01
6.431582570075988770e-01
6.516774892807006836e-01
6.332114934921264648e-01
5.469019412994384766e-01
6.348184347152709961e-01
6.297372579574584961e-01
7.203533649444580078e-01
5.684816837310791016e-01
5.793683528900146484e-01
7.445908188819885254e-01
6.838765144348144531e-01
9.265952706336975098e-01
6.260161399841308594e-01
7.085471749305725098e-01
7.522907257080078125e-01
5.926811099052429199e-01
5.255432128906250000e-01
6.652927398681640625e-01
6.564395427703857422e-01
6.677247285842895508e-01
6.577053070068359375e-01
6.505079269409179688e-01
6.985232830047607422e-01
6.099957823753356934e-01
6.486941576004028320e-01
7.112370729446411133e-01
5.638667345046997070e-01
5.880752205848693848e-01
5.962023735046386719e-01
4.964627325534820557e-01
7.627538442611694336e-01
5.551284551620483398e-01
6.479666829109191895e-01
6.254142522811889648e-01
6.167126893997192383e-01
6.873651742935180664e-01
5.677181482315063477e-01
5.815505981445312500e-01
5.837798118591308594e-01
6.118518710136413574e-01
5.901266336441040039e-01
6.460479497909545898e-01
5.639219284057617188e-01
6.500883698463439941e-01
6.241981983184814453e-01
6.299822926521301270e-01
5.200927257537841797e-01
6.494717597961425781e-01
5.803319215774536133e-01
6.099566221237182617e-01
6.619276404380798340e-01
7.322688102722167969e-01
5.296080708503723145e-01
4.806209206581115723e-01
6.454978585243225098e-01
6.912565231323242188e-01
7.209478616714477539e-01
5.286823511123657227e-01
6.017473340034484863e-01
6.613688468933105469e-01
5.403854846954345703e-01
8.169088959693908691e-01
6.529140472412109375e-01
5.651937127113342285e-01
7.095611095428466797e-01
6.240298748016357422e-01
6.603177785873413086e-01
6.135442256927490234e-01
5.030626058578491211e-01
5.410383343696594238e-01
6.868384480476379395e-01
7.815569043159484863e-01
6.891326308250427246e-01
6.329793930053710938e-01
6.239035725593566895e-01
5.876806974411010742e-01
6.565880775451660156e-01
5.295892357826232910e-01
5.548038482666015625e-01
5.668668746948242188e-01
5.954208374023437500e-01
6.267898082733154297e-01
5.869500041007995605e-01
5.672783851623535156e-01
4.814534187316894531e-01
6.534283757209777832e-01
5.064159035682678223e-01
6.140938401222229004e-01
5.490412712097167969e-01
5.979589223861694336e-01
6.343517303466796875e-01
6.548042297363281250e-01
5.077831149101257324e-01
5.631497502326965332e-01
5.818205475807189941e-01
4.837533831596374512e-01
4.932052195072174072e-01
5.259017348289489746e-01
4.602731466293334961e-01
5.603368878364562988e-01
6.582455039024353027e-01
5.757547616958618164e-01
5.850450992584228516e-01
6.219931840896606445e-01
5.247780084609985352e-01
5.599330067634582520e-01
5.847284197807312012e-01
6.793714761734008789e-01
5.889107584953308105e-01
6.237128376960754395e-01
7.187851071357727051e-01
6.602891683578491211e-01
4.981899261474609375e-01
6.270655393600463867e-01
5.545739531517028809e-01
5.956753492355346680e-01
6.124351024627685547e-01
5.198074579238891602e-01
4.920282065868377686e-01
5.819609761238098145e-01
5.595802068710327148e-01
5.933856964111328125e-01
5.670127868652343750e-01
4.895129799842834473e-01
6.080728769302368164e-01
5.113373994827270508e-01
6.128050684928894043e-01
5.345693826675415039e-01
5.582348704338073730e-01
6.510151624679565430e-01
5.846139192581176758e-01
6.655707359313964844e-01
5.845842957496643066e-01
5.913480520248413086e-01
5.312100648880004883e-01
6.154743432998657227e-01
6.094621419906616211e-01
6.404308676719665527e-01
5.401499271392822266e-01
5.087559223175048828e-01
5.811942815780639648e-01
6.029965281486511230e-01
6.528559923171997070e-01
6.370840668678283691e-01
7.087675333023071289e-01
6.145118474960327148e-01
5.106288194656372070e-01
4.643816351890563965e-01
6.090379953384399414e-01
5.912287235260009766e-01
5.403200387954711914e-01
6.478471159934997559e-01
5.476113557815551758e-01
6.282464265823364258e-01
5.859977006912231445e-01
6.432735919952392578e-01
5.005010366439819336e-01
5.875210165977478027e-01
5.830887556076049805e-01
5.226476192474365234e-01
6.290314197540283203e-01
7.801080942153930664e-01
6.167809367179870605e-01
5.608160495758056641e-01
5.549649000167846680e-01
4.847953617572784424e-01
6.271323561668395996e-01
5.655820369720458984e-01
5.465983748435974121e-01
6.245968341827392578e-01
4.831086993217468262e-01
6.901649832725524902e-01
6.378094553947448730e-01
6.093158721923828125e-01
5.477228164672851562e-01
4.954717159271240234e-01
7.607295513153076172e-01
7.337993979454040527e-01
6.205853819847106934e-01
6.246325969696044922e-01
5.333229899406433105e-01
5.551220178604125977e-01
6.629023551940917969e-01
6.540383100509643555e-01
6.111309528350830078e-01
5.833628773689270020e-01
5.689554214477539062e-01
5.923081636428833008e-01
4.512163102626800537e-01
5.845495462417602539e-01
4.759392738342285156e-01
6.926814317703247070e-01
6.681697368621826172e-01
6.083971858024597168e-01
5.116448998451232910e-01
7.097193002700805664e-01
5.918996334075927734e-01
6.472762227058410645e-01
7.074848413467407227e-01
4.972004890441894531e-01
5.126599073410034180e-01
5.880810618400573730e-01
5.339692831039428711e-01
6.490842103958129883e-01
5.879324674606323242e-01
5.046224594116210938e-01
4.923568367958068848e-01
5.923466682434082031e-01
4.831958115100860596e-01
6.551935672760009766e-01
6.605718135833740234e-01
4.996977448463439941e-01
5.119038820266723633e-01
4.349592924118041992e-01
5.826259851455688477e-01
6.854017972946166992e-01
4.510946571826934814e-01
7.700183391571044922e-01
5.816105604171752930e-01
5.926886200904846191e-01
5.847522020339965820e-01
5.189355611801147461e-01
5.861245393753051758e-01
5.584267377853393555e-01
5.648615360260009766e-01
6.726573705673217773e-01
5.651142001152038574e-01
5.097430944442749023e-01
6.590194702148437500e-01
7.144192457199096680e-01
5.506179332733154297e-01
5.983063578605651855e-01
7.589788436889648438e-01
6.497939229011535645e-01
5.997255444526672363e-01
6.432652473449707031e-01
5.995777845382690430e-01
6.004291176795959473e-01
7.713295817375183105e-01
5.455058217048645020e-01
6.799304485321044922e-01
5.830500125885009766e-01
5.453501343727111816e-01
6.289504766464233398e-01
6.526442766189575195e-01
5.673168897628784180e-01
5.209946632385253906e-01
6.028023958206176758e-01
5.729998350143432617e-01
5.676156282424926758e-01
5.845277905464172363e-01
6.136007308959960938e-01
5.628219246864318848e-01
6.667050123214721680e-01
5.331702232360839844e-01
5.733826160430908203e-01
6.686628460884094238e-01
4.628627300262451172e-01
4.700362682342529297e-01
5.336282253265380859e-01
6.129342317581176758e-01
5.889379382133483887e-01
6.484677195549011230e-01
5.858861207962036133e-01
5.827246904373168945e-01
7.274546027183532715e-01
5.013979673385620117e-01
7.487931251525878906e-01
7.256996035575866699e-01
6.239514946937561035e-01
5.227862596511840820e-01
6.522406339645385742e-01
6.406890153884887695e-01
5.454633235931396484e-01
8.129249811172485352e-01
6.279278993606567383e-01
6.677712202072143555e-01
5.617123842239379883e-01
6.518434882164001465e-01
4.761751294136047363e-01
5.572278499603271484e-01
6.844837665557861328e-01
5.897144079208374023e-01
6.287776231765747070e-01
6.484592556953430176e-01
5.205698609352111816e-01
6.302837133407592773e-01
5.589228272438049316e-01
6.108506321907043457e-01
5.638380050659179688e-01
5.645190477371215820e-01
5.762720704078674316e-01
5.460199117660522461e-01
5.561715364456176758e-01
5.516066551208496094e-01
5.695219039916992188e-01
6.889718770980834961e-01
4.910849034786224365e-01
5.821131467819213867e-01
6.462069749832153320e-01
4.918950200080871582e-01
7.077916860580444336e-01
6.405982971191406250e-01
5.813097357749938965e-01
8.131692409515380859e-01
6.693422794342041016e-01
6.051937937736511230e-01
6.792654395103454590e-01
6.553856730461120605e-01
6.008014678955078125e-01
6.722984313964843750e-01
7.125971913337707520e-01
5.800126791000366211e-01
7.062063217163085938e-01
5.191522836685180664e-01
6.039730906486511230e-01
5.963759422302246094e-01
5.992120504379272461e-01
7.470668554306030273e-01
5.893584489822387695e-01
6.418623924255371094e-01
6.228361129760742188e-01
6.150385141372680664e-01
6.192540526390075684e-01
6.806643009185791016e-01
6.400149464607238770e-01
5.695129632949829102e-01
5.821945667266845703e-01
5.699136257171630859e-01
7.324334383010864258e-01
5.796395540237426758e-01
6.221053004264831543e-01
6.118322610855102539e-01
5.789136290550231934e-01
5.488945245742797852e-01
7.874054312705993652e-01
7.020885348320007324e-01
6.859167814254760742e-01
6.624799370765686035e-01
5.544438362121582031e-01
6.235415935516357422e-01
6.639622449874877930e-01
6.414516568183898926e-01
5.390873551368713379e-01
6.975388526916503906e-01
6.383391618728637695e-01
6.879922151565551758e-01
5.596784353256225586e-01
7.282242774963378906e-01
6.620951890945434570e-01
6.107304692268371582e-01
5.257284045219421387e-01
7.123200893402099609e-01
6.159088611602783203e-01
5.044481754302978516e-01
6.219050884246826172e-01
6.125855445861816406e-01
6.456791758537292480e-01
6.234976649284362793e-01
6.138209104537963867e-01
5.389308929443359375e-01
6.508316993713378906e-01
7.190632820129394531e-01
6.545375585556030273e-01
7.898883819580078125e-01
6.810423135757446289e-01
5.381722450256347656e-01
6.052573323249816895e-01
6.882047057151794434e-01
6.977826356887817383e-01
5.818563699722290039e-01
6.031200885772705078e-01
5.494180917739868164e-01
6.515218019485473633e-01
6.335015892982482910e-01
5.438845157623291016e-01
6.231044530868530273e-01
5.294886827468872070e-01
7.080852985382080078e-01
5.833796262741088867e-01
5.726003050804138184e-01
5.632682442665100098e-01
6.565959453582763672e-01
6.139596104621887207e-01
6.632405519485473633e-01
6.557642817497253418e-01
6.568076610565185547e-01
6.366724967956542969e-01
4.983262121677398682e-01
6.713025569915771484e-01
5.977307558059692383e-01
5.799428820610046387e-01
6.473070979118347168e-01
6.988392472267150879e-01
5.795201063156127930e-01
6.355233192443847656e-01
6.931056976318359375e-01
5.594502687454223633e-01
5.792499184608459473e-01
7.270175218582153320e-01
5.663133859634399414e-01
6.311035156250000000e-01
7.656236886978149414e-01
6.043461561203002930e-01
4.865443110466003418e-01
5.648878812789916992e-01
6.414660215377807617e-01
7.066226601600646973e-01
5.359448194503784180e-01
6.664144992828369141e-01
6.526073217391967773e-01
5.732930302619934082e-01
5.990189313888549805e-01
5.910502076148986816e-01
6.267663240432739258e-01
5.544067621231079102e-01
6.023966073989868164e-01
5.636695623397827148e-01
6.210725307464599609e-01
5.071265697479248047e-01
5.641558170318603516e-01
7.162964344024658203e-01
7.141811847686767578e-01
6.383544206619262695e-01
6.713885068893432617e-01
6.027737855911254883e-01
7.634400725364685059e-01
6.291946172714233398e-01
6.669499874114990234e-01
7.411864995956420898e-01
6.285475492477416992e-01
6.623179316520690918e-01
5.424750447273254395e-01
5.463978648185729980e-01
5.752074718475341797e-01
6.029835939407348633e-01
5.635151863098144531e-01
5.841146707534790039e-01
5.046483278274536133e-01
5.171452760696411133e-01
5.105627775192260742e-01
5.205587148666381836e-01
4.808078110218048096e-01
5.788092613220214844e-01
6.703984737396240234e-01
5.629297494888305664e-01
6.639682054519653320e-01
4.496037960052490234e-01
6.545156240463256836e-01
5.336838960647583008e-01
5.525255203247070312e-01
5.527842044830322266e-01
5.738313198089599609e-01
5.325364470481872559e-01
4.611217975616455078e-01
4.550338685512542725e-01
5.532651543617248535e-01
6.648576259613037109e-01
4.562038183212280273e-01
6.472812294960021973e-01
6.010917425155639648e-01
5.293837189674377441e-01
5.281574726104736328e-01
5.459617972373962402e-01
5.004978179931640625e-01
6.274933815002441406e-01
6.672586202621459961e-01
5.550979375839233398e-01
5.279881358146667480e-01
6.414090394973754883e-01
5.580312013626098633e-01
4.237439632415771484e-01
5.938328504562377930e-01
5.491436123847961426e-01
7.513591051101684570e-01
6.859460473060607910e-01
6.241173744201660156e-01
5.066621899604797363e-01
6.061252355575561523e-01
5.794802904129028320e-01
4.386132955551147461e-01
7.011323571205139160e-01
5.458257198333740234e-01
6.120061278343200684e-01
5.732412338256835938e-01
4.500064253807067871e-01
6.345167160034179688e-01
5.618054270744323730e-01
5.971070528030395508e-01
5.243544578552246094e-01
6.191843748092651367e-01
4.693883657455444336e-01
6.617815494537353516e-01
4.917365610599517822e-01
4.772484302520751953e-01
6.228152513504028320e-01
5.381504297256469727e-01
5.728931427001953125e-01
4.909716248512268066e-01
5.168383121490478516e-01
4.887904524803161621e-01
5.212052464485168457e-01
6.087602972984313965e-01
6.022329926490783691e-01
5.213363170623779297e-01
5.670565962791442871e-01
5.940382480621337891e-01
4.843213856220245361e-01
6.803255081176757812e-01
5.362181663513183594e-01
5.121654272079467773e-01
7.548688054084777832e-01
7.023759484291076660e-01
5.805563926696777344e-01
5.385595560073852539e-01
5.344659090042114258e-01
5.162592530250549316e-01
6.334227919578552246e-01
4.776754379272460938e-01
5.459802150726318359e-01
5.302271246910095215e-01
5.706875920295715332e-01
5.378951430320739746e-01
5.910944938659667969e-01
5.901275277137756348e-01
5.530772209167480469e-01
5.467038154602050781e-01
6.041860580444335938e-01
4.421491920948028564e-01
5.389418601989746094e-01
4.568369388580322266e-01
5.715526938438415527e-01
6.511968374252319336e-01
6.623757481575012207e-01
5.745805501937866211e-01
6.150395870208740234e-01
5.295943617820739746e-01
5.744904279708862305e-01
5.450318455696105957e-01
5.286670327186584473e-01
6.869300603866577148e-01
6.388634443283081055e-01
6.203278303146362305e-01
5.852009057998657227e-01
5.917087197303771973e-01
5.569930672645568848e-01
6.745945215225219727e-01
5.349671244621276855e-01
5.756858587265014648e-01
6.634782552719116211e-01
6.435235738754272461e-01
4.923584461212158203e-01
5.253174304962158203e-01
5.806933641433715820e-01
6.396165490150451660e-01
6.585520505905151367e-01
6.223467588424682617e-01
5.586959719657897949e-01
5.393955707550048828e-01
4.952383637428283691e-01
6.099627017974853516e-01
5.740494728088378906e-01
5.125259160995483398e-01
6.123869419097900391e-01
6.167117357254028320e-01
4.620460867881774902e-01
6.222596168518066406e-01
6.760988235473632812e-01
6.684495806694030762e-01
6.799691319465637207e-01
5.472137928009033203e-01
6.254999637603759766e-01
5.959981083869934082e-01
5.773991942405700684e-01
6.416982412338256836e-01
5.448481440544128418e-01
6.230907440185546875e-01
6.821929216384887695e-01
6.442612409591674805e-01
5.282726287841796875e-01
5.626012086868286133e-01
7.176114320755004883e-01
6.082652211189270020e-01
5.314185619354248047e-01
6.043839454650878906e-01
6.101288795471191406e-01
7.079327702522277832e-01
5.298221111297607422e-01
5.116046071052551270e-01
4.554213583469390869e-01
7.474560737609863281e-01
6.546282768249511719e-01
5.212156772613525391e-01
5.999816656112670898e-01
6.211148500442504883e-01
5.723927021026611328e-01
6.169427633285522461e-01
5.811158418655395508e-01
5.098589658737182617e-01
6.434451341629028320e-01
7.341168522834777832e-01
5.952554941177368164e-01
6.055394411087036133e-01
5.698285102844238281e-01
6.155588626861572266e-01
6.703883409500122070e-01
5.541915893554687500e-01
5.710909366607666016e-01
6.115460991859436035e-01
5.709306597709655762e-01
6.009900569915771484e-01
7.181380987167358398e-01
6.830524206161499023e-01
5.617578625679016113e-01
6.704581975936889648e-01
5.101138353347778320e-01
4.881575703620910645e-01
6.821243166923522949e-01
7.148689031600952148e-01
5.887449979782104492e-01
4.934281706809997559e-01
5.305821895599365234e-01
5.902681350708007812e-01
5.343424081802368164e-01
5.585081577301025391e-01
7.098656296730041504e-01
6.185953617095947266e-01
5.889371037483215332e-01
5.699403882026672363e-01
4.912614822387695312e-01
5.826794505119323730e-01
5.422394275665283203e-01
5.576038360595703125e-01
6.081961393356323242e-01
6.095041036605834961e-01
6.948519945144653320e-01
6.036148071289062500e-01
6.330975294113159180e-01
5.274524688720703125e-01
5.324659347534179688e-01
6.308989524841308594e-01
5.721693038940429688e-01
5.019627213478088379e-01
6.559362411499023438e-01
5.854442119598388672e-01
5.997645854949951172e-01
6.294624805450439453e-01
6.287195086479187012e-01
5.823412537574768066e-01
5.870982408523559570e-01
4.107217490673065186e-01
6.898077726364135742e-01
5.806013941764831543e-01
6.514618396759033203e-01
5.654586553573608398e-01
7.001107931137084961e-01
7.229236364364624023e-01
5.695948600769042969e-01
6.262999773025512695e-01
7.066130638122558594e-01
5.317029953002929688e-01
5.550567507743835449e-01
6.058183312416076660e-01
6.042395830154418945e-01
5.940034985542297363e-01
5.623378753662109375e-01
6.426944732666015625e-01
5.827009081840515137e-01
7.132871150970458984e-01
5.242161154747009277e-01
7.125903964042663574e-01
6.115719676017761230e-01
5.459026098251342773e-01
6.381267905235290527e-01
5.071623921394348145e-01
6.878517866134643555e-01
7.202019691467285156e-01
5.867649912834167480e-01
6.711136102676391602e-01
6.611107587814331055e-01
4.664812982082366943e-01
5.243022441864013672e-01
6.048833131790161133e-01
6.555875539779663086e-01
6.451544165611267090e-01
7.087174654006958008e-01
4.785545468330383301e-01
4.762732386589050293e-01
6.477958559989929199e-01
7.054651975631713867e-01
5.649923086166381836e-01
6.376810073852539062e-01
5.451999902725219727e-01
5.702289342880249023e-01
5.948659181594848633e-01
5.320773124694824219e-01
6.324431300163269043e-01
5.418041348457336426e-01
6.262992620468139648e-01
7.455044984817504883e-01
5.572514533996582031e-01
5.939126014709472656e-01
5.412635803222656250e-01
6.180545687675476074e-01
7.019859552383422852e-01
7.184435129165649414e-01
6.425457000732421875e-01
5.014375448226928711e-01
6.199864149093627930e-01
5.616730451583862305e-01
7.483167648315429688e-01
6.721047163009643555e-01
6.263868808746337891e-01
5.316510200500488281e-01
6.095388531684875488e-01
5.894560813903808594e-01
5.406849384307861328e-01
5.787231326103210449e-01
5.984938144683837891e-01
6.469998359680175781e-01
5.693613290786743164e-01
5.796667337417602539e-01
6.620069146156311035e-01
6.154861450195312500e-01
5.409395098686218262e-01
6.793401241302490234e-01
6.820499897003173828e-01
6.420308351516723633e-01
5.862237215042114258e-01
6.750886440277099609e-01
7.034121751785278320e-01
5.587622523307800293e-01
6.329421401023864746e-01
5.937232375144958496e-01
6.251943111419677734e-01
5.903046131134033203e-01
5.096708536148071289e-01
5.572512149810791016e-01
5.489053726196289062e-01
6.176762580871582031e-01
5.944238305091857910e-01
6.246702671051025391e-01
6.419255137443542480e-01
6.551016569137573242e-01
5.500419735908508301e-01
7.643933296203613281e-01
6.253710985183715820e-01
5.925520658493041992e-01
6.548455357551574707e-01
6.622149944305419922e-01
5.697329044342041016e-01
6.964159011840820312e-01
6.624165177345275879e-01
6.462962627410888672e-01
6.679961085319519043e-01
6.349267363548278809e-01
7.013612389564514160e-01
6.137661337852478027e-01
6.235213875770568848e-01
7.024194598197937012e-01
6.237795352935791016e-01
5.344938039779663086e-01
6.701490283012390137e-01
6.181967258453369141e-01
7.139710187911987305e-01
6.031713485717773438e-01
6.273002624511718750e-01
6.330374479293823242e-01
5.792113542556762695e-01
6.628859043121337891e-01
5.934453606605529785e-01
8.070422410964965820e-01
5.786983966827392578e-01
5.663686990737915039e-01
6.529456377029418945e-01
6.860713362693786621e-01
5.365447998046875000e-01
5.445013046264648438e-01
6.694192290306091309e-01
6.686944365501403809e-01
6.280020475387573242e-01
5.141704678535461426e-01
5.643714070320129395e-01
6.377946138381958008e-01
5.516284704208374023e-01
6.571221947669982910e-01
5.302268266677856445e-01
7.914740443229675293e-01
6.347458362579345703e-01
5.445927381515502930e-01
5.290083885192871094e-01
5.319645404815673828e-01
4.933254718780517578e-01
4.694464206695556641e-01
5.313961505889892578e-01
7.079863548278808594e-01
6.270298957824707031e-01
4.661806225776672363e-01
5.774314999580383301e-01
6.103768348693847656e-01
4.723735451698303223e-01
6.532688736915588379e-01
5.737248659133911133e-01
4.803519845008850098e-01
5.174223184585571289e-01
5.562493801116943359e-01
4.991475045680999756e-01
6.012485027313232422e-01
6.128065586090087891e-01
5.925292968750000000e-01
6.155466437339782715e-01
4.831517338752746582e-01
5.092753171920776367e-01
5.208075046539306641e-01
6.701686382293701172e-01
4.909700453281402588e-01
5.429372787475585938e-01
6.621972322463989258e-01
5.757566690444946289e-01
5.430729389190673828e-01
4.893479347229003906e-01
5.616964101791381836e-01
5.880435705184936523e-01
6.642772555351257324e-01
6.759179830551147461e-01
4.774230718612670898e-01
5.031591653823852539e-01
6.222602725028991699e-01
5.395542979240417480e-01
5.919436216354370117e-01
5.747960805892944336e-01
6.819748878479003906e-01
5.710294246673583984e-01
5.617079734802246094e-01
5.784581899642944336e-01
5.675476789474487305e-01
6.099876165390014648e-01
5.323613882064819336e-01
5.024982690811157227e-01
6.049143671989440918e-01
6.806656122207641602e-01
4.806800782680511475e-01
6.116014719009399414e-01
6.701719760894775391e-01
5.621317625045776367e-01
5.640510320663452148e-01
5.915713310241699219e-01
5.059829950332641602e-01
6.327793598175048828e-01
5.447320938110351562e-01
7.085037231445312500e-01
6.170058846473693848e-01
6.523550152778625488e-01
5.227907896041870117e-01
6.155879497528076172e-01
5.182128548622131348e-01
5.924007296562194824e-01
5.243244171142578125e-01
5.721573829650878906e-01
6.325615644454956055e-01
5.561745762825012207e-01
6.881892681121826172e-01
4.893679022789001465e-01
5.904590487480163574e-01
8.058884143829345703e-01
5.740732550621032715e-01
4.750488400459289551e-01
5.327011942863464355e-01
5.822021961212158203e-01
5.484215021133422852e-01
4.540142714977264404e-01
5.857669711112976074e-01
7.034240961074829102e-01
5.421420931816101074e-01
5.787504911422729492e-01
5.306130647659301758e-01
4.372698068618774414e-01
6.506853699684143066e-01
6.000740528106689453e-01
7.171050906181335449e-01
5.883309245109558105e-01
6.147693395614624023e-01
5.527126789093017578e-01
6.099885106086730957e-01
5.137017965316772461e-01
6.896592378616333008e-01
5.865727663040161133e-01
4.934593439102172852e-01
5.284213423728942871e-01
6.220836043357849121e-01
5.021665096282958984e-01
6.059675216674804688e-01
4.763060212135314941e-01
5.427800416946411133e-01
4.759731888771057129e-01
5.780839920043945312e-01
6.699820756912231445e-01
6.317852735519409180e-01
6.500003337860107422e-01
4.994040429592132568e-01
6.983437538146972656e-01
5.740627050399780273e-01
5.733792781829833984e-01
6.627613902091979980e-01
6.257346868515014648e-01
7.046042084693908691e-01
5.706881284713745117e-01
5.541234016418457031e-01
6.079446673393249512e-01
5.657943487167358398e-01
6.317072510719299316e-01
6.059852838516235352e-01
5.573666095733642578e-01
5.069376230239868164e-01
5.970469117164611816e-01
6.385912895202636719e-01
6.150704622268676758e-01
6.862167716026306152e-01
6.111814975738525391e-01
4.825266301631927490e-01
5.496408343315124512e-01
5.744125843048095703e-01
5.891247987747192383e-01
5.750040411949157715e-01
5.780791044235229492e-01
5.784393548965454102e-01
6.081117987632751465e-01
5.257203578948974609e-01
5.127372741699218750e-01
5.435225367546081543e-01
4.831052720546722412e-01
5.801994800567626953e-01
5.271009206771850586e-01
6.579737663269042969e-01
5.889152288436889648e-01
7.003153562545776367e-01
6.422647237777709961e-01
6.216762661933898926e-01
5.386638641357421875e-01
5.305938124656677246e-01
6.606664657592773438e-01
6.364660263061523438e-01
5.297908782958984375e-01
5.387531518936157227e-01
6.003152132034301758e-01
4.570984542369842529e-01
5.956650972366333008e-01
5.478920936584472656e-01
5.849505662918090820e-01
5.158911943435668945e-01
5.557141304016113281e-01
5.915600061416625977e-01
6.534123420715332031e-01
5.869257450103759766e-01
4.845083653926849365e-01
5.593750476837158203e-01
5.982224345207214355e-01
6.789280176162719727e-01
7.113213539123535156e-01
5.539813041687011719e-01
5.663053989410400391e-01
6.547334790229797363e-01
5.405671000480651855e-01
4.750796556472778320e-01
6.686493158340454102e-01
5.592072010040283203e-01
4.843190908432006836e-01
6.313513517379760742e-01
5.538669228553771973e-01
6.368614435195922852e-01
5.136090517044067383e-01
4.040598869323730469e-01
6.990488767623901367e-01
6.094701886177062988e-01
6.381345987319946289e-01
5.665246844291687012e-01
6.981821656227111816e-01
5.468289852142333984e-01
6.462043523788452148e-01
5.727556943893432617e-01
6.045105457305908203e-01
6.056632995605468750e-01
6.942717432975769043e-01
6.079173088073730469e-01
6.502604484558105469e-01
5.662640929222106934e-01
5.158892869949340820e-01
6.540262103080749512e-01
6.204918622970581055e-01
5.821486115455627441e-01
5.868860483169555664e-01
4.866268634796142578e-01
5.878915786743164062e-01
5.777607560157775879e-01
5.682086944580078125e-01
6.178017854690551758e-01
6.172622442245483398e-01
5.405418872833251953e-01
5.019307136535644531e-01
5.829545855522155762e-01
5.336052179336547852e-01
5.134906768798828125e-01
6.717418432235717773e-01
4.882417321205139160e-01
5.968402028083801270e-01
5.200361013412475586e-01
6.032571792602539062e-01
5.508286952972412109e-01
7.507973909378051758e-01
5.744689702987670898e-01
4.766042232513427734e-01
6.347327828407287598e-01
5.073267221450805664e-01
6.558254957199096680e-01
6.704627871513366699e-01
7.200260758399963379e-01
5.702142119407653809e-01
5.908879637718200684e-01
5.868247747421264648e-01
5.761101245880126953e-01
5.997124910354614258e-01
4.928346574306488037e-01
5.308197736740112305e-01
5.996309518814086914e-01
6.331303119659423828e-01
5.713195800781250000e-01
5.058486461639404297e-01
6.533175110816955566e-01
5.686951875686645508e-01
6.201020479202270508e-01
7.155811786651611328e-01
6.560275554656982422e-01
6.003340482711791992e-01
6.941394805908203125e-01
5.278085470199584961e-01
5.757536888122558594e-01
5.695359110832214355e-01
4.790863096714019775e-01
7.176942825317382812e-01
6.140261888504028320e-01
5.903693437576293945e-01
5.867326855659484863e-01
5.223802328109741211e-01
5.893261432647705078e-01
5.824892520904541016e-01
4.867520928382873535e-01
5.472742915153503418e-01
6.644732952117919922e-01
6.647151112556457520e-01
5.405777692794799805e-01
5.333128571510314941e-01
6.363798379898071289e-01
5.427446961402893066e-01
7.164616584777832031e-01
4.760417044162750244e-01
6.079737544059753418e-01
6.643642187118530273e-01
6.903336644172668457e-01
5.549842715263366699e-01
5.555737614631652832e-01
5.622994899749755859e-01
5.512402653694152832e-01
6.619400382041931152e-01
5.386798381805419922e-01
7.098718881607055664e-01
4.862445294857025146e-01
6.616929769515991211e-01
5.471405386924743652e-01
5.206284523010253906e-01
5.449760556221008301e-01
6.487939357757568359e-01
6.753743886947631836e-01
5.370468497276306152e-01
5.194236040115356445e-01
5.056775808334350586e-01
6.717521548271179199e-01
6.377775669097900391e-01
6.065109372138977051e-01
6.625236272811889648e-01
4.911184310913085938e-01
5.896017551422119141e-01
5.890288949012756348e-01
5.324248671531677246e-01
6.618094444274902344e-01
5.213528275489807129e-01
5.253667831420898438e-01
5.293652415275573730e-01
6.360430121421813965e-01
5.892918109893798828e-01
5.973380804061889648e-01
6.470265388488769531e-01
6.253141164779663086e-01
6.385984420776367188e-01
5.920269489288330078e-01
5.706589221954345703e-01
5.418029427528381348e-01
6.530355215072631836e-01
5.246670842170715332e-01
5.570291280746459961e-01
5.270380377769470215e-01
5.305829644203186035e-01
6.850225925445556641e-01
5.849259495735168457e-01
8.076949119567871094e-01
6.222403049468994141e-01
5.900026559829711914e-01
6.493293046951293945e-01
5.749499797821044922e-01
6.156424880027770996e-01
6.674783825874328613e-01
6.335198879241943359e-01
5.459532737731933594e-01
7.272462844848632812e-01
6.793055534362792969e-01
7.597173452377319336e-01
5.862677097320556641e-01
5.915956497192382812e-01
5.876181721687316895e-01
7.371568679809570312e-01
5.341129899024963379e-01
5.534475445747375488e-01
5.825188755989074707e-01
5.874899625778198242e-01
6.100398898124694824e-01
5.702889561653137207e-01
7.343559265136718750e-01
6.156841516494750977e-01
6.941444873809814453e-01
5.957522392272949219e-01
5.981070399284362793e-01
6.041170954704284668e-01
5.504075288772583008e-01
5.833991169929504395e-01
4.996100664138793945e-01
5.012063384056091309e-01
5.308632254600524902e-01
5.247748494148254395e-01
5.590940117835998535e-01
6.357420086860656738e-01
7.174134254455566406e-01
5.455019474029541016e-01
6.073364019393920898e-01
6.423888206481933594e-01
4.817841947078704834e-01
6.686271429061889648e-01
5.699766874313354492e-01
5.271346569061279297e-01
5.767861008644104004e-01
5.891423225402832031e-01
6.349893212318420410e-01
5.120154619216918945e-01
5.553247928619384766e-01
5.615025162696838379e-01
4.388072490692138672e-01
5.398222804069519043e-01
5.237420797348022461e-01
4.325907528400421143e-01
5.490903258323669434e-01
5.753988623619079590e-01
5.486959218978881836e-01
5.801687240600585938e-01
5.981222391128540039e-01
5.635775327682495117e-01
5.766848325729370117e-01
4.966487288475036621e-01
6.249196529388427734e-01
5.509430170059204102e-01
4.825565516948699951e-01
5.808631181716918945e-01
5.734258890151977539e-01
5.973672270774841309e-01
4.938578009605407715e-01
5.493037104606628418e-01
6.025651693344116211e-01
4.711652398109436035e-01
5.872780680656433105e-01
5.192733407020568848e-01
4.912829697132110596e-01
5.264517068862915039e-01
4.900527894496917725e-01
4.948231577873229980e-01
5.289098024368286133e-01
5.032107830047607422e-01
4.826867282390594482e-01
5.872188806533813477e-01
5.575914382934570312e-01
5.202465057373046875e-01
4.775308370590209961e-01
5.084042549133300781e-01
5.994421243667602539e-01
4.547608792781829834e-01
5.008682608604431152e-01
6.636614799499511719e-01
5.725533962249755859e-01
5.480645895004272461e-01
5.681660771369934082e-01
5.528343915939331055e-01
6.349067687988281250e-01
5.260729193687438965e-01
5.778331756591796875e-01
4.900938868522644043e-01
5.703141093254089355e-01
5.242270231246948242e-01
4.723150730133056641e-01
5.436226129531860352e-01
6.300723552703857422e-01
6.175248622894287109e-01
6.663283705711364746e-01
5.152454376220703125e-01
5.778716802597045898e-01
6.724418997764587402e-01
5.525708794593811035e-01
5.903714895248413086e-01
5.500280857086181641e-01
4.747996330261230469e-01
4.307160377502441406e-01
5.172276496887207031e-01
5.402048826217651367e-01
6.194725036621093750e-01
5.221584439277648926e-01
5.206078290939331055e-01
6.181760430335998535e-01
6.537151336669921875e-01
5.163620710372924805e-01
7.371011376380920410e-01
6.774922609329223633e-01
5.012847185134887695e-01
5.385759472846984863e-01
4.643754363059997559e-01
5.680735707283020020e-01
5.331760048866271973e-01
5.749450325965881348e-01
5.611319541931152344e-01
5.849908590316772461e-01
5.563121438026428223e-01
4.009688198566436768e-01
6.545274257659912109e-01
5.475310087203979492e-01
5.102024078369140625e-01
5.814901590347290039e-01
5.587874650955200195e-01
5.931010246276855469e-01
5.556697249412536621e-01
4.631057977676391602e-01
5.986969470977783203e-01
5.832294225692749023e-01
5.287662744522094727e-01
5.653742551803588867e-01
5.797104835510253906e-01
6.514748930931091309e-01
5.533428192138671875e-01
5.777300596237182617e-01
5.812823772430419922e-01
5.717843770980834961e-01
5.755174160003662109e-01
4.755584597587585449e-01
5.974671244621276855e-01
6.003450155258178711e-01
4.744309484958648682e-01
6.296300888061523438e-01
4.966146051883697510e-01
5.596047639846801758e-01
6.533806324005126953e-01
6.464886665344238281e-01
6.740909814834594727e-01
4.881357252597808838e-01
5.100367069244384766e-01
5.802571773529052734e-01
5.275515913963317871e-01
5.590754151344299316e-01
5.043966770172119141e-01
5.609294176101684570e-01
6.186957359313964844e-01
5.161027908325195312e-01
4.973730742931365967e-01
7.431752085685729980e-01
5.473394393920898438e-01
6.755211353302001953e-01
6.315129995346069336e-01
6.030923128128051758e-01
7.503328323364257812e-01
5.710214376449584961e-01
7.298133373260498047e-01
5.990979671478271484e-01
6.505185365676879883e-01
4.869615435600280762e-01
5.398241877555847168e-01
6.079853773117065430e-01
5.167929530143737793e-01
5.617752671241760254e-01
4.806336164474487305e-01
5.374972820281982422e-01
6.089072227478027344e-01
7.213615179061889648e-01
6.376395225524902344e-01
6.632938981056213379e-01
5.224690437316894531e-01
5.444461703300476074e-01
5.889767408370971680e-01
6.644420027732849121e-01
5.624053478240966797e-01
5.952652096748352051e-01
5.818865299224853516e-01
6.048020124435424805e-01
6.534795165061950684e-01
6.011372208595275879e-01
6.580044031143188477e-01
5.952568054199218750e-01
6.223164796829223633e-01
6.984365582466125488e-01
6.172953248023986816e-01
5.868607759475708008e-01
5.063262581825256348e-01
6.546497344970703125e-01
6.141028404235839844e-01
4.674502611160278320e-01
5.647403001785278320e-01
6.696169972419738770e-01
4.628013968467712402e-01
6.604510545730590820e-01
4.796311557292938232e-01
5.378590822219848633e-01
6.290885210037231445e-01
6.397305727005004883e-01
5.618032217025756836e-01
5.633465647697448730e-01
4.996120333671569824e-01
6.976399421691894531e-01
4.640643596649169922e-01
6.144561171531677246e-01
4.512875080108642578e-01
5.011765360832214355e-01
5.531135201454162598e-01
4.782088100910186768e-01
4.943993687629699707e-01
6.026700735092163086e-01
5.281766057014465332e-01
6.532696485519409180e-01
6.381653547286987305e-01
6.010373234748840332e-01
5.338850021362304688e-01
4.825458824634552002e-01
6.216149330139160156e-01
5.960913896560668945e-01
5.855445861816406250e-01
6.992771625518798828e-01
5.719706416130065918e-01
6.082732677459716797e-01
5.045640468597412109e-01
5.622618198394775391e-01
5.643314123153686523e-01
5.099776983261108398e-01
5.522290468215942383e-01
5.080311298370361328e-01
5.416392087936401367e-01
5.108147859573364258e-01
7.399687170982360840e-01
5.503456592559814453e-01
5.814299583435058594e-01
5.501610040664672852e-01
6.028523445129394531e-01
5.805956721305847168e-01
5.103426575660705566e-01
5.854703783988952637e-01
4.669863879680633545e-01
5.973649621009826660e-01
5.993407964706420898e-01
6.437623500823974609e-01
5.463442206382751465e-01
6.107644438743591309e-01
6.920260787010192871e-01
5.394641757011413574e-01
5.144523382186889648e-01
6.135155558586120605e-01
6.157784461975097656e-01
6.539290547370910645e-01
6.062141656875610352e-01
7.023196220397949219e-01
5.484952330589294434e-01
5.901446342468261719e-01
6.584064364433288574e-01
6.594059467315673828e-01
5.285623669624328613e-01
6.661708354949951172e-01
6.410049200057983398e-01
5.829074978828430176e-01
6.056595444679260254e-01
5.591932535171508789e-01
4.941705465316772461e-01
5.278500318527221680e-01
5.669705867767333984e-01
5.772916078567504883e-01
5.797059535980224609e-01
4.666209816932678223e-01
5.642341375350952148e-01
5.537717938423156738e-01
5.880934000015258789e-01
5.168794393539428711e-01
5.384495258331298828e-01
6.470825076103210449e-01
5.751878023147583008e-01
5.117083191871643066e-01
6.134248971939086914e-01
6.059681177139282227e-01
4.513525366783142090e-01
6.972459554672241211e-01
6.091802120208740234e-01
5.488257408142089844e-01
5.884919166564941406e-01
6.061413288116455078e-01
5.819669961929321289e-01
5.363426804542541504e-01
6.416279673576354980e-01
5.558716058731079102e-01
5.306125879287719727e-01
4.773835539817810059e-01
6.332068443298339844e-01
6.675034761428833008e-01
6.212940812110900879e-01
6.811971664428710938e-01
5.868167281150817871e-01
6.258937120437622070e-01
7.002245187759399414e-01
6.196923255920410156e-01
5.597896575927734375e-01
5.836495757102966309e-01
5.492537021636962891e-01
5.976446270942687988e-01
5.546816587448120117e-01
6.349056959152221680e-01
5.262000560760498047e-01
6.978384256362915039e-01
5.662989616394042969e-01
5.458538532257080078e-01
6.593906879425048828e-01
5.164668560028076172e-01
6.133264303207397461e-01
5.078130364418029785e-01
5.427058935165405273e-01
6.443470716476440430e-01
5.690767168998718262e-01
6.256589889526367188e-01
5.501558780670166016e-01
5.432258844375610352e-01
5.996292233467102051e-01
6.982276439666748047e-01
6.253516674041748047e-01
6.328306794166564941e-01
7.032939195632934570e-01
7.108891010284423828e-01
5.799553394317626953e-01
5.887147784233093262e-01
6.868990659713745117e-01
5.495142340660095215e-01
5.207458734512329102e-01
4.951400160789489746e-01
6.416143774986267090e-01
5.443075895309448242e-01
5.469314455986022949e-01
6.207715868949890137e-01
5.545455813407897949e-01
5.700336098670959473e-01
4.161514639854431152e-01
6.484087705612182617e-01
6.244570612907409668e-01
4.874393045902252197e-01
5.189922451972961426e-01
5.657151937484741211e-01
5.598040223121643066e-01
6.246039867401123047e-01
5.149898529052734375e-01
6.181672811508178711e-01
5.798879861831665039e-01
7.112067937850952148e-01
4.848235845565795898e-01
5.769265890121459961e-01
6.161223649978637695e-01
5.902971029281616211e-01
4.644645750522613525e-01
6.621828079223632812e-01
5.478295087814331055e-01
5.440239906311035156e-01
5.849153995513916016e-01
4.899349212646484375e-01
6.285161972045898438e-01
6.921297311782836914e-01
5.554047822952270508e-01
5.807285904884338379e-01
5.688307285308837891e-01
5.519560575485229492e-01
6.181777715682983398e-01
5.121730566024780273e-01
6.557464599609375000e-01
5.684475898742675781e-01
6.305845975875854492e-01
4.931826591491699219e-01
6.777526736259460449e-01
5.941371917724609375e-01
4.814337193965911865e-01
4.953050613403320312e-01
4.916946291923522949e-01
3.662930727005004883e-01
4.674513936042785645e-01
5.139399766921997070e-01
5.055096745491027832e-01
5.966700911521911621e-01
5.514881610870361328e-01
5.693608522415161133e-01
4.895949065685272217e-01
5.868250131607055664e-01
4.467013478279113770e-01
5.948873162269592285e-01
4.164268970489501953e-01
6.000509262084960938e-01
5.738959908485412598e-01
6.097759604454040527e-01
4.609023332595825195e-01
5.205044150352478027e-01
5.914936065673828125e-01
5.178306102752685547e-01
5.140188932418823242e-01
4.678822755813598633e-01
5.920501351356506348e-01
5.448024868965148926e-01
4.576587080955505371e-01
4.503352046012878418e-01
4.282552897930145264e-01
5.000413656234741211e-01
4.843218326568603516e-01
5.457767844200134277e-01
5.339310765266418457e-01
5.066286325454711914e-01
5.081290006637573242e-01
5.349709391593933105e-01
5.385704040527343750e-01
5.274653434753417969e-01
5.000638365745544434e-01
6.437377929687500000e-01
5.448189973831176758e-01
4.703001379966735840e-01
5.558539628982543945e-01
6.304982900619506836e-01
5.129952430725097656e-01
5.722619891166687012e-01
5.180897712707519531e-01
4.732435345649719238e-01
4.634199440479278564e-01
4.790884256362915039e-01
5.100214481353759766e-01
6.092842817306518555e-01
5.534602403640747070e-01
5.907979607582092285e-01
4.991844296455383301e-01
6.505719423294067383e-01
5.276167392730712891e-01
4.544425606727600098e-01
5.263215899467468262e-01
6.083663702011108398e-01
6.091995239257812500e-01
5.220712423324584961e-01
5.655081868171691895e-01
5.823396444320678711e-01
5.243267416954040527e-01
6.040275096893310547e-01
6.057466268539428711e-01
4.579148888587951660e-01
6.584401130676269531e-01
5.275714397430419922e-01
5.942129492759704590e-01
4.850661754608154297e-01
5.715005993843078613e-01
5.729043483734130859e-01
5.919849872589111328e-01
4.461681246757507324e-01
5.279328823089599609e-01
6.430694460868835449e-01
5.524356365203857422e-01
4.514576494693756104e-01
4.477055668830871582e-01
4.876478314399719238e-01
5.467840433120727539e-01
5.863027572631835938e-01
4.626411497592926025e-01
5.280231237411499023e-01
5.710812211036682129e-01
4.741933941841125488e-01
5.053285956382751465e-01
5.424325466156005859e-01
5.767667293548583984e-01
5.512555837631225586e-01
4.493955969810485840e-01
5.830264687538146973e-01
6.972390413284301758e-01
6.006971597671508789e-01
6.305322647094726562e-01
4.564063549041748047e-01
4.751207828521728516e-01
6.105552911758422852e-01
4.577080905437469482e-01
4.790269732475280762e-01
6.175838708877563477e-01
5.591248273849487305e-01
5.430476069450378418e-01
5.803915262222290039e-01
5.326167345046997070e-01
6.063500642776489258e-01
5.217460989952087402e-01
5.941790938377380371e-01
6.438120603561401367e-01
5.630223155021667480e-01
5.656353831291198730e-01
5.695130228996276855e-01
5.727657079696655273e-01
5.526137351989746094e-01
5.870445966720581055e-01
5.332373380661010742e-01
5.633698701858520508e-01
5.612430572509765625e-01
4.738844037055969238e-01
5.135803222656250000e-01
4.998027086257934570e-01
4.990747570991516113e-01
5.756673812866210938e-01
5.985550284385681152e-01
5.554996728897094727e-01
4.567674100399017334e-01
5.441784858703613281e-01
6.173679828643798828e-01
5.645692348480224609e-01
5.050041079521179199e-01
5.143595933914184570e-01
6.186218261718750000e-01
5.224187374114990234e-01
5.214983224868774414e-01
4.867573082447052002e-01
4.767477214336395264e-01
5.678322315216064453e-01
5.801814794540405273e-01
4.272057414054870605e-01
5.466583967208862305e-01
6.808878779411315918e-01
6.144298911094665527e-01
5.678936839103698730e-01
4.784570336341857910e-01
5.125062465667724609e-01
5.284479856491088867e-01
5.957322120666503906e-01
5.804139375686645508e-01
5.338436365127563477e-01
4.703864157199859619e-01
5.085694789886474609e-01
5.553500652313232422e-01
6.892442703247070312e-01
5.520492792129516602e-01
5.064702033996582031e-01
5.835430622100830078e-01
5.443633794784545898e-01
5.720735788345336914e-01
5.093057155609130859e-01
5.917408466339111328e-01
4.585524797439575195e-01
5.581606626510620117e-01
5.140987634658813477e-01
5.569700002670288086e-01
7.345319986343383789e-01
5.623278617858886719e-01
6.082106828689575195e-01
6.070791482925415039e-01
6.104595661163330078e-01
5.136789083480834961e-01
4.779055118560791016e-01
5.518064498901367188e-01
6.845939159393310547e-01
5.890237092971801758e-01
6.225312948226928711e-01
5.433647036552429199e-01
5.325161218643188477e-01
6.625965833663940430e-01
5.582954287528991699e-01
4.785034954547882080e-01
5.934741497039794922e-01
5.475263595581054688e-01
6.670562624931335449e-01
5.198609828948974609e-01
4.961403608322143555e-01
6.147854328155517578e-01
6.296765804290771484e-01
5.467861890792846680e-01
6.157385110855102539e-01
5.142856836318969727e-01
5.793781280517578125e-01
5.667391419410705566e-01
5.774192214012145996e-01
6.107746362686157227e-01
6.018260121345520020e-01
5.171607732772827148e-01
6.056029200553894043e-01
5.319241285324096680e-01
5.646073222160339355e-01
5.762538909912109375e-01
4.914985001087188721e-01
5.217136144638061523e-01
5.100845098495483398e-01
6.815405488014221191e-01
6.185415387153625488e-01
6.276893615722656250e-01
6.195915937423706055e-01
5.513739585876464844e-01
5.268719196319580078e-01
5.670313835144042969e-01
5.878280997276306152e-01
6.152782440185546875e-01
4.530007541179656982e-01
6.377208232879638672e-01
4.691546559333801270e-01
5.794633030891418457e-01
5.301048159599304199e-01
5.810980796813964844e-01
5.511261224746704102e-01
5.169467926025390625e-01
5.642709732055664062e-01
6.129398941993713379e-01
4.567214548587799072e-01
5.852149128913879395e-01
6.159375905990600586e-01
5.118267536163330078e-01
5.239321589469909668e-01
6.168153285980224609e-01
5.645328760147094727e-01
6.433725953102111816e-01
5.472260713577270508e-01
5.236778259277343750e-01
5.815119147300720215e-01
5.624902248382568359e-01
5.225239396095275879e-01
5.504722595214843750e-01
6.373696327209472656e-01
5.875294804573059082e-01
5.518528819084167480e-01
5.378332138061523438e-01
5.767381191253662109e-01
5.687489509582519531e-01
6.874281167984008789e-01
7.424550652503967285e-01
5.489600896835327148e-01
5.276446342468261719e-01
4.957119524478912354e-01
6.126235127449035645e-01
4.505603015422821045e-01
5.664046406745910645e-01
5.380452871322631836e-01
6.086696386337280273e-01
6.058744192123413086e-01
6.079450845718383789e-01
6.716777682304382324e-01
6.024104356765747070e-01
5.127015709877014160e-01
6.554573774337768555e-01
4.896935820579528809e-01
5.028374791145324707e-01
6.164984107017517090e-01
6.000167131423950195e-01
5.031238794326782227e-01
5.456780195236206055e-01
5.301882028579711914e-01
6.235536932945251465e-01
5.750672817230224609e-01
6.182364225387573242e-01
5.764346122741699219e-01
6.523057222366333008e-01
5.734553337097167969e-01
5.464065670967102051e-01
6.158119440078735352e-01
5.721703767776489258e-01
6.039450764656066895e-01
6.122925877571105957e-01
5.559461116790771484e-01
6.038295030593872070e-01
5.731204152107238770e-01
6.151419878005981445e-01
5.313658714294433594e-01
5.061329603195190430e-01
5.820877552032470703e-01
6.206896901130676270e-01
5.495116114616394043e-01
5.425068140029907227e-01
7.206552028656005859e-01
5.988135933876037598e-01
5.812465548515319824e-01
6.062858700752258301e-01
6.942636966705322266e-01
5.671365261077880859e-01
6.520750522613525391e-01
5.791666507720947266e-01
5.677573680877685547e-01
6.109834909439086914e-01
4.977444708347320557e-01
5.551983118057250977e-01
7.328212261199951172e-01
5.637967586517333984e-01
5.248234272003173828e-01
4.803240299224853516e-01
5.906098484992980957e-01
5.650304555892944336e-01
5.912883281707763672e-01
6.742065548896789551e-01
7.094449400901794434e-01
4.789794087409973145e-01
5.529549121856689453e-01
5.850183367729187012e-01
5.792494416236877441e-01
6.158481836318969727e-01
5.358071327209472656e-01
5.429011583328247070e-01
6.244288682937622070e-01
6.606389284133911133e-01
6.250234246253967285e-01
5.076438784599304199e-01
4.987044036388397217e-01
6.014178991317749023e-01
5.100799202919006348e-01
6.802197694778442383e-01
5.396831631660461426e-01
5.502181053161621094e-01
7.245299220085144043e-01
4.751912951469421387e-01
5.167140364646911621e-01
4.721474051475524902e-01
6.073186397552490234e-01
4.816101789474487305e-01
5.191266536712646484e-01
5.610598325729370117e-01
5.146378874778747559e-01
6.239263415336608887e-01
4.155444502830505371e-01
5.390188694000244141e-01
5.230723023414611816e-01
5.585899353027343750e-01
6.061214208602905273e-01
6.119461059570312500e-01
5.394836664199829102e-01
6.871812343597412109e-01
7.257962822914123535e-01
5.226981639862060547e-01
5.789609551429748535e-01
6.847575902938842773e-01
5.227050781250000000e-01
5.813524127006530762e-01
5.701405405998229980e-01
6.329348087310791016e-01
5.361670255661010742e-01
6.014277935028076172e-01
5.755294561386108398e-01
