1.451478672027587891e+01
1.332495689392089844e+01
1.321256256103515625e+01
1.379762077331542969e+01
1.348853874206542969e+01
1.242240333557128906e+01
1.265733337402343750e+01
1.300814914703369141e+01
1.232991218566894531e+01
1.193572330474853516e+01
1.274979305267333984e+01
1.265149116516113281e+01
1.252270221710205078e+01
1.230114555358886719e+01
1.281815242767333984e+01
1.214703941345214844e+01
1.219384860992431641e+01
1.154554176330566406e+01
1.036802101135253906e+01
1.099611282348632812e+01
1.109873294830322266e+01
1.058920478820800781e+01
1.032831192016601562e+01
9.693219184875488281e+00
9.993966102600097656e+00
9.668416976928710938e+00
9.404696464538574219e+00
9.045323371887207031e+00
8.364232063293457031e+00
8.041423797607421875e+00
7.671467781066894531e+00
7.325063705444335938e+00
6.738440513610839844e+00
6.391860008239746094e+00
6.101429939270019531e+00
5.580584526062011719e+00
4.790659904479980469e+00
4.751604080200195312e+00
4.455360412597656250e+00
3.858344078063964844e+00
3.151781082153320312e+00
2.929492473602294922e+00
2.779203891754150391e+00
2.198893547058105469e+00
1.863918781280517578e+00
2.064657926559448242e+00
1.874157428741455078e+00
1.483825922012329102e+00
1.707197666168212891e+00
1.454289436340332031e+00
1.557213783264160156e+00
1.752016186714172363e+00
1.613094806671142578e+00
1.456938028335571289e+00
1.548938989639282227e+00
1.457769632339477539e+00
1.975388765335083008e+00
1.725900650024414062e+00
1.713524818420410156e+00
1.517698526382446289e+00
1.602102279663085938e+00
1.345079898834228516e+00
1.437605619430541992e+00
1.349784612655639648e+00
1.061350584030151367e+00
1.177612066268920898e+00
1.115420341491699219e+00
1.101769208908081055e+00
1.157385110855102539e+00
1.295276641845703125e+00
1.222702503204345703e+00
1.305260896682739258e+00
9.753676652908325195e-01
1.142441272735595703e+00
1.234667897224426270e+00
1.004798173904418945e+00
9.754168987274169922e-01
1.092376232147216797e+00
1.130632042884826660e+00
1.145726442337036133e+00
1.052206754684448242e+00
1.248796343803405762e+00
1.086284160614013672e+00
1.003598570823669434e+00
1.091759324073791504e+00
8.557191491127014160e-01
1.038551449775695801e+00
1.058164119720458984e+00
1.085307121276855469e+00
9.811201095581054688e-01
9.413602948188781738e-01
9.970295429229736328e-01
1.130143523216247559e+00
8.305593729019165039e-01
1.034940481185913086e+00
9.382158517837524414e-01
1.041777372360229492e+00
9.164077043533325195e-01
1.048426270484924316e+00
9.915649294853210449e-01
1.136983752250671387e+00
8.943841457366943359e-01
9.042571783065795898e-01
8.325154781341552734e-01
1.094049692153930664e+00
1.023232579231262207e+00
8.852893114089965820e-01
8.504598140716552734e-01
9.211309552192687988e-01
9.853891134262084961e-01
8.409929275512695312e-01
9.943950176239013672e-01
9.637275934219360352e-01
9.267888069152832031e-01
8.548626899719238281e-01
9.968978166580200195e-01
9.275680184364318848e-01
9.159480333328247070e-01
9.676175713539123535e-01
1.023533344268798828e+00
9.742598533630371094e-01
9.286825656890869141e-01
9.942995309829711914e-01
8.757623434066772461e-01
9.358795881271362305e-01
9.945694804191589355e-01
9.592600464820861816e-01
1.035722494125366211e+00
1.154294729232788086e+00
8.811105489730834961e-01
8.384889364242553711e-01
9.057560563087463379e-01
9.653567075729370117e-01
7.093312144279479980e-01
9.755879044532775879e-01
9.416385293006896973e-01
8.886759281158447266e-01
8.653007745742797852e-01
8.941628932952880859e-01
7.215940356254577637e-01
7.468992471694946289e-01
8.396084308624267578e-01
9.278464913368225098e-01
7.952167987823486328e-01
9.302418828010559082e-01
9.720707535743713379e-01
7.840867042541503906e-01
9.107167720794677734e-01
1.003925323486328125e+00
9.055606126785278320e-01
8.722062110900878906e-01
9.595640301704406738e-01
8.670358657836914062e-01
8.820099830627441406e-01
8.681497573852539062e-01
9.590529203414916992e-01
8.532502055168151855e-01
9.274923801422119141e-01
8.276798129081726074e-01
9.269096851348876953e-01
8.893903493881225586e-01
9.884378314018249512e-01
8.590335845947265625e-01
8.515183925628662109e-01
9.174381494522094727e-01
7.506847381591796875e-01
7.372773289680480957e-01
6.578661799430847168e-01
8.444613218307495117e-01
7.383466958999633789e-01
9.313192367553710938e-01
8.301775455474853516e-01
1.003803849220275879e+00
1.037213444709777832e+00
9.382352828979492188e-01
9.019324779510498047e-01
9.982756376266479492e-01
8.723979592323303223e-01
8.922983407974243164e-01
8.615806102752685547e-01
8.848373293876647949e-01
9.020748138427734375e-01
8.031714558601379395e-01
7.576730251312255859e-01
9.648668766021728516e-01
9.230688810348510742e-01
7.957295179367065430e-01
8.367651700973510742e-01
8.052444458007812500e-01
8.429275751113891602e-01
7.405791282653808594e-01
9.638919234275817871e-01
7.946894168853759766e-01
8.713032603263854980e-01
8.076537251472473145e-01
8.313902020454406738e-01
7.798519134521484375e-01
8.372166752815246582e-01
7.792069911956787109e-01
8.655520677566528320e-01
8.797715306282043457e-01
7.240723371505737305e-01
7.231771945953369141e-01
7.676271796226501465e-01
7.442988157272338867e-01
7.412170171737670898e-01
8.905202746391296387e-01
6.220122575759887695e-01
7.685080766677856445e-01
8.450316190719604492e-01
7.461659312248229980e-01
6.637986898422241211e-01
8.343648910522460938e-01
7.206635475158691406e-01
7.915612459182739258e-01
8.931286334991455078e-01
8.027998208999633789e-01
8.574160337448120117e-01
6.767754554748535156e-01
1.073154687881469727e+00
8.507984876632690430e-01
7.744114398956298828e-01
8.875454664230346680e-01
8.396832942962646484e-01
7.952721118927001953e-01
9.110959172248840332e-01
6.558541059494018555e-01
7.006570696830749512e-01
8.317679166793823242e-01
9.549878239631652832e-01
8.175987005233764648e-01
7.487700581550598145e-01
9.966667890548706055e-01
8.475013971328735352e-01
8.489474058151245117e-01
9.079920053482055664e-01
8.055839538574218750e-01
8.271540403366088867e-01
8.221457004547119141e-01
8.239638805389404297e-01
7.707801461219787598e-01
8.924324512481689453e-01
7.515298128128051758e-01
7.723561525344848633e-01
7.768664360046386719e-01
9.927111864089965820e-01
7.639548182487487793e-01
8.500261902809143066e-01
7.191784381866455078e-01
8.999732732772827148e-01
7.004905343055725098e-01
8.706853389739990234e-01
8.916056752204895020e-01
7.520782947540283203e-01
6.076946258544921875e-01
7.081279158592224121e-01
8.754502534866333008e-01
7.648648619651794434e-01
8.543230891227722168e-01
8.056792616844177246e-01
8.262923955917358398e-01
7.224291563034057617e-01
8.088972568511962891e-01
8.437863588333129883e-01
8.173503875732421875e-01
8.822885751724243164e-01
7.603967189788818359e-01
7.964115142822265625e-01
9.524852037429809570e-01
9.579159617424011230e-01
7.128692865371704102e-01
7.620694637298583984e-01
8.280693292617797852e-01
7.467316389083862305e-01
7.405425310134887695e-01
8.682700395584106445e-01
9.336090087890625000e-01
8.450872302055358887e-01
9.152258634567260742e-01
7.757118940353393555e-01
8.320519328117370605e-01
8.322933912277221680e-01
8.312588334083557129e-01
9.378751516342163086e-01
7.682887315750122070e-01
8.678511977195739746e-01
7.765256762504577637e-01
6.768444776535034180e-01
8.124536275863647461e-01
7.763475179672241211e-01
7.378053665161132812e-01
7.703182697296142578e-01
7.571177482604980469e-01
7.331998944282531738e-01
9.324842691421508789e-01
8.408210277557373047e-01
8.168577551841735840e-01
7.857112288475036621e-01
8.453781604766845703e-01
8.379504680633544922e-01
8.882690668106079102e-01
9.445755481719970703e-01
8.378881216049194336e-01
7.823261022567749023e-01
7.839038372039794922e-01
7.219469547271728516e-01
8.472249507904052734e-01
8.385523557662963867e-01
7.516441345214843750e-01
7.465847730636596680e-01
9.377282857894897461e-01
7.716492414474487305e-01
8.167784810066223145e-01
8.189138174057006836e-01
7.887914180755615234e-01
7.618995904922485352e-01
7.051248550415039062e-01
6.357871294021606445e-01
8.399804830551147461e-01
8.632192611694335938e-01
9.170733094215393066e-01
8.451145291328430176e-01
9.189746975898742676e-01
6.937849521636962891e-01
7.702714800834655762e-01
7.322317361831665039e-01
8.351870775222778320e-01
8.987075686454772949e-01
7.595108151435852051e-01
8.342722654342651367e-01
9.872422218322753906e-01
7.401262521743774414e-01
7.774523496627807617e-01
7.736170291900634766e-01
9.091444015502929688e-01
8.016261458396911621e-01
7.479449510574340820e-01
7.409742474555969238e-01
7.621974349021911621e-01
7.088597416877746582e-01
6.701370477676391602e-01
9.325795173645019531e-01
8.007665872573852539e-01
9.785177111625671387e-01
9.603631496429443359e-01
6.833028793334960938e-01
7.032546401023864746e-01
7.881013154983520508e-01
8.021708726882934570e-01
6.432822346687316895e-01
8.886706829071044922e-01
7.663666009902954102e-01
7.855623960494995117e-01
7.916628122329711914e-01
7.231642603874206543e-01
7.507336139678955078e-01
7.007498741149902344e-01
7.159322500228881836e-01
7.484551668167114258e-01
7.355018854141235352e-01
7.632728815078735352e-01
6.748205423355102539e-01
7.930577993392944336e-01
6.117110252380371094e-01
6.871937513351440430e-01
6.395091414451599121e-01
7.218111753463745117e-01
7.582369446754455566e-01
6.663815379142761230e-01
6.974758505821228027e-01
6.309401988983154297e-01
5.757545232772827148e-01
7.470995187759399414e-01
6.259477138519287109e-01
7.388611435890197754e-01
7.629498243331909180e-01
6.479262709617614746e-01
5.843108296394348145e-01
7.100813984870910645e-01
5.678855180740356445e-01
7.273859381675720215e-01
7.593044042587280273e-01
5.431270599365234375e-01
7.829078435897827148e-01
6.405924558639526367e-01
6.613192558288574219e-01
7.416775226593017578e-01
7.830955386161804199e-01
6.161821484565734863e-01
8.347253799438476562e-01
6.300277709960937500e-01
7.897810935974121094e-01
8.050661087036132812e-01
6.433576345443725586e-01
6.460697054862976074e-01
8.037710189819335938e-01
9.257721900939941406e-01
7.484603524208068848e-01
8.047890663146972656e-01
6.909110546112060547e-01
7.213453650474548340e-01
8.615264892578125000e-01
7.127885222434997559e-01
7.219883203506469727e-01
7.765817642211914062e-01
6.652102470397949219e-01
6.982803344726562500e-01
7.973613739013671875e-01
7.544138431549072266e-01
7.029291987419128418e-01
7.241861224174499512e-01
7.998740077018737793e-01
6.248873472213745117e-01
7.225164175033569336e-01
8.743236064910888672e-01
7.252436876296997070e-01
7.692790627479553223e-01
7.622290849685668945e-01
7.644217610359191895e-01
7.172333002090454102e-01
8.557313680648803711e-01
7.476154565811157227e-01
7.525968551635742188e-01
8.463027477264404297e-01
7.809028625488281250e-01
8.218241930007934570e-01
7.877342700958251953e-01
7.264312505722045898e-01
7.765927910804748535e-01
8.815772533416748047e-01
7.029321789741516113e-01
8.373550772666931152e-01
7.923259735107421875e-01
7.936061620712280273e-01
8.003634214401245117e-01
7.303596735000610352e-01
7.472260594367980957e-01
7.543166279792785645e-01
7.278873920440673828e-01
7.387022972106933594e-01
7.883079051971435547e-01
7.510686516761779785e-01
7.657078504562377930e-01
7.010631561279296875e-01
7.757597565650939941e-01
5.553622841835021973e-01
7.040514349937438965e-01
7.303856611251831055e-01
7.420543432235717773e-01
8.302209377288818359e-01
6.594710350036621094e-01
7.582573890686035156e-01
7.482408285140991211e-01
7.414694428443908691e-01
7.714676260948181152e-01
8.098905086517333984e-01
6.941182613372802734e-01
8.850126266479492188e-01
8.061416149139404297e-01
7.086168527603149414e-01
7.726647853851318359e-01
7.617464065551757812e-01
6.610218286514282227e-01
7.458900213241577148e-01
6.777219772338867188e-01
6.808332204818725586e-01
7.000447511672973633e-01
7.451902627944946289e-01
7.905080914497375488e-01
6.735941171646118164e-01
7.771936655044555664e-01
5.842772126197814941e-01
7.878023386001586914e-01
7.590025663375854492e-01
6.795614361763000488e-01
7.847540378570556641e-01
8.141748309135437012e-01
7.898894548416137695e-01
7.406878471374511719e-01
7.329079508781433105e-01
7.165243625640869141e-01
7.454336881637573242e-01
8.146399259567260742e-01
7.721277475357055664e-01
6.957944631576538086e-01
8.237898349761962891e-01
8.242543935775756836e-01
7.582986354827880859e-01
8.507926464080810547e-01
7.328112125396728516e-01
8.748584985733032227e-01
7.456075549125671387e-01
8.168873786926269531e-01
7.720131874084472656e-01
5.350867509841918945e-01
6.594616174697875977e-01
6.647042036056518555e-01
9.852916002273559570e-01
7.493371963500976562e-01
7.044731378555297852e-01
7.064992785453796387e-01
8.159781694412231445e-01
7.524905204772949219e-01
7.419373989105224609e-01
6.097047328948974609e-01
8.987662196159362793e-01
9.187552928924560547e-01
7.016915082931518555e-01
9.128289222717285156e-01
9.073503017425537109e-01
7.361683845520019531e-01
7.541346549987792969e-01
7.347471714019775391e-01
8.299593925476074219e-01
6.629518270492553711e-01
7.562422752380371094e-01
7.517200708389282227e-01
7.838762402534484863e-01
7.432340383529663086e-01
7.686880230903625488e-01
7.761436700820922852e-01
6.763398051261901855e-01
6.271091699600219727e-01
8.105486035346984863e-01
7.238213419914245605e-01
6.743940114974975586e-01
6.228068470954895020e-01
7.469964027404785156e-01
5.957813262939453125e-01
9.815316200256347656e-01
8.144652843475341797e-01
7.412159442901611328e-01
7.428478598594665527e-01
8.160101175308227539e-01
8.139808177947998047e-01
9.175366759300231934e-01
8.234218955039978027e-01
7.415400147438049316e-01
6.876949071884155273e-01
7.282493114471435547e-01
7.887918353080749512e-01
6.404845714569091797e-01
7.563707232475280762e-01
6.727684140205383301e-01
7.663998603820800781e-01
7.874432802200317383e-01
7.334147691726684570e-01
6.794297099113464355e-01
7.419182062149047852e-01
7.452009916305541992e-01
8.643392920494079590e-01
7.484343647956848145e-01
6.907790899276733398e-01
8.082684278488159180e-01
8.420217633247375488e-01
5.915776491165161133e-01
7.352223396301269531e-01
8.759772777557373047e-01
6.790868043899536133e-01
7.737923264503479004e-01
7.505849599838256836e-01
7.874655723571777344e-01
6.440832614898681641e-01
7.392389774322509766e-01
6.620278358459472656e-01
8.433915972709655762e-01
7.348766326904296875e-01
6.371653079986572266e-01
8.488019704818725586e-01
9.013787508010864258e-01
6.785483956336975098e-01
7.159942984580993652e-01
6.612882614135742188e-01
7.609775662422180176e-01
7.777655124664306641e-01
7.337794303894042969e-01
7.756577730178833008e-01
7.528260946273803711e-01
7.270215749740600586e-01
8.241053819656372070e-01
7.894315719604492188e-01
7.177587747573852539e-01
7.700027227401733398e-01
9.340742230415344238e-01
7.358938455581665039e-01
9.082139730453491211e-01
7.854911684989929199e-01
7.046349048614501953e-01
7.703267335891723633e-01
7.446150779724121094e-01
7.959975600242614746e-01
7.094776034355163574e-01
8.792455196380615234e-01
7.969506978988647461e-01
6.699192523956298828e-01
8.114724159240722656e-01
6.727641224861145020e-01
7.098169922828674316e-01
8.627938628196716309e-01
8.097634315490722656e-01
8.150832653045654297e-01
7.625946402549743652e-01
8.280065655708312988e-01
7.685893774032592773e-01
6.549254655838012695e-01
6.970529556274414062e-01
8.585183024406433105e-01
7.624449729919433594e-01
5.936970710754394531e-01
8.804910182952880859e-01
7.989722490310668945e-01
8.236176967620849609e-01
7.644978165626525879e-01
7.594803571701049805e-01
8.164240717887878418e-01
7.269487977027893066e-01
1.038145065307617188e+00
7.383648753166198730e-01
6.109409332275390625e-01
9.172970056533813477e-01
8.234013915061950684e-01
7.423499822616577148e-01
7.263826131820678711e-01
7.628262639045715332e-01
8.238074779510498047e-01
5.856059789657592773e-01
8.340148329734802246e-01
8.275661468505859375e-01
8.412997722625732422e-01
7.243551015853881836e-01
7.160691618919372559e-01
6.783072948455810547e-01
8.240810036659240723e-01
8.007206916809082031e-01
7.706050872802734375e-01
9.888503551483154297e-01
7.030566930770874023e-01
7.982361912727355957e-01
6.470609903335571289e-01
8.682868480682373047e-01
7.598839998245239258e-01
9.683839082717895508e-01
6.844339966773986816e-01
7.023720741271972656e-01
8.715337514877319336e-01
7.518508434295654297e-01
6.405695676803588867e-01
8.557271957397460938e-01
9.388908147811889648e-01
7.287678718566894531e-01
7.144052386283874512e-01
7.228164076805114746e-01
8.149610757827758789e-01
8.499750494956970215e-01
7.682747840881347656e-01
6.802946329116821289e-01
6.869735717773437500e-01
5.761536955833435059e-01
7.341865897178649902e-01
7.826902866363525391e-01
7.226677536964416504e-01
7.878618240356445312e-01
8.414822220802307129e-01
8.400100469589233398e-01
8.377035260200500488e-01
8.079693317413330078e-01
8.417441248893737793e-01
7.865426540374755859e-01
7.800029516220092773e-01
6.486397981643676758e-01
7.069627642631530762e-01
8.698423504829406738e-01
6.956526637077331543e-01
8.019523620605468750e-01
7.117851972579956055e-01
7.656490802764892578e-01
6.723524928092956543e-01
8.507674932479858398e-01
8.693857789039611816e-01
7.122237086296081543e-01
7.686241269111633301e-01
8.343077301979064941e-01
8.422141075134277344e-01
7.025728225708007812e-01
7.070447206497192383e-01
7.216419577598571777e-01
6.893533468246459961e-01
6.663721799850463867e-01
6.611375808715820312e-01
7.327634096145629883e-01
7.769720554351806641e-01
6.785534620285034180e-01
8.554119467735290527e-01
7.820879220962524414e-01
7.151725292205810547e-01
7.009231448173522949e-01
6.436418294906616211e-01
6.752860546112060547e-01
6.916114687919616699e-01
8.092900514602661133e-01
7.191108465194702148e-01
6.939503550529479980e-01
6.223914623260498047e-01
9.027632474899291992e-01
6.936784982681274414e-01
7.291288375854492188e-01
7.197597026824951172e-01
7.483127117156982422e-01
6.584224700927734375e-01
6.442295312881469727e-01
6.936281323432922363e-01
5.721968412399291992e-01
6.594997644424438477e-01
7.161796092987060547e-01
8.385226726531982422e-01
6.957163214683532715e-01
6.621917486190795898e-01
7.599017620086669922e-01
5.046319961547851562e-01
6.344031095504760742e-01
6.261982917785644531e-01
5.457616448402404785e-01
6.604418754577636719e-01
8.057258725166320801e-01
7.253272533416748047e-01
6.134164333343505859e-01
5.803742408752441406e-01
8.050664663314819336e-01
6.134744286537170410e-01
7.083808779716491699e-01
7.874345779418945312e-01
6.437357664108276367e-01
6.600493192672729492e-01
6.485669612884521484e-01
6.339894533157348633e-01
6.299103498458862305e-01
5.964240431785583496e-01
6.458998322486877441e-01
5.522953271865844727e-01
6.064508557319641113e-01
7.260476350784301758e-01
7.563879489898681641e-01
6.392551064491271973e-01
7.635666131973266602e-01
6.939608454704284668e-01
6.670991778373718262e-01
7.824015617370605469e-01
8.098549246788024902e-01
7.414776086807250977e-01
7.061882019042968750e-01
7.102494239807128906e-01
7.039278745651245117e-01
6.283777356147766113e-01
6.612418889999389648e-01
6.125892400741577148e-01
6.993515491485595703e-01
7.645232677459716797e-01
6.279100775718688965e-01
7.420188188552856445e-01
7.492173314094543457e-01
5.779697895050048828e-01
7.433159351348876953e-01
7.563777565956115723e-01
7.837676405906677246e-01
6.476898789405822754e-01
6.503850221633911133e-01
5.961440205574035645e-01
6.973462104797363281e-01
5.563875436782836914e-01
8.793237805366516113e-01
7.859780788421630859e-01
8.380904197692871094e-01
7.458063960075378418e-01
6.544172167778015137e-01
6.902629137039184570e-01
7.082340717315673828e-01
6.520818471908569336e-01
7.698056101799011230e-01
6.228700876235961914e-01
7.178574204444885254e-01
7.287662625312805176e-01
5.978003740310668945e-01
7.248424291610717773e-01
7.299560308456420898e-01
6.717665195465087891e-01
7.607017755508422852e-01
7.540395259857177734e-01
7.188578844070434570e-01
7.243808507919311523e-01
7.464137077331542969e-01
7.382998466491699219e-01
7.773132324218750000e-01
7.438163757324218750e-01
8.267476558685302734e-01
7.134738564491271973e-01
7.042822837829589844e-01
5.900523662567138672e-01
8.116517066955566406e-01
8.614896535873413086e-01
7.685915827751159668e-01
6.765162944793701172e-01
7.126245498657226562e-01
6.691426038742065430e-01
7.768992185592651367e-01
7.072345018386840820e-01
7.183445096015930176e-01
5.419903993606567383e-01
7.060946822166442871e-01
8.416067957878112793e-01
7.862476110458374023e-01
8.279361724853515625e-01
7.768942713737487793e-01
7.159466147422790527e-01
5.856797695159912109e-01
6.674688458442687988e-01
7.106193900108337402e-01
7.688328623771667480e-01
7.506967782974243164e-01
6.499544382095336914e-01
6.350526809692382812e-01
6.201825141906738281e-01
7.796952724456787109e-01
7.586629390716552734e-01
6.454980969429016113e-01
7.504085302352905273e-01
8.232336044311523438e-01
7.958163619041442871e-01
6.750426292419433594e-01
8.032175898551940918e-01
7.357641458511352539e-01
7.319524288177490234e-01
7.386189699172973633e-01
7.700774669647216797e-01
6.694115996360778809e-01
8.378610610961914062e-01
6.627693772315979004e-01
8.269098997116088867e-01
6.543475389480590820e-01
7.146605849266052246e-01
8.202025890350341797e-01
7.013157606124877930e-01
7.808855772018432617e-01
5.574373602867126465e-01
6.769404411315917969e-01
6.544414758682250977e-01
9.223088622093200684e-01
7.733923196792602539e-01
7.077978849411010742e-01
5.454792976379394531e-01
7.930376529693603516e-01
7.058284878730773926e-01
7.882767319679260254e-01
6.357509493827819824e-01
5.498309731483459473e-01
7.696606516838073730e-01
5.691788196563720703e-01
7.556959390640258789e-01
8.169989585876464844e-01
7.760611176490783691e-01
7.459517121315002441e-01
6.586580276489257812e-01
5.752406120300292969e-01
7.589161396026611328e-01
6.863577961921691895e-01
6.846386194229125977e-01
6.596746444702148438e-01
6.547025442123413086e-01
7.579503059387207031e-01
7.432615756988525391e-01
7.534467577934265137e-01
6.509186029434204102e-01
7.057542800903320312e-01
6.725727319717407227e-01
8.271660804748535156e-01
6.911647319793701172e-01
7.264071702957153320e-01
7.113782167434692383e-01
8.037534356117248535e-01
8.774687051773071289e-01
7.833247780799865723e-01
7.521916627883911133e-01
6.274873614311218262e-01
7.518496513366699219e-01
6.877787709236145020e-01
6.942726373672485352e-01
7.557608485221862793e-01
6.413495540618896484e-01
7.263133525848388672e-01
8.076678514480590820e-01
7.249049544334411621e-01
7.554701566696166992e-01
8.018906116485595703e-01
7.213108539581298828e-01
7.668727636337280273e-01
8.567204475402832031e-01
7.117956280708312988e-01
6.910535693168640137e-01
7.990425825119018555e-01
5.660775899887084961e-01
6.730198860168457031e-01
7.498413920402526855e-01
7.497382760047912598e-01
8.386621475219726562e-01
6.451079845428466797e-01
7.852123975753784180e-01
7.319020032882690430e-01
8.141443729400634766e-01
7.596986293792724609e-01
5.988797545433044434e-01
7.709477543830871582e-01
7.990818619728088379e-01
7.593795061111450195e-01
7.182852625846862793e-01
7.868757843971252441e-01
7.648321390151977539e-01
8.744060397148132324e-01
7.789800763130187988e-01
6.337025761604309082e-01
8.373244404792785645e-01
6.710674762725830078e-01
7.489399313926696777e-01
6.750355362892150879e-01
5.812304019927978516e-01
7.969931960105895996e-01
8.233621120452880859e-01
6.529295444488525391e-01
7.351934313774108887e-01
6.547007560729980469e-01
8.386112451553344727e-01
6.444598436355590820e-01
7.554131746292114258e-01
7.098568081855773926e-01
6.970457434654235840e-01
6.498154401779174805e-01
5.503616333007812500e-01
7.872216701507568359e-01
7.482106685638427734e-01
6.085723638534545898e-01
6.619227528572082520e-01
6.467555761337280273e-01
6.743595600128173828e-01
8.690389990806579590e-01
7.502111196517944336e-01
6.188449859619140625e-01
7.618720531463623047e-01
7.579551935195922852e-01
6.027808189392089844e-01
7.792982459068298340e-01
7.889211177825927734e-01
7.333180308341979980e-01
6.145236492156982422e-01
7.455252408981323242e-01
7.624998688697814941e-01
7.558086514472961426e-01
6.118752956390380859e-01
6.761934757232666016e-01
7.132146954536437988e-01
6.550891399383544922e-01
7.645242810249328613e-01
6.650894880294799805e-01
6.950508356094360352e-01
6.443455219268798828e-01
6.010059118270874023e-01
7.544080018997192383e-01
6.674563884735107422e-01
8.197075128555297852e-01
6.830505728721618652e-01
7.895275354385375977e-01
6.819729208946228027e-01
7.266601920127868652e-01
7.599159479141235352e-01
7.833967208862304688e-01
9.096568226814270020e-01
6.624143719673156738e-01
6.091862916946411133e-01
7.313610315322875977e-01
8.325272202491760254e-01
7.335829734802246094e-01
7.940953969955444336e-01
8.902581930160522461e-01
6.652842760086059570e-01
7.148122787475585938e-01
8.323621153831481934e-01
7.643263936042785645e-01
6.447960138320922852e-01
7.357912659645080566e-01
6.906026601791381836e-01
7.160105705261230469e-01
7.401136159896850586e-01
6.264537572860717773e-01
6.941679716110229492e-01
6.802206635475158691e-01
7.822113037109375000e-01
8.302055597305297852e-01
8.492373228073120117e-01
7.108372449874877930e-01
8.060724735260009766e-01
8.255424499511718750e-01
7.093065977096557617e-01
7.262034416198730469e-01
8.436905741691589355e-01
7.021002769470214844e-01
8.588549494743347168e-01
7.939627766609191895e-01
7.702280879020690918e-01
7.149837613105773926e-01
6.702942848205566406e-01
7.675465345382690430e-01
7.495763301849365234e-01
7.132642865180969238e-01
7.628620862960815430e-01
6.673407554626464844e-01
8.865004777908325195e-01
7.359395027160644531e-01
7.160183787345886230e-01
7.131353616714477539e-01
7.435315847396850586e-01
7.149928808212280273e-01
5.896881818771362305e-01
6.499285697937011719e-01
7.193866968154907227e-01
7.592920064926147461e-01
7.273536324501037598e-01
6.756947636604309082e-01
7.470014095306396484e-01
7.699858546257019043e-01
9.527233839035034180e-01
7.568067312240600586e-01
6.753945350646972656e-01
7.099065780639648438e-01
8.637102842330932617e-01
7.358655333518981934e-01
6.119574308395385742e-01
6.280903816223144531e-01
8.641158342361450195e-01
8.390550613403320312e-01
7.830910682678222656e-01
7.496783733367919922e-01
7.275940179824829102e-01
6.680279970169067383e-01
8.623757362365722656e-01
6.859235763549804688e-01
7.234873175621032715e-01
7.259958982467651367e-01
6.576451063156127930e-01
6.755710244178771973e-01
8.490490913391113281e-01
8.635917901992797852e-01
6.704002022743225098e-01
6.743103265762329102e-01
7.857954502105712891e-01
7.403091192245483398e-01
6.971819400787353516e-01
7.179712653160095215e-01
8.113986253738403320e-01
8.192851543426513672e-01
7.849349975585937500e-01
6.987698078155517578e-01
7.843288183212280273e-01
8.159204125404357910e-01
7.838958501815795898e-01
5.531194806098937988e-01
7.889162302017211914e-01
7.383373975753784180e-01
6.256815195083618164e-01
6.812339425086975098e-01
6.828516721725463867e-01
6.505808830261230469e-01
6.374902725219726562e-01
6.988789439201354980e-01
6.384384632110595703e-01
6.785932779312133789e-01
6.399962902069091797e-01
6.536292433738708496e-01
5.911976695060729980e-01
8.104215264320373535e-01
5.128197669982910156e-01
7.953852415084838867e-01
6.021219491958618164e-01
7.135728597640991211e-01
7.637796401977539062e-01
6.775291562080383301e-01
6.129429340362548828e-01
6.393565535545349121e-01
6.053375005722045898e-01
6.054366230964660645e-01
5.541331768035888672e-01
7.451280355453491211e-01
7.212035059928894043e-01
6.242519617080688477e-01
6.257422566413879395e-01
7.590538263320922852e-01
6.409641504287719727e-01
6.390707492828369141e-01
6.083663105964660645e-01
6.601657867431640625e-01
6.473859548568725586e-01
6.222787499427795410e-01
8.182001709938049316e-01
7.063150405883789062e-01
5.247358083724975586e-01
6.637238264083862305e-01
6.568608283996582031e-01
8.186380267143249512e-01
7.542213201522827148e-01
7.664541006088256836e-01
5.673795938491821289e-01
7.606547474861145020e-01
6.724637746810913086e-01
6.577866673469543457e-01
5.938268899917602539e-01
6.659648418426513672e-01
6.738283038139343262e-01
5.736482143402099609e-01
7.180365324020385742e-01
6.117494106292724609e-01
5.535116195678710938e-01
5.651350021362304688e-01
6.514061689376831055e-01
7.627942562103271484e-01
6.750982403755187988e-01
6.594392657279968262e-01
6.476022005081176758e-01
7.076777219772338867e-01
7.187336087226867676e-01
6.336640715599060059e-01
7.100040912628173828e-01
6.937245130538940430e-01
6.301996111869812012e-01
6.911354064941406250e-01
6.229439973831176758e-01
7.459818124771118164e-01
6.171871423721313477e-01
6.010573506355285645e-01
6.249676942825317383e-01
6.450824141502380371e-01
6.352117061614990234e-01
5.724445581436157227e-01
8.645192384719848633e-01
6.176347732543945312e-01
6.790752410888671875e-01
7.115271091461181641e-01
8.005623817443847656e-01
7.523031830787658691e-01
6.744157671928405762e-01
7.680977582931518555e-01
7.373551726341247559e-01
7.200663685798645020e-01
7.337954044342041016e-01
6.334857940673828125e-01
6.291843652725219727e-01
7.207909822463989258e-01
5.870820879936218262e-01
8.938946127891540527e-01
8.075037002563476562e-01
8.436058759689331055e-01
7.738456726074218750e-01
5.902894735336303711e-01
7.707198858261108398e-01
6.723024845123291016e-01
7.070257663726806641e-01
6.182714104652404785e-01
7.445585727691650391e-01
6.571559906005859375e-01
6.764423847198486328e-01
7.601045370101928711e-01
6.645272374153137207e-01
7.635525465011596680e-01
5.465217828750610352e-01
7.394238710403442383e-01
6.687648296356201172e-01
6.453461647033691406e-01
7.369083166122436523e-01
7.207757234573364258e-01
6.587009429931640625e-01
6.965109109878540039e-01
8.179311156272888184e-01
7.360479831695556641e-01
5.888253450393676758e-01
7.343265414237976074e-01
7.916172742843627930e-01
8.644657135009765625e-01
6.377723217010498047e-01
7.879971265792846680e-01
6.041794419288635254e-01
7.517765760421752930e-01
6.539208292961120605e-01
7.243885993957519531e-01
6.208890676498413086e-01
6.718957424163818359e-01
6.339729428291320801e-01
8.020683526992797852e-01
6.913967132568359375e-01
7.954770326614379883e-01
6.963415145874023438e-01
7.261599302291870117e-01
7.443498969078063965e-01
7.444001436233520508e-01
6.917270421981811523e-01
8.714870214462280273e-01
7.879198193550109863e-01
7.349403500556945801e-01
7.577322721481323242e-01
6.456958055496215820e-01
7.518821954727172852e-01
6.923533678054809570e-01
7.550070881843566895e-01
7.075561285018920898e-01
9.370644688606262207e-01
5.939420461654663086e-01
8.071931600570678711e-01
6.599386930465698242e-01
7.150542140007019043e-01
7.073573470115661621e-01
6.508411169052124023e-01
6.671772003173828125e-01
7.056981325149536133e-01
7.073246240615844727e-01
7.904042005538940430e-01
5.478817224502563477e-01
7.218752503395080566e-01
7.303411364555358887e-01
6.737231016159057617e-01
7.001081109046936035e-01
7.822405099868774414e-01
6.694728136062622070e-01
6.454755663871765137e-01
7.421901226043701172e-01
7.216216325759887695e-01
7.630565166473388672e-01
7.035568952560424805e-01
7.100800275802612305e-01
7.053231000900268555e-01
8.195552229881286621e-01
6.950104236602783203e-01
8.836448788642883301e-01
6.677702665328979492e-01
8.628664016723632812e-01
6.321856975555419922e-01
7.040688991546630859e-01
6.124871969223022461e-01
5.926669836044311523e-01
7.091016769409179688e-01
8.361979722976684570e-01
6.371289491653442383e-01
6.937386989593505859e-01
6.767124533653259277e-01
7.286871671676635742e-01
5.992480516433715820e-01
6.507158279418945312e-01
6.480228304862976074e-01
8.217803239822387695e-01
6.464338302612304688e-01
7.689885497093200684e-01
6.949111223220825195e-01
6.980559825897216797e-01
8.187299966812133789e-01
9.032534956932067871e-01
6.982320547103881836e-01
7.009611725807189941e-01
6.364372372627258301e-01
6.794266700744628906e-01
7.352684736251831055e-01
7.490905523300170898e-01
7.497429847717285156e-01
7.076319456100463867e-01
6.836892962455749512e-01
6.426789164543151855e-01
7.042558193206787109e-01
7.409185171127319336e-01
6.806790828704833984e-01
5.919729471206665039e-01
7.225067019462585449e-01
7.114583849906921387e-01
9.379497766494750977e-01
7.827782034873962402e-01
7.015975713729858398e-01
9.205534458160400391e-01
6.658338308334350586e-01
6.099141836166381836e-01
7.141509056091308594e-01
7.294483780860900879e-01
7.196534872055053711e-01
8.035660982131958008e-01
7.212592959403991699e-01
5.769258737564086914e-01
8.511348962783813477e-01
6.794898509979248047e-01
6.782488226890563965e-01
6.848899126052856445e-01
7.757201790809631348e-01
6.125011444091796875e-01
6.096187829971313477e-01
8.720091581344604492e-01
7.550034523010253906e-01
6.507639884948730469e-01
6.787747144699096680e-01
7.988446950912475586e-01
5.914704799652099609e-01
6.679930686950683594e-01
6.569651961326599121e-01
6.841233968734741211e-01
7.146505713462829590e-01
7.850282788276672363e-01
7.745822668075561523e-01
7.562702298164367676e-01
6.980255246162414551e-01
7.494285106658935547e-01
5.696293115615844727e-01
7.646425962448120117e-01
6.518186926841735840e-01
6.239326000213623047e-01
7.780346870422363281e-01
6.805307269096374512e-01
6.041985750198364258e-01
7.423422336578369141e-01
7.757477164268493652e-01
6.375585794448852539e-01
6.234626770019531250e-01
8.822735548019409180e-01
5.091186761856079102e-01
6.841994524002075195e-01
6.428456902503967285e-01
6.429585218429565430e-01
6.552699208259582520e-01
6.937915086746215820e-01
7.353494763374328613e-01
6.607969999313354492e-01
7.480508685111999512e-01
6.445996761322021484e-01
6.091721057891845703e-01
7.292426228523254395e-01
7.526578903198242188e-01
7.177992463111877441e-01
6.796139478683471680e-01
6.793657541275024414e-01
8.151611089706420898e-01
7.777802944183349609e-01
5.705509185791015625e-01
7.328189611434936523e-01
9.009680151939392090e-01
6.842424869537353516e-01
7.172219753265380859e-01
7.865210771560668945e-01
8.987265825271606445e-01
7.600668668746948242e-01
7.303681969642639160e-01
6.974090337753295898e-01
5.248841047286987305e-01
5.962305665016174316e-01
7.740750908851623535e-01
6.412874460220336914e-01
6.730332374572753906e-01
8.102582693099975586e-01
6.894310712814331055e-01
7.416047453880310059e-01
6.881212592124938965e-01
7.062497138977050781e-01
6.542100310325622559e-01
6.339793205261230469e-01
7.348307371139526367e-01
7.014510631561279297e-01
6.769733428955078125e-01
7.472704648971557617e-01
6.597845554351806641e-01
6.384209990501403809e-01
7.739495635032653809e-01
6.652125716209411621e-01
7.290097475051879883e-01
6.183335781097412109e-01
7.022742033004760742e-01
6.953594684600830078e-01
8.294322490692138672e-01
5.852087736129760742e-01
6.831672191619873047e-01
6.505565643310546875e-01
8.152600526809692383e-01
8.717363476753234863e-01
8.453345894813537598e-01
6.710504889488220215e-01
6.946483850479125977e-01
6.549213528633117676e-01
7.247037887573242188e-01
8.582577705383300781e-01
6.379294395446777344e-01
6.491987705230712891e-01
7.583880424499511719e-01
8.221030235290527344e-01
5.901203155517578125e-01
6.545456647872924805e-01
7.401826381683349609e-01
5.964741706848144531e-01
8.271080255508422852e-01
6.936289668083190918e-01
7.085184454917907715e-01
7.195958495140075684e-01
6.201374530792236328e-01
7.780864238739013672e-01
7.286272048950195312e-01
6.779805421829223633e-01
7.067819237709045410e-01
6.711992621421813965e-01
7.923662662506103516e-01
6.767928004264831543e-01
6.507962346076965332e-01
6.981077194213867188e-01
7.854852676391601562e-01
6.941906809806823730e-01
6.310684084892272949e-01
8.237152099609375000e-01
6.945520043373107910e-01
8.100922107696533203e-01
6.454963088035583496e-01
7.130615115165710449e-01
6.340860724449157715e-01
8.958080410957336426e-01
6.793490052223205566e-01
8.627685904502868652e-01
7.405768632888793945e-01
7.088851332664489746e-01
4.974773526191711426e-01
6.245502233505249023e-01
8.047899007797241211e-01
5.919579267501831055e-01
7.770653963088989258e-01
5.942012071609497070e-01
7.499256134033203125e-01
6.485710144042968750e-01
7.385357618331909180e-01
7.479282617568969727e-01
5.865093469619750977e-01
6.638849973678588867e-01
6.382969617843627930e-01
7.314803600311279297e-01
5.726426839828491211e-01
6.796126365661621094e-01
7.010331153869628906e-01
6.698116064071655273e-01
8.651810884475708008e-01
6.239578723907470703e-01
6.091580390930175781e-01
6.000900268554687500e-01
6.644431352615356445e-01
8.041992187500000000e-01
6.662096977233886719e-01
6.535741686820983887e-01
7.675355672836303711e-01
5.918428301811218262e-01
5.856006741523742676e-01
7.212138175964355469e-01
7.083900570869445801e-01
5.918985009193420410e-01
6.883638501167297363e-01
6.149927377700805664e-01
6.818634271621704102e-01
7.324036359786987305e-01
6.488491296768188477e-01
6.330969333648681641e-01
6.890451312065124512e-01
5.145596265792846680e-01
5.739966630935668945e-01
6.378768682479858398e-01
6.771375536918640137e-01
6.423223018646240234e-01
7.176693677902221680e-01
6.071217060089111328e-01
8.261125683784484863e-01
8.003330230712890625e-01
7.246396541595458984e-01
6.634950637817382812e-01
5.891996622085571289e-01
7.737617492675781250e-01
7.103945612907409668e-01
5.640913844108581543e-01
6.953638792037963867e-01
6.687276363372802734e-01
6.832627058029174805e-01
7.112708091735839844e-01
7.268475890159606934e-01
7.016245126724243164e-01
6.695636510848999023e-01
6.947076320648193359e-01
6.893177032470703125e-01
8.190604448318481445e-01
7.508016228675842285e-01
5.259733200073242188e-01
6.080409288406372070e-01
7.542121410369873047e-01
6.113017797470092773e-01
5.834563374519348145e-01
6.950466036796569824e-01
5.668852925300598145e-01
6.575626134872436523e-01
6.298201084136962891e-01
5.792063474655151367e-01
7.265357375144958496e-01
7.272403240203857422e-01
6.160308122634887695e-01
7.205454111099243164e-01
6.805310249328613281e-01
6.453207135200500488e-01
6.584054231643676758e-01
7.316384315490722656e-01
7.759769558906555176e-01
6.382242441177368164e-01
5.588781237602233887e-01
6.849464774131774902e-01
6.377894282341003418e-01
6.649795174598693848e-01
5.568621158599853516e-01
6.183513998985290527e-01
7.111345529556274414e-01
7.149239778518676758e-01
6.955590844154357910e-01
5.545909404754638672e-01
6.004954576492309570e-01
6.454507112503051758e-01
6.445055007934570312e-01
7.234668731689453125e-01
6.540632247924804688e-01
6.173502206802368164e-01
7.823435068130493164e-01
6.847211122512817383e-01
6.157051920890808105e-01
7.772367000579833984e-01
7.325443625450134277e-01
6.381376981735229492e-01
7.289832830429077148e-01
5.586135983467102051e-01
5.493562221527099609e-01
7.312035560607910156e-01
6.432578563690185547e-01
6.035112142562866211e-01
6.297745704650878906e-01
7.392736673355102539e-01
6.234680414199829102e-01
5.392192602157592773e-01
7.406986951828002930e-01
6.386983394622802734e-01
6.091071367263793945e-01
6.780910491943359375e-01
6.423756480216979980e-01
5.464420318603515625e-01
6.924839615821838379e-01
5.621689558029174805e-01
7.046872973442077637e-01
7.024580240249633789e-01
6.493828892707824707e-01
7.649610042572021484e-01
6.190021038055419922e-01
5.168032646179199219e-01
7.449994087219238281e-01
6.438071727752685547e-01
6.210373640060424805e-01
6.515182852745056152e-01
7.506434917449951172e-01
8.810752630233764648e-01
6.296361684799194336e-01
6.735348701477050781e-01
7.714686393737792969e-01
6.779463887214660645e-01
6.427481174468994141e-01
7.085186839103698730e-01
7.211847305297851562e-01
7.054678201675415039e-01
7.727052569389343262e-01
7.241107821464538574e-01
6.771219372749328613e-01
5.306375026702880859e-01
7.425870895385742188e-01
6.338949203491210938e-01
6.346605420112609863e-01
6.911626458168029785e-01
5.978568792343139648e-01
7.009147405624389648e-01
6.263626217842102051e-01
7.615526914596557617e-01
6.396862268447875977e-01
5.475754737854003906e-01
8.006628751754760742e-01
6.205466985702514648e-01
6.589462161064147949e-01
7.059645652770996094e-01
9.014036655426025391e-01
6.131125688552856445e-01
6.578054428100585938e-01
8.384360074996948242e-01
7.807882428169250488e-01
8.378999829292297363e-01
7.860496044158935547e-01
7.600662708282470703e-01
8.729326128959655762e-01
6.191375255584716797e-01
6.213634610176086426e-01
6.152319908142089844e-01
7.443346381187438965e-01
7.597215175628662109e-01
7.152966260910034180e-01
7.080571055412292480e-01
8.312245607376098633e-01
5.735981464385986328e-01
6.416011452674865723e-01
8.297098875045776367e-01
7.392773032188415527e-01
6.652194261550903320e-01
6.582007408142089844e-01
6.991158723831176758e-01
7.819994688034057617e-01
5.967034101486206055e-01
6.207232475280761719e-01
6.683523654937744141e-01
6.626340150833129883e-01
6.652140617370605469e-01
7.307299375534057617e-01
6.949651837348937988e-01
6.601498126983642578e-01
7.858792543411254883e-01
7.421097159385681152e-01
6.992899179458618164e-01
5.742503404617309570e-01
7.070118188858032227e-01
6.088731884956359863e-01
7.728083133697509766e-01
6.243920326232910156e-01
8.341147899627685547e-01
7.187065482139587402e-01
5.953395366668701172e-01
7.763852477073669434e-01
6.975222826004028320e-01
6.422951221466064453e-01
6.794625520706176758e-01
7.172276973724365234e-01
6.508847475051879883e-01
8.626890182495117188e-01
6.098834276199340820e-01
8.198808431625366211e-01
6.967423558235168457e-01
5.910594463348388672e-01
6.552391052246093750e-01
7.311332225799560547e-01
7.236225605010986328e-01
6.996687650680541992e-01
5.656257271766662598e-01
6.136023998260498047e-01
7.315019369125366211e-01
7.262681722640991211e-01
6.454924345016479492e-01
6.926095485687255859e-01
5.474285483360290527e-01
6.443833708763122559e-01
7.055032253265380859e-01
7.757130265235900879e-01
5.798220634460449219e-01
6.274071335792541504e-01
5.090423822402954102e-01
6.347046494483947754e-01
7.190302014350891113e-01
6.458762884140014648e-01
6.225143671035766602e-01
6.781461238861083984e-01
5.920015573501586914e-01
6.344504356384277344e-01
6.290130615234375000e-01
7.215346097946166992e-01
6.111697554588317871e-01
6.834691762924194336e-01
7.617263793945312500e-01
7.671273946762084961e-01
6.814903020858764648e-01
7.842900753021240234e-01
7.294097542762756348e-01
8.055703043937683105e-01
8.075064420700073242e-01
8.090737462043762207e-01
7.120423913002014160e-01
6.797745823860168457e-01
8.206185698509216309e-01
5.691812038421630859e-01
7.091959118843078613e-01
7.329928278923034668e-01
7.404077649116516113e-01
6.865066289901733398e-01
7.029323577880859375e-01
7.963590621948242188e-01
6.685649156570434570e-01
6.797618865966796875e-01
6.518442630767822266e-01
6.902152299880981445e-01
5.825028419494628906e-01
6.672930717468261719e-01
6.517404913902282715e-01
7.833381891250610352e-01
6.548845767974853516e-01
5.773441791534423828e-01
6.738349795341491699e-01
6.979409456253051758e-01
6.899417638778686523e-01
8.299263715744018555e-01
6.815057992935180664e-01
6.694771051406860352e-01
5.886533856391906738e-01
6.840890645980834961e-01
7.244038581848144531e-01
8.032816648483276367e-01
6.285712122917175293e-01
7.894501090049743652e-01
5.737947821617126465e-01
7.240740060806274414e-01
6.415365934371948242e-01
6.174573898315429688e-01
5.286275148391723633e-01
6.914219856262207031e-01
6.864061355590820312e-01
6.929459571838378906e-01
6.878770589828491211e-01
6.559393405914306641e-01
6.212590932846069336e-01
7.877470254898071289e-01
6.584528684616088867e-01
6.481564044952392578e-01
5.443745255470275879e-01
6.687185168266296387e-01
7.776045799255371094e-01
5.948135256767272949e-01
6.401437520980834961e-01
6.653450131416320801e-01
6.413720250129699707e-01
7.867064476013183594e-01
8.896039128303527832e-01
7.096692919731140137e-01
6.596798896789550781e-01
7.505933046340942383e-01
6.903359293937683105e-01
7.241214513778686523e-01
6.385501027107238770e-01
7.205437421798706055e-01
6.358292102813720703e-01
5.874640941619873047e-01
6.936403512954711914e-01
6.475160121917724609e-01
7.135620117187500000e-01
5.943250656127929688e-01
5.940504074096679688e-01
6.222921609878540039e-01
6.585932970046997070e-01
5.946432352066040039e-01
6.249223947525024414e-01
6.254225969314575195e-01
6.093928813934326172e-01
7.466930150985717773e-01
7.276619672775268555e-01
5.568678975105285645e-01
7.022758722305297852e-01
6.503410339355468750e-01
7.482358217239379883e-01
6.914416551589965820e-01
8.239127397537231445e-01
7.577364444732666016e-01
9.039618968963623047e-01
6.631978750228881836e-01
7.682892680168151855e-01
7.463909387588500977e-01
6.136373877525329590e-01
6.421179771423339844e-01
7.623124122619628906e-01
6.313996315002441406e-01
6.698811054229736328e-01
8.363817334175109863e-01
7.356172204017639160e-01
7.038705945014953613e-01
7.417908310890197754e-01
7.895724177360534668e-01
7.577784657478332520e-01
7.877279520034790039e-01
6.806348562240600586e-01
6.507961750030517578e-01
5.821968317031860352e-01
7.575610280036926270e-01
6.924110651016235352e-01
6.988117098808288574e-01
6.855095624923706055e-01
6.107897758483886719e-01
6.474577188491821289e-01
5.993804931640625000e-01
5.456548929214477539e-01
7.006427049636840820e-01
6.362348794937133789e-01
5.059889554977416992e-01
6.258958578109741211e-01
6.596105098724365234e-01
7.270853519439697266e-01
6.041555404663085938e-01
6.310019493103027344e-01
5.891104936599731445e-01
7.116885185241699219e-01
5.935879349708557129e-01
6.627453565597534180e-01
6.442452669143676758e-01
6.270595788955688477e-01
6.684410572052001953e-01
6.472691297531127930e-01
6.460598707199096680e-01
6.353913545608520508e-01
6.647826433181762695e-01
7.082201242446899414e-01
6.107629537582397461e-01
7.191345095634460449e-01
5.680558681488037109e-01
5.894444584846496582e-01
6.085643768310546875e-01
7.094079256057739258e-01
7.627915143966674805e-01
6.467511653900146484e-01
6.010540723800659180e-01
5.094414353370666504e-01
5.146771073341369629e-01
5.945575237274169922e-01
6.475235819816589355e-01
6.229571104049682617e-01
7.559720873832702637e-01
5.271862745285034180e-01
6.610390543937683105e-01
6.001964807510375977e-01
6.635806560516357422e-01
5.257450342178344727e-01
6.856426596641540527e-01
6.569068431854248047e-01
7.599514722824096680e-01
6.167690753936767578e-01
5.883019566535949707e-01
5.910049676895141602e-01
7.184349298477172852e-01
8.076610565185546875e-01
6.463868618011474609e-01
6.589595079421997070e-01
7.700348496437072754e-01
5.922428369522094727e-01
6.128424406051635742e-01
6.062579154968261719e-01
6.688379049301147461e-01
7.104512453079223633e-01
5.735836029052734375e-01
5.222326517105102539e-01
6.229422092437744141e-01
5.810217261314392090e-01
8.253726363182067871e-01
6.486362218856811523e-01
6.750844120979309082e-01
7.077447175979614258e-01
5.508453845977783203e-01
5.842596888542175293e-01
5.386598110198974609e-01
7.473058700561523438e-01
5.203869342803955078e-01
4.802920818328857422e-01
4.897759556770324707e-01
6.814103722572326660e-01
6.591109037399291992e-01
7.020145654678344727e-01
7.283582687377929688e-01
5.124292373657226562e-01
6.418958306312561035e-01
5.740150213241577148e-01
6.949092745780944824e-01
8.591021895408630371e-01
6.580508947372436523e-01
4.775485694408416748e-01
5.729545354843139648e-01
6.161515712738037109e-01
6.886864304542541504e-01
6.919800043106079102e-01
6.009081602096557617e-01
6.241255998611450195e-01
7.159076929092407227e-01
6.747745275497436523e-01
7.110615968704223633e-01
7.327243089675903320e-01
6.093761920928955078e-01
6.191507577896118164e-01
5.700365304946899414e-01
6.878623366355895996e-01
6.189514398574829102e-01
6.752173900604248047e-01
7.106233835220336914e-01
7.099996209144592285e-01
6.150240302085876465e-01
8.188661336898803711e-01
6.778811812400817871e-01
7.113100886344909668e-01
6.714097261428833008e-01
7.024088501930236816e-01
5.870574712753295898e-01
6.296314001083374023e-01
6.333830356597900391e-01
6.871740221977233887e-01
7.689173221588134766e-01
7.316589355468750000e-01
6.906446218490600586e-01
6.592814922332763672e-01
6.617345809936523438e-01
6.092865467071533203e-01
5.181393623352050781e-01
7.166349887847900391e-01
6.022577285766601562e-01
7.094362378120422363e-01
6.153588294982910156e-01
5.770703554153442383e-01
6.032547950744628906e-01
6.690421104431152344e-01
5.428926944732666016e-01
6.263220310211181641e-01
6.969279646873474121e-01
7.031171917915344238e-01
5.671737194061279297e-01
7.725514173507690430e-01
6.278993487358093262e-01
5.906867384910583496e-01
6.270689368247985840e-01
6.724741458892822266e-01
7.760836482048034668e-01
5.651657581329345703e-01
7.983015179634094238e-01
6.668519973754882812e-01
7.264454960823059082e-01
6.640601158142089844e-01
6.645926237106323242e-01
6.210224032402038574e-01
6.801667213439941406e-01
8.118205666542053223e-01
5.975714921951293945e-01
6.404597759246826172e-01
6.263899207115173340e-01
7.351262569427490234e-01
6.810994744300842285e-01
6.190048456192016602e-01
5.766738653182983398e-01
6.863398551940917969e-01
7.670294642448425293e-01
6.290452480316162109e-01
6.566373109817504883e-01
5.414860248565673828e-01
6.420124769210815430e-01
6.268775463104248047e-01
5.320641994476318359e-01
6.962657570838928223e-01
6.785315871238708496e-01
7.806009054183959961e-01
6.460767984390258789e-01
7.080975770950317383e-01
6.377010941505432129e-01
6.443211436271667480e-01
6.107822656631469727e-01
7.181029319763183594e-01
6.293308138847351074e-01
7.116612195968627930e-01
7.372052669525146484e-01
5.512839555740356445e-01
5.118832588195800781e-01
8.059611320495605469e-01
5.745577812194824219e-01
7.010526657104492188e-01
6.601701974868774414e-01
6.170471906661987305e-01
7.696366310119628906e-01
7.447831630706787109e-01
7.029018998146057129e-01
8.313809633255004883e-01
6.121207475662231445e-01
7.549024224281311035e-01
7.430160045623779297e-01
7.199285626411437988e-01
6.773006916046142578e-01
6.874459385871887207e-01
6.882916688919067383e-01
7.525091171264648438e-01
5.903099775314331055e-01
6.445051431655883789e-01
6.275482177734375000e-01
6.912767887115478516e-01
5.928342342376708984e-01
7.804195880889892578e-01
6.173301935195922852e-01
7.726014852523803711e-01
6.636199951171875000e-01
7.201250791549682617e-01
6.929171085357666016e-01
7.055458426475524902e-01
6.038260459899902344e-01
7.052606344223022461e-01
8.460910916328430176e-01
7.654006481170654297e-01
6.976608633995056152e-01
6.689183712005615234e-01
6.042597293853759766e-01
6.589238643646240234e-01
6.404531002044677734e-01
7.152723073959350586e-01
6.092752218246459961e-01
5.180010795593261719e-01
6.262016296386718750e-01
6.641656160354614258e-01
7.310769557952880859e-01
6.270718574523925781e-01
7.331569790840148926e-01
6.117446422576904297e-01
6.769113540649414062e-01
7.005435824394226074e-01
6.040813922882080078e-01
5.659571886062622070e-01
6.823098659515380859e-01
6.750878095626831055e-01
6.660367250442504883e-01
5.472779273986816406e-01
6.809102296829223633e-01
6.807776093482971191e-01
6.294866800308227539e-01
7.914935946464538574e-01
7.326058149337768555e-01
9.715159535408020020e-01
6.536132097244262695e-01
6.702387332916259766e-01
7.342178225517272949e-01
6.246998310089111328e-01
6.102740764617919922e-01
6.935701370239257812e-01
6.302452683448791504e-01
6.051368713378906250e-01
5.848848223686218262e-01
6.645896434783935547e-01
5.346475839614868164e-01
6.965585947036743164e-01
5.514793395996093750e-01
7.359868884086608887e-01
6.381967067718505859e-01
6.048018932342529297e-01
7.917106747627258301e-01
6.616222858428955078e-01
6.454453468322753906e-01
7.802997827529907227e-01
6.529830098152160645e-01
6.011614203453063965e-01
8.989521265029907227e-01
6.746449470520019531e-01
7.598420381546020508e-01
6.134041547775268555e-01
6.969217658042907715e-01
7.431073188781738281e-01
7.588670253753662109e-01
5.927203893661499023e-01
6.386862397193908691e-01
5.948001146316528320e-01
7.916929125785827637e-01
6.015516519546508789e-01
6.629790663719177246e-01
6.831508874893188477e-01
7.653052806854248047e-01
6.395466327667236328e-01
7.443723678588867188e-01
6.898672580718994141e-01
7.577188014984130859e-01
6.716384291648864746e-01
6.095304489135742188e-01
5.208844542503356934e-01
6.035637259483337402e-01
6.040965318679809570e-01
5.722948312759399414e-01
6.840820312500000000e-01
5.763142108917236328e-01
6.782208085060119629e-01
8.032313585281372070e-01
8.807592988014221191e-01
6.976193189620971680e-01
6.328033208847045898e-01
7.502168416976928711e-01
6.975182294845581055e-01
7.097588777542114258e-01
6.727491617202758789e-01
7.067006826400756836e-01
7.415622472763061523e-01
6.846374869346618652e-01
6.450154185295104980e-01
5.946387648582458496e-01
6.871402263641357422e-01
7.656624317169189453e-01
5.219314098358154297e-01
7.704803943634033203e-01
6.737443208694458008e-01
6.709248423576354980e-01
6.538524627685546875e-01
7.161713838577270508e-01
6.426103115081787109e-01
6.573370695114135742e-01
6.406721472740173340e-01
6.603944301605224609e-01
6.302319765090942383e-01
5.859199762344360352e-01
6.908238530158996582e-01
6.574298143386840820e-01
7.314000129699707031e-01
5.617809891700744629e-01
6.407936811447143555e-01
7.328987717628479004e-01
7.161408066749572754e-01
5.135937929153442383e-01
6.563872098922729492e-01
6.910744905471801758e-01
6.459735631942749023e-01
7.634544372558593750e-01
6.870896816253662109e-01
5.354529023170471191e-01
6.766230463981628418e-01
6.589719057083129883e-01
7.270351052284240723e-01
6.925631761550903320e-01
7.117508649826049805e-01
7.848446369171142578e-01
6.920947432518005371e-01
6.631529331207275391e-01
7.211888432502746582e-01
7.083150148391723633e-01
6.130534410476684570e-01
8.281078338623046875e-01
6.129749417304992676e-01
6.267462968826293945e-01
5.692128539085388184e-01
6.366633176803588867e-01
6.193962097167968750e-01
7.060891985893249512e-01
5.828792452812194824e-01
8.396764993667602539e-01
5.721505880355834961e-01
6.420236825942993164e-01
5.892139077186584473e-01
6.990466713905334473e-01
5.806490182876586914e-01
7.260707616806030273e-01
5.673021078109741211e-01
5.729961991310119629e-01
7.075028419494628906e-01
6.398604512214660645e-01
6.699826717376708984e-01
5.881146192550659180e-01
5.900183916091918945e-01
7.086404561996459961e-01
5.683702230453491211e-01
6.575603485107421875e-01
8.346682786941528320e-01
6.312243938446044922e-01
6.177661418914794922e-01
7.026032209396362305e-01
7.121585011482238770e-01
5.275346040725708008e-01
6.380702257156372070e-01
5.230115652084350586e-01
6.794617176055908203e-01
5.356716513633728027e-01
7.815188169479370117e-01
6.971192359924316406e-01
6.334002017974853516e-01
7.182662487030029297e-01
5.124837160110473633e-01
5.931007862091064453e-01
5.723029971122741699e-01
5.933224558830261230e-01
5.704617500305175781e-01
5.054402351379394531e-01
6.369845867156982422e-01
6.176623106002807617e-01
5.352073907852172852e-01
6.541393399238586426e-01
5.965793132781982422e-01
5.892401337623596191e-01
6.946563720703125000e-01
5.440175533294677734e-01
5.287474393844604492e-01
6.378349065780639648e-01
6.121813058853149414e-01
5.897867083549499512e-01
5.959212779998779297e-01
6.633043289184570312e-01
6.238065958023071289e-01
7.092074155807495117e-01
6.591902971267700195e-01
5.088389515876770020e-01
6.525717973709106445e-01
4.978262186050415039e-01
7.730224132537841797e-01
5.068888664245605469e-01
6.919099092483520508e-01
6.355224847793579102e-01
7.258464097976684570e-01
5.587630867958068848e-01
5.937059521675109863e-01
6.063295602798461914e-01
6.272124052047729492e-01
6.839298009872436523e-01
5.312503576278686523e-01
5.344742536544799805e-01
6.825807094573974609e-01
6.801031827926635742e-01
6.954096555709838867e-01
7.090446949005126953e-01
5.925669670104980469e-01
5.994093418121337891e-01
5.773319005966186523e-01
7.341071367263793945e-01
6.909227967262268066e-01
6.255604028701782227e-01
6.268045902252197266e-01
5.032571554183959961e-01
7.476023435592651367e-01
6.208416223526000977e-01
5.533564686775207520e-01
7.111301422119140625e-01
5.364741086959838867e-01
5.738815069198608398e-01
7.557289600372314453e-01
5.533137321472167969e-01
5.186176300048828125e-01
5.902750492095947266e-01
7.058150768280029297e-01
6.522022485733032227e-01
5.347570180892944336e-01
5.924700498580932617e-01
7.576521635055541992e-01
6.878226995468139648e-01
7.140814661979675293e-01
6.754080057144165039e-01
7.586972713470458984e-01
7.163029313087463379e-01
6.927360296249389648e-01
6.257055997848510742e-01
6.907342076301574707e-01
5.662906169891357422e-01
6.390243768692016602e-01
5.531289577484130859e-01
5.878616571426391602e-01
6.047116518020629883e-01
6.172970533370971680e-01
6.295286417007446289e-01
5.443190336227416992e-01
5.840518474578857422e-01
5.227183103561401367e-01
6.500525474548339844e-01
5.681679248809814453e-01
6.549250483512878418e-01
6.065622568130493164e-01
7.001271843910217285e-01
7.517013549804687500e-01
5.410124659538269043e-01
7.589772939682006836e-01
8.048214912414550781e-01
5.706813335418701172e-01
6.448422670364379883e-01
6.830074787139892578e-01
7.006357908248901367e-01
6.496011018753051758e-01
7.001902461051940918e-01
5.591384172439575195e-01
5.369427204132080078e-01
6.908369064331054688e-01
6.626827120780944824e-01
5.732562541961669922e-01
6.146514415740966797e-01
6.814175248146057129e-01
5.979027748107910156e-01
7.734750509262084961e-01
6.092842817306518555e-01
7.345185279846191406e-01
6.525835394859313965e-01
7.958926558494567871e-01
7.061396837234497070e-01
6.656181812286376953e-01
7.555439472198486328e-01
6.342098712921142578e-01
5.985325574874877930e-01
6.787741184234619141e-01
7.994603514671325684e-01
6.567797660827636719e-01
6.491835117340087891e-01
7.027713060379028320e-01
5.786603689193725586e-01
5.456798076629638672e-01
5.884090662002563477e-01
6.523361802101135254e-01
5.840281248092651367e-01
6.059467792510986328e-01
8.422992229461669922e-01
6.723184585571289062e-01
6.721001863479614258e-01
6.945935487747192383e-01
6.598235964775085449e-01
5.813810825347900391e-01
5.598957538604736328e-01
6.539964675903320312e-01
6.285467743873596191e-01
7.268247008323669434e-01
5.762852430343627930e-01
6.605600118637084961e-01
6.810113191604614258e-01
6.193270683288574219e-01
6.804310083389282227e-01
7.110221385955810547e-01
7.072747945785522461e-01
6.436461210250854492e-01
6.511987447738647461e-01
7.805565595626831055e-01
6.737420558929443359e-01
6.443670988082885742e-01
6.559056639671325684e-01
6.119306087493896484e-01
5.817028284072875977e-01
7.655515670776367188e-01
7.136143445968627930e-01
5.841928720474243164e-01
5.947113037109375000e-01
5.808082818984985352e-01
6.934276819229125977e-01
5.711355209350585938e-01
6.003726720809936523e-01
6.691859960556030273e-01
6.247351169586181641e-01
6.658800244331359863e-01
6.123470664024353027e-01
7.115501761436462402e-01
5.530527234077453613e-01
6.974581480026245117e-01
6.747851371765136719e-01
6.403151154518127441e-01
5.644517540931701660e-01
6.408337950706481934e-01
6.977235078811645508e-01
6.885038018226623535e-01
6.791293025016784668e-01
6.173492074012756348e-01
6.698569059371948242e-01
7.102501392364501953e-01
6.306266784667968750e-01
6.084778904914855957e-01
6.549792289733886719e-01
6.947742700576782227e-01
5.403158664703369141e-01
7.283359766006469727e-01
7.188686728477478027e-01
6.521650552749633789e-01
7.145760655403137207e-01
7.472051382064819336e-01
6.651091575622558594e-01
6.726669669151306152e-01
6.037549972534179688e-01
5.796663165092468262e-01
6.005569100379943848e-01
5.748523473739624023e-01
5.988003015518188477e-01
6.546823382377624512e-01
7.541714906692504883e-01
6.416918039321899414e-01
7.629733085632324219e-01
6.857056617736816406e-01
6.220370531082153320e-01
4.951708316802978516e-01
6.595549583435058594e-01
5.715409517288208008e-01
5.395802259445190430e-01
6.125783920288085938e-01
6.958988904953002930e-01
5.081325173377990723e-01
7.337503433227539062e-01
6.341462731361389160e-01
6.904637813568115234e-01
7.151929140090942383e-01
6.960850358009338379e-01
5.653787851333618164e-01
5.372654199600219727e-01
7.617634534835815430e-01
6.936169862747192383e-01
7.007640600204467773e-01
6.364724636077880859e-01
6.736841201782226562e-01
6.639670133590698242e-01
5.780580043792724609e-01
5.466303825378417969e-01
5.032168030738830566e-01
7.347434759140014648e-01
6.799659132957458496e-01
6.923323869705200195e-01
5.753325819969177246e-01
7.488099336624145508e-01
7.638689875602722168e-01
7.206804752349853516e-01
7.387909889221191406e-01
5.543345212936401367e-01
7.251393198966979980e-01
7.638918161392211914e-01
5.835274457931518555e-01
6.448454856872558594e-01
6.920329332351684570e-01
6.020866632461547852e-01
5.519038438796997070e-01
7.185535430908203125e-01
7.013853192329406738e-01
6.780650615692138672e-01
5.512979030609130859e-01
6.709071397781372070e-01
7.089424729347229004e-01
5.346281528472900391e-01
7.722631692886352539e-01
5.821511745452880859e-01
6.006457805633544922e-01
6.716556549072265625e-01
6.738951206207275391e-01
6.678313016891479492e-01
6.445876359939575195e-01
6.329264640808105469e-01
8.385378122329711914e-01
6.889247894287109375e-01
5.875434875488281250e-01
5.087320804595947266e-01
6.792979240417480469e-01
6.105492115020751953e-01
6.750156879425048828e-01
7.458565235137939453e-01
6.513085961341857910e-01
6.694921255111694336e-01
5.925390124320983887e-01
7.347885966300964355e-01
5.411765575408935547e-01
6.262741088867187500e-01
6.470772624015808105e-01
7.016902565956115723e-01
7.160405516624450684e-01
6.169653534889221191e-01
6.438107490539550781e-01
5.919616222381591797e-01
6.958276033401489258e-01
5.833805799484252930e-01
6.451164484024047852e-01
6.490038633346557617e-01
8.324927091598510742e-01
6.147229075431823730e-01
7.124232649803161621e-01
7.231329083442687988e-01
6.019481420516967773e-01
4.960996508598327637e-01
7.012010812759399414e-01
6.248297691345214844e-01
6.466591358184814453e-01
6.018755435943603516e-01
8.169342279434204102e-01
7.618162631988525391e-01
7.561522126197814941e-01
6.690398454666137695e-01
8.142984509468078613e-01
7.402957677841186523e-01
7.199010848999023438e-01
6.871743798255920410e-01
5.686463117599487305e-01
6.344792842864990234e-01
5.630099773406982422e-01
6.273713707923889160e-01
6.874523162841796875e-01
5.322885513305664062e-01
8.196742534637451172e-01
7.536592483520507812e-01
5.381360650062561035e-01
6.329845190048217773e-01
6.537892222404479980e-01
6.916168928146362305e-01
6.453828811645507812e-01
6.327486038208007812e-01
6.754888296127319336e-01
6.130036115646362305e-01
7.682269215583801270e-01
7.028098702430725098e-01
6.174721717834472656e-01
5.362194776535034180e-01
7.129085063934326172e-01
6.049965620040893555e-01
6.376123428344726562e-01
5.795825123786926270e-01
5.348825454711914062e-01
6.631465554237365723e-01
7.718659639358520508e-01
6.240245103836059570e-01
7.796292304992675781e-01
5.067163705825805664e-01
6.207456588745117188e-01
5.668174028396606445e-01
5.437591671943664551e-01
6.946714520454406738e-01
6.157627105712890625e-01
6.456505060195922852e-01
5.957996249198913574e-01
8.129749298095703125e-01
6.183655858039855957e-01
5.486161708831787109e-01
5.904476046562194824e-01
5.856838226318359375e-01
5.942093133926391602e-01
5.127055644989013672e-01
5.253653526306152344e-01
6.183640956878662109e-01
6.134195327758789062e-01
5.514771342277526855e-01
6.058310866355895996e-01
7.457391619682312012e-01
5.632762312889099121e-01
4.928452074527740479e-01
5.899006128311157227e-01
6.935534477233886719e-01
5.756601095199584961e-01
6.032005548477172852e-01
6.010974645614624023e-01
6.250204443931579590e-01
7.161304950714111328e-01
5.056917071342468262e-01
7.367475628852844238e-01
5.122200250625610352e-01
5.577098727226257324e-01
6.363791227340698242e-01
5.085945129394531250e-01
5.434032678604125977e-01
5.147119760513305664e-01
6.968257427215576172e-01
5.936705470085144043e-01
5.818047523498535156e-01
6.232292652130126953e-01
5.563862919807434082e-01
6.244429349899291992e-01
6.120277047157287598e-01
5.589703321456909180e-01
7.183387875556945801e-01
7.099703550338745117e-01
5.571767091751098633e-01
6.489642858505249023e-01
6.078374981880187988e-01
6.016563177108764648e-01
5.532301664352416992e-01
6.458902955055236816e-01
5.583000183105468750e-01
6.041490435600280762e-01
8.133371472358703613e-01
7.578208446502685547e-01
6.608147621154785156e-01
5.556902289390563965e-01
6.194211244583129883e-01
5.751585960388183594e-01
5.847078561782836914e-01
5.362890958786010742e-01
6.358680725097656250e-01
5.522276759147644043e-01
6.070328354835510254e-01
7.275173664093017578e-01
5.898637771606445312e-01
6.660181283950805664e-01
5.632133483886718750e-01
5.835815072059631348e-01
5.526838302612304688e-01
6.144583225250244141e-01
6.213464736938476562e-01
7.634843587875366211e-01
5.020532608032226562e-01
5.461754798889160156e-01
6.593682765960693359e-01
5.601567625999450684e-01
7.179414033889770508e-01
5.564135313034057617e-01
5.317404866218566895e-01
5.044768452644348145e-01
5.058618187904357910e-01
6.071840524673461914e-01
6.230574846267700195e-01
6.710552573204040527e-01
6.126173138618469238e-01
7.621082067489624023e-01
5.349631905555725098e-01
6.461303234100341797e-01
6.700054407119750977e-01
5.313142538070678711e-01
7.309690713882446289e-01
5.411232709884643555e-01
5.286999940872192383e-01
6.000683307647705078e-01
6.809105873107910156e-01
6.970313191413879395e-01
5.985145568847656250e-01
7.076037526130676270e-01
4.876055419445037842e-01
6.945496201515197754e-01
6.479387283325195312e-01
5.769766569137573242e-01
5.373826026916503906e-01
6.705104112625122070e-01
5.896753072738647461e-01
6.822025775909423828e-01
5.780265331268310547e-01
7.204424142837524414e-01
5.776193141937255859e-01
5.744833946228027344e-01
6.222335100173950195e-01
5.593228340148925781e-01
6.203985214233398438e-01
5.356045961380004883e-01
5.900577306747436523e-01
6.649677753448486328e-01
5.012124776840209961e-01
5.795283913612365723e-01
6.894574165344238281e-01
5.796841382980346680e-01
6.536816358566284180e-01
6.280900835990905762e-01
6.553633213043212891e-01
6.481935977935791016e-01
6.361473798751831055e-01
6.717865467071533203e-01
6.112537384033203125e-01
6.462399959564208984e-01
6.164240837097167969e-01
5.116252899169921875e-01
5.626824498176574707e-01
6.830123662948608398e-01
6.182951927185058594e-01
6.151052713394165039e-01
6.787517070770263672e-01
6.283864974975585938e-01
7.467634677886962891e-01
6.717216372489929199e-01
6.111235022544860840e-01
5.891563892364501953e-01
5.980714559555053711e-01
7.270210981369018555e-01
6.025480628013610840e-01
5.712004303932189941e-01
6.472930908203125000e-01
8.553997874259948730e-01
7.445713281631469727e-01
6.894321441650390625e-01
8.154973983764648438e-01
6.765042543411254883e-01
5.496329069137573242e-01
6.652967929840087891e-01
6.286045312881469727e-01
5.943834781646728516e-01
6.932032108306884766e-01
6.501985788345336914e-01
5.933361053466796875e-01
6.513445973396301270e-01
6.462025642395019531e-01
6.337730884552001953e-01
5.531471967697143555e-01
6.168547272682189941e-01
6.254004240036010742e-01
6.437891721725463867e-01
8.124390244483947754e-01
6.268966794013977051e-01
6.647379398345947266e-01
5.857295393943786621e-01
6.182724237442016602e-01
5.431143045425415039e-01
6.079024672508239746e-01
7.880435585975646973e-01
7.566869258880615234e-01
7.368852496147155762e-01
6.154002547264099121e-01
6.504487991333007812e-01
5.879325270652770996e-01
7.347742319107055664e-01
6.554139852523803711e-01
6.580833792686462402e-01
6.209807395935058594e-01
7.149789929389953613e-01
6.317155957221984863e-01
4.970740377902984619e-01
6.210644245147705078e-01
8.122221231460571289e-01
6.400016546249389648e-01
7.046997547149658203e-01
6.136376857757568359e-01
6.158248186111450195e-01
6.635879278182983398e-01
6.236690878868103027e-01
7.147516012191772461e-01
6.206873655319213867e-01
6.199585199356079102e-01
6.271301507949829102e-01
6.030571460723876953e-01
6.833806037902832031e-01
5.833889245986938477e-01
6.606735587120056152e-01
5.741726160049438477e-01
6.368488073348999023e-01
4.944774508476257324e-01
6.627130508422851562e-01
7.098721265792846680e-01
6.745048761367797852e-01
5.857694149017333984e-01
5.510745048522949219e-01
5.460400581359863281e-01
6.101585626602172852e-01
6.955859065055847168e-01
5.482971668243408203e-01
6.121236681938171387e-01
6.112033128738403320e-01
5.221168994903564453e-01
6.405763030052185059e-01
6.687744855880737305e-01
6.261624693870544434e-01
6.751569509506225586e-01
6.187102794647216797e-01
5.447057485580444336e-01
6.249827742576599121e-01
7.208585739135742188e-01
6.369533538818359375e-01
5.462460517883300781e-01
6.124620437622070312e-01
5.973687767982482910e-01
7.493987679481506348e-01
6.370671987533569336e-01
5.165387392044067383e-01
6.586076021194458008e-01
7.054277062416076660e-01
5.683685541152954102e-01
6.089619398117065430e-01
6.132211685180664062e-01
6.021330356597900391e-01
6.908994913101196289e-01
7.074424028396606445e-01
6.331460475921630859e-01
7.271502017974853516e-01
5.767613649368286133e-01
6.545974016189575195e-01
5.797061324119567871e-01
6.029273271560668945e-01
8.592342138290405273e-01
5.135232210159301758e-01
6.430679559707641602e-01
5.934906005859375000e-01
6.803652048110961914e-01
6.775479316711425781e-01
6.099470853805541992e-01
5.423763990402221680e-01
6.160280704498291016e-01
6.768028736114501953e-01
6.783977746963500977e-01
5.941056013107299805e-01
7.603785991668701172e-01
6.714826822280883789e-01
7.584952116012573242e-01
6.885797977447509766e-01
6.242491006851196289e-01
6.380491852760314941e-01
6.236297488212585449e-01
6.549884676933288574e-01
6.763368844985961914e-01
6.212944388389587402e-01
7.390506267547607422e-01
6.379839181900024414e-01
5.277020931243896484e-01
5.263291597366333008e-01
5.872012376785278320e-01
6.542207002639770508e-01
6.390722990036010742e-01
8.718678355216979980e-01
5.073330402374267578e-01
5.823357701301574707e-01
6.650598049163818359e-01
6.390675306320190430e-01
6.821199655532836914e-01
6.100502014160156250e-01
7.003045082092285156e-01
7.022396922111511230e-01
6.480859518051147461e-01
7.144414782524108887e-01
6.121836900711059570e-01
6.226197481155395508e-01
5.599726438522338867e-01
5.851462483406066895e-01
6.095057725906372070e-01
6.029502153396606445e-01
6.052843332290649414e-01
6.979007720947265625e-01
6.120460033416748047e-01
6.121802330017089844e-01
6.303153634071350098e-01
5.033370256423950195e-01
6.441783905029296875e-01
5.967103242874145508e-01
7.909423112869262695e-01
7.011907100677490234e-01
6.763354539871215820e-01
6.294965744018554688e-01
5.643667578697204590e-01
7.937667369842529297e-01
6.464667916297912598e-01
6.814665198326110840e-01
6.534215211868286133e-01
6.710668802261352539e-01
6.383490562438964844e-01
7.311410903930664062e-01
6.209729313850402832e-01
5.386165380477905273e-01
6.265896558761596680e-01
8.410667181015014648e-01
6.278702020645141602e-01
7.372354865074157715e-01
7.149248719215393066e-01
7.364588975906372070e-01
5.608594417572021484e-01
6.475585103034973145e-01
7.170476913452148438e-01
5.481539368629455566e-01
6.257075071334838867e-01
5.419433116912841797e-01
5.373923778533935547e-01
5.868979096412658691e-01
6.698492765426635742e-01
7.178854942321777344e-01
8.163452744483947754e-01
7.351336479187011719e-01
6.475697755813598633e-01
6.712393164634704590e-01
7.236076593399047852e-01
6.901909708976745605e-01
6.250906586647033691e-01
5.537492036819458008e-01
6.576769351959228516e-01
7.575129270553588867e-01
6.923508048057556152e-01
5.574523210525512695e-01
5.768243074417114258e-01
6.006302833557128906e-01
5.424560904502868652e-01
4.993459582328796387e-01
6.282320618629455566e-01
6.921437978744506836e-01
5.438247919082641602e-01
7.416270375251770020e-01
5.776358842849731445e-01
5.900027751922607422e-01
5.818068385124206543e-01
5.778874158859252930e-01
6.376247406005859375e-01
6.771036982536315918e-01
5.917199850082397461e-01
5.136303901672363281e-01
5.739922523498535156e-01
5.334291458129882812e-01
5.983530282974243164e-01
5.503216385841369629e-01
5.380150675773620605e-01
4.917591810226440430e-01
6.478140354156494141e-01
5.955398082733154297e-01
5.507873296737670898e-01
4.701367020606994629e-01
6.116582751274108887e-01
5.830523967742919922e-01
5.293685793876647949e-01
5.146370530128479004e-01
6.193290352821350098e-01
6.277650594711303711e-01
5.025076270103454590e-01
5.545285940170288086e-01
4.949558675289154053e-01
5.777408480644226074e-01
6.659280061721801758e-01
5.917398929595947266e-01
5.650082230567932129e-01
6.125066280364990234e-01
5.214196443557739258e-01
5.066155195236206055e-01
5.480879545211791992e-01
7.218240499496459961e-01
5.991909503936767578e-01
6.470905542373657227e-01
4.915607869625091553e-01
5.186442136764526367e-01
6.223617196083068848e-01
5.897239446640014648e-01
5.231089591979980469e-01
6.235319375991821289e-01
5.301245450973510742e-01
5.587376356124877930e-01
5.905466675758361816e-01
5.831407308578491211e-01
6.068221330642700195e-01
7.155822515487670898e-01
6.211528778076171875e-01
5.458319187164306641e-01
6.406168937683105469e-01
5.194821357727050781e-01
6.508363485336303711e-01
5.495041012763977051e-01
6.625051498413085938e-01
6.153372526168823242e-01
5.950443744659423828e-01
6.033985614776611328e-01
5.736941099166870117e-01
6.556183695793151855e-01
5.842520594596862793e-01
5.619857311248779297e-01
5.463469028472900391e-01
6.330525875091552734e-01
6.268908977508544922e-01
5.375708937644958496e-01
6.752396821975708008e-01
6.599717736244201660e-01
6.628133058547973633e-01
6.264462471008300781e-01
6.297358870506286621e-01
5.702609419822692871e-01
5.271454453468322754e-01
5.493309497833251953e-01
5.207839012145996094e-01
6.202022433280944824e-01
5.997254848480224609e-01
5.451652407646179199e-01
6.340777873992919922e-01
6.198363304138183594e-01
6.286980509757995605e-01
6.481641530990600586e-01
6.184766292572021484e-01
5.577587485313415527e-01
6.333162784576416016e-01
6.491445302963256836e-01
6.238053441047668457e-01
6.397330760955810547e-01
5.473803877830505371e-01
6.137359738349914551e-01
6.820858120918273926e-01
5.057986974716186523e-01
7.427226901054382324e-01
6.723235845565795898e-01
6.035761833190917969e-01
5.521428585052490234e-01
5.896478295326232910e-01
5.490819215774536133e-01
5.788184404373168945e-01
6.563855409622192383e-01
7.696377038955688477e-01
6.055271625518798828e-01
6.575087308883666992e-01
5.800625085830688477e-01
5.575237274169921875e-01
6.766108274459838867e-01
5.423645973205566406e-01
6.231238842010498047e-01
5.944894552230834961e-01
5.452755689620971680e-01
7.272738218307495117e-01
6.603625416755676270e-01
6.324570178985595703e-01
6.725033521652221680e-01
5.100190043449401855e-01
4.879411458969116211e-01
6.380844116210937500e-01
5.295273661613464355e-01
5.361869335174560547e-01
6.124397516250610352e-01
6.076201796531677246e-01
5.422484874725341797e-01
7.492116689682006836e-01
5.998985171318054199e-01
4.905290901660919189e-01
5.728233456611633301e-01
5.881435871124267578e-01
5.241241455078125000e-01
6.358020305633544922e-01
7.750988006591796875e-01
6.712827682495117188e-01
6.600713729858398438e-01
6.137077808380126953e-01
6.295915842056274414e-01
5.948939919471740723e-01
6.865682005882263184e-01
5.460313558578491211e-01
6.225730180740356445e-01
6.553431153297424316e-01
5.379415154457092285e-01
6.591234207153320312e-01
5.540453791618347168e-01
7.933374047279357910e-01
6.704863309860229492e-01
5.633422136306762695e-01
6.350702643394470215e-01
6.641062498092651367e-01
5.955111384391784668e-01
5.503631830215454102e-01
6.851495504379272461e-01
5.827692747116088867e-01
6.904253959655761719e-01
5.436341762542724609e-01
5.443180799484252930e-01
6.270219683647155762e-01
6.778358221054077148e-01
6.108753681182861328e-01
7.400946617126464844e-01
6.144963502883911133e-01
7.294720411300659180e-01
6.059964895248413086e-01
6.336827278137207031e-01
6.890252828598022461e-01
6.105527877807617188e-01
5.701130628585815430e-01
8.364516496658325195e-01
4.604871869087219238e-01
6.102221012115478516e-01
8.030588626861572266e-01
6.009918451309204102e-01
6.619331836700439453e-01
4.147800803184509277e-01
5.987330079078674316e-01
6.188472509384155273e-01
6.731361150741577148e-01
5.230894088745117188e-01
5.009636282920837402e-01
6.005631089210510254e-01
6.732602715492248535e-01
7.070482373237609863e-01
5.928102731704711914e-01
6.566474437713623047e-01
7.170410156250000000e-01
6.302708387374877930e-01
5.598329305648803711e-01
6.492702960968017578e-01
5.379738807678222656e-01
6.556732058525085449e-01
5.680770874023437500e-01
5.984192490577697754e-01
6.332103013992309570e-01
6.572502851486206055e-01
5.431353449821472168e-01
5.899798870086669922e-01
5.228291749954223633e-01
6.521973609924316406e-01
8.011243939399719238e-01
6.875519752502441406e-01
7.017611265182495117e-01
5.066041350364685059e-01
6.400542259216308594e-01
6.547076702117919922e-01
6.227192878723144531e-01
5.965325832366943359e-01
7.042239904403686523e-01
5.059971213340759277e-01
5.569330453872680664e-01
5.203938484191894531e-01
7.339645624160766602e-01
5.241882801055908203e-01
5.150842666625976562e-01
5.783758163452148438e-01
6.312936544418334961e-01
5.465875864028930664e-01
6.390036344528198242e-01
6.247805356979370117e-01
4.933260381221771240e-01
6.254462003707885742e-01
6.523447036743164062e-01
7.592942714691162109e-01
6.493495702743530273e-01
6.744298338890075684e-01
7.384862303733825684e-01
6.294540762901306152e-01
7.909619212150573730e-01
4.930398464202880859e-01
5.963450670242309570e-01
7.603678703308105469e-01
6.635735034942626953e-01
4.980596303939819336e-01
6.396324038505554199e-01
5.507215857505798340e-01
6.259533166885375977e-01
5.766940116882324219e-01
5.899299383163452148e-01
7.083222270011901855e-01
6.184666156768798828e-01
6.212263703346252441e-01
6.089690923690795898e-01
6.574392318725585938e-01
7.187184691429138184e-01
6.543295383453369141e-01
4.990316927433013916e-01
8.171722888946533203e-01
7.152586579322814941e-01
5.954933166503906250e-01
6.862334609031677246e-01
6.857295036315917969e-01
5.550690889358520508e-01
6.457370519638061523e-01
6.829606294631958008e-01
6.735312938690185547e-01
6.050359010696411133e-01
5.493971705436706543e-01
6.667906045913696289e-01
6.222606897354125977e-01
6.677849292755126953e-01
4.194845557212829590e-01
6.886304616928100586e-01
6.248246431350708008e-01
5.553700923919677734e-01
6.806321740150451660e-01
7.177555561065673828e-01
5.576775074005126953e-01
5.727198123931884766e-01
5.438252091407775879e-01
6.184682846069335938e-01
6.373675465583801270e-01
5.817795395851135254e-01
6.547728776931762695e-01
5.739014148712158203e-01
5.973026156425476074e-01
6.200249791145324707e-01
6.673023700714111328e-01
5.210096240043640137e-01
7.138465642929077148e-01
5.500206947326660156e-01
5.830535888671875000e-01
5.417305231094360352e-01
7.726037502288818359e-01
7.060469388961791992e-01
5.198301076889038086e-01
6.568086743354797363e-01
6.648023128509521484e-01
6.015955805778503418e-01
6.407715082168579102e-01
5.636278390884399414e-01
6.178537607192993164e-01
5.698918104171752930e-01
7.934536337852478027e-01
5.935004949569702148e-01
6.540859341621398926e-01
7.235243320465087891e-01
6.483649015426635742e-01
6.787581443786621094e-01
5.971577167510986328e-01
5.848571658134460449e-01
5.153155326843261719e-01
7.106871604919433594e-01
6.637505292892456055e-01
6.272667646408081055e-01
6.641998291015625000e-01
7.324435114860534668e-01
7.979444861412048340e-01
7.335454821586608887e-01
6.064716577529907227e-01
6.604549288749694824e-01
6.302053928375244141e-01
6.208669543266296387e-01
5.835508108139038086e-01
6.104585528373718262e-01
6.802272796630859375e-01
5.999565124511718750e-01
5.907273888587951660e-01
5.852749347686767578e-01
6.750255227088928223e-01
5.506612062454223633e-01
7.787388563156127930e-01
5.049927234649658203e-01
7.983893156051635742e-01
5.673651695251464844e-01
6.144161224365234375e-01
6.698226928710937500e-01
6.486767530441284180e-01
5.830359458923339844e-01
5.840635895729064941e-01
6.356239914894104004e-01
6.648857593536376953e-01
6.068282127380371094e-01
6.257073879241943359e-01
6.009358167648315430e-01
6.149283051490783691e-01
6.831756234169006348e-01
7.061365842819213867e-01
6.809251308441162109e-01
6.388865113258361816e-01
6.844809055328369141e-01
6.605795621871948242e-01
6.503494381904602051e-01
5.894083380699157715e-01
7.132488489151000977e-01
6.122403144836425781e-01
6.408096551895141602e-01
6.583458781242370605e-01
7.381946444511413574e-01
6.266103982925415039e-01
6.131995916366577148e-01
6.391046047210693359e-01
5.738956928253173828e-01
6.716972589492797852e-01
6.393834352493286133e-01
5.817717313766479492e-01
6.716547608375549316e-01
6.825752258300781250e-01
6.350221633911132812e-01
5.889921188354492188e-01
4.921516776084899902e-01
7.796068787574768066e-01
5.651130676269531250e-01
7.259951233863830566e-01
4.838134646415710449e-01
6.924920678138732910e-01
5.500287413597106934e-01
6.658301353454589844e-01
5.636717081069946289e-01
5.908752679824829102e-01
4.903149008750915527e-01
4.734790921211242676e-01
4.889747202396392822e-01
5.965751409530639648e-01
5.909575223922729492e-01
5.414469838142395020e-01
5.371845960617065430e-01
6.049538850784301758e-01
6.350829005241394043e-01
6.036758422851562500e-01
4.961225986480712891e-01
6.046441793441772461e-01
5.749360322952270508e-01
5.418598055839538574e-01
5.833504796028137207e-01
5.213683843612670898e-01
5.699560642242431641e-01
5.853734016418457031e-01
5.727839469909667969e-01
5.232450366020202637e-01
6.050298213958740234e-01
5.763152837753295898e-01
4.540998935699462891e-01
6.840455532073974609e-01
5.647832155227661133e-01
6.718702316284179688e-01
5.403645038604736328e-01
5.883828997611999512e-01
5.225420594215393066e-01
5.498982071876525879e-01
5.290135145187377930e-01
4.949012398719787598e-01
6.359281539916992188e-01
6.758598089218139648e-01
5.430439114570617676e-01
4.938965439796447754e-01
5.916283130645751953e-01
5.245065689086914062e-01
5.752678513526916504e-01
6.063077449798583984e-01
5.153995156288146973e-01
6.469466686248779297e-01
5.812461972236633301e-01
5.090759992599487305e-01
5.171813964843750000e-01
5.797508358955383301e-01
5.893922448158264160e-01
5.944123268127441406e-01
5.192376375198364258e-01
4.772981107234954834e-01
5.181205272674560547e-01
5.420709848403930664e-01
4.782266020774841309e-01
6.425198912620544434e-01
5.623273849487304688e-01
5.732964277267456055e-01
5.629033446311950684e-01
5.585305690765380859e-01
7.153747081756591797e-01
5.596988797187805176e-01
5.509701967239379883e-01
6.254760026931762695e-01
7.611559629440307617e-01
6.445093154907226562e-01
5.286440849304199219e-01
7.570838928222656250e-01
7.106449604034423828e-01
5.578927993774414062e-01
5.149296522140502930e-01
5.096135735511779785e-01
5.877909064292907715e-01
6.375933885574340820e-01
6.003019809722900391e-01
6.083400249481201172e-01
5.723896026611328125e-01
4.900062680244445801e-01
6.458187699317932129e-01
6.812334656715393066e-01
5.792365074157714844e-01
5.968310832977294922e-01
6.318302154541015625e-01
5.262541770935058594e-01
6.866071224212646484e-01
7.005822658538818359e-01
6.653889417648315430e-01
5.540454387664794922e-01
6.508106589317321777e-01
5.587439537048339844e-01
5.157073736190795898e-01
5.445609092712402344e-01
6.442533135414123535e-01
6.914374828338623047e-01
5.934418439865112305e-01
4.873788058757781982e-01
6.710785031318664551e-01
5.275870561599731445e-01
4.756191968917846680e-01
5.270785093307495117e-01
5.882304906845092773e-01
6.303084492683410645e-01
6.638383269309997559e-01
5.912007093429565430e-01
7.006106376647949219e-01
6.418733596801757812e-01
6.496977806091308594e-01
5.524835586547851562e-01
5.606067180633544922e-01
5.853025913238525391e-01
6.878502368927001953e-01
6.816618442535400391e-01
6.193037033081054688e-01
6.343433856964111328e-01
5.994153618812561035e-01
5.101876258850097656e-01
5.859454870223999023e-01
5.587190985679626465e-01
5.355743169784545898e-01
5.467270612716674805e-01
4.861756563186645508e-01
6.139056682586669922e-01
6.895629167556762695e-01
5.001478195190429688e-01
6.304541826248168945e-01
5.355777740478515625e-01
6.258202791213989258e-01
6.002218723297119141e-01
5.501427054405212402e-01
5.980503559112548828e-01
6.356645822525024414e-01
5.888311266899108887e-01
5.977876186370849609e-01
5.563345551490783691e-01
5.228092670440673828e-01
5.795261859893798828e-01
5.381031632423400879e-01
5.483555197715759277e-01
5.649911165237426758e-01
5.945562124252319336e-01
5.579497814178466797e-01
6.279798746109008789e-01
5.788054466247558594e-01
5.723625421524047852e-01
6.719573736190795898e-01
5.672456026077270508e-01
6.392457485198974609e-01
5.409937500953674316e-01
5.491043329238891602e-01
6.532603502273559570e-01
5.954453945159912109e-01
6.701377034187316895e-01
6.252522468566894531e-01
5.812528729438781738e-01
5.409818887710571289e-01
6.766033172607421875e-01
7.526611089706420898e-01
6.450227499008178711e-01
6.865502595901489258e-01
5.684302449226379395e-01
6.037733554840087891e-01
6.178321242332458496e-01
5.995328426361083984e-01
5.889689326286315918e-01
5.424522161483764648e-01
5.833680629730224609e-01
4.872494935989379883e-01
5.395614504814147949e-01
4.700335860252380371e-01
6.629754900932312012e-01
6.938918828964233398e-01
5.291432738304138184e-01
5.450825691223144531e-01
6.099175214767456055e-01
5.707041025161743164e-01
5.677230358123779297e-01
5.383089780807495117e-01
6.064892411231994629e-01
6.025388240814208984e-01
5.974673032760620117e-01
5.668471455574035645e-01
5.788092613220214844e-01
6.340572237968444824e-01
4.929775595664978027e-01
5.163503289222717285e-01
5.180503129959106445e-01
4.725849330425262451e-01
6.929383277893066406e-01
6.816214323043823242e-01
5.752928853034973145e-01
6.665161252021789551e-01
5.757578611373901367e-01
5.459854602813720703e-01
7.010152339935302734e-01
6.247599124908447266e-01
5.838980078697204590e-01
6.425753831863403320e-01
6.329036951065063477e-01
7.280256152153015137e-01
6.507004499435424805e-01
6.465909481048583984e-01
5.608888864517211914e-01
5.357862710952758789e-01
6.486284732818603516e-01
6.831648349761962891e-01
4.802663624286651611e-01
5.443639755249023438e-01
6.207665205001831055e-01
5.944812297821044922e-01
5.766239762306213379e-01
6.559246778488159180e-01
6.850476264953613281e-01
7.382185459136962891e-01
6.493991613388061523e-01
6.169114112854003906e-01
5.506331920623779297e-01
6.699352264404296875e-01
4.298723936080932617e-01
7.115675210952758789e-01
5.606091022491455078e-01
6.486551761627197266e-01
6.484825611114501953e-01
6.260424852371215820e-01
5.988115072250366211e-01
5.743106603622436523e-01
6.530870199203491211e-01
6.505866050720214844e-01
5.221719741821289062e-01
6.421598792076110840e-01
6.501900553703308105e-01
6.195855736732482910e-01
5.409956574440002441e-01
6.720123887062072754e-01
7.295848727226257324e-01
7.156491279602050781e-01
5.872203111648559570e-01
7.062483429908752441e-01
6.343451142311096191e-01
6.636565327644348145e-01
6.602435111999511719e-01
5.206964015960693359e-01
6.121666431427001953e-01
5.656465888023376465e-01
6.625935435295104980e-01
6.549229025840759277e-01
7.114230394363403320e-01
6.262992620468139648e-01
6.522161960601806641e-01
6.123464107513427734e-01
6.195225715637207031e-01
7.357167601585388184e-01
5.871872901916503906e-01
5.743883252143859863e-01
5.382854342460632324e-01
6.401433944702148438e-01
5.685954689979553223e-01
6.475260257720947266e-01
6.269335746765136719e-01
6.611215472221374512e-01
5.371878147125244141e-01
6.071611642837524414e-01
7.140582203865051270e-01
6.040312647819519043e-01
6.702176332473754883e-01
7.083148360252380371e-01
5.912702083587646484e-01
6.166234016418457031e-01
5.359190106391906738e-01
6.171616911888122559e-01
5.684351325035095215e-01
5.866478681564331055e-01
6.049233675003051758e-01
6.629042029380798340e-01
6.409248113632202148e-01
5.198629498481750488e-01
5.901759862899780273e-01
5.560487508773803711e-01
6.439671516418457031e-01
6.194272041320800781e-01
7.064955234527587891e-01
5.634931921958923340e-01
5.756569504737854004e-01
7.283652424812316895e-01
6.270529031753540039e-01
6.073748469352722168e-01
6.388373374938964844e-01
6.336064338684082031e-01
6.039845943450927734e-01
6.022642254829406738e-01
5.140823125839233398e-01
5.843074321746826172e-01
6.057184934616088867e-01
6.641913056373596191e-01
5.186753869056701660e-01
5.362135171890258789e-01
8.597437739372253418e-01
6.953019499778747559e-01
5.661444664001464844e-01
7.052743434906005859e-01
5.865681767463684082e-01
5.444608926773071289e-01
6.683605313301086426e-01
5.917360782623291016e-01
6.565198898315429688e-01
6.022532582283020020e-01
7.026985883712768555e-01
6.512175202369689941e-01
6.949550509452819824e-01
5.261696577072143555e-01
5.325101017951965332e-01
5.881186723709106445e-01
6.243803501129150391e-01
6.320955753326416016e-01
6.462600231170654297e-01
6.236330270767211914e-01
5.630457401275634766e-01
7.719188332557678223e-01
6.647180318832397461e-01
6.675817966461181641e-01
5.181493759155273438e-01
5.022303462028503418e-01
5.628332495689392090e-01
6.205967068672180176e-01
6.629683971405029297e-01
5.883237123489379883e-01
5.065786838531494141e-01
5.494322776794433594e-01
7.013430595397949219e-01
6.407639980316162109e-01
6.616171598434448242e-01
6.545516252517700195e-01
5.216842889785766602e-01
6.008747220039367676e-01
6.286072134971618652e-01
6.098123192787170410e-01
7.206795215606689453e-01
6.679487228393554688e-01
7.078348994255065918e-01
6.098250150680541992e-01
7.231266498565673828e-01
6.990846395492553711e-01
5.513191819190979004e-01
5.673979520797729492e-01
5.866875648498535156e-01
8.792436122894287109e-01
5.746495723724365234e-01
5.676379203796386719e-01
4.922102093696594238e-01
5.501441955566406250e-01
5.012050271034240723e-01
5.693299770355224609e-01
6.915727257728576660e-01
5.627965927124023438e-01
6.273786425590515137e-01
6.080672144889831543e-01
6.321526765823364258e-01
5.333087444305419922e-01
5.362685322761535645e-01
4.501343369483947754e-01
6.093268394470214844e-01
5.713515281677246094e-01
6.725164651870727539e-01
5.664810538291931152e-01
5.902661681175231934e-01
5.928848981857299805e-01
6.110935211181640625e-01
5.429857969284057617e-01
5.759980678558349609e-01
5.888119339942932129e-01
6.735090017318725586e-01
6.175571680068969727e-01
5.744283199310302734e-01
4.854088425636291504e-01
5.526593923568725586e-01
5.807136297225952148e-01
7.370665669441223145e-01
5.363795161247253418e-01
5.207774639129638672e-01
6.685216426849365234e-01
4.632646739482879639e-01
6.050686240196228027e-01
4.866633415222167969e-01
5.251877903938293457e-01
6.269662380218505859e-01
6.003059744834899902e-01
5.624977350234985352e-01
5.542790293693542480e-01
5.707655549049377441e-01
5.177531838417053223e-01
8.446688652038574219e-01
5.006702542304992676e-01
6.374723911285400391e-01
5.197347402572631836e-01
5.095959901809692383e-01
6.301735639572143555e-01
5.698293447494506836e-01
5.713164210319519043e-01
6.151905655860900879e-01
6.299177408218383789e-01
5.641576051712036133e-01
4.734699130058288574e-01
5.647369027137756348e-01
5.703826546669006348e-01
6.724539995193481445e-01
5.678237676620483398e-01
5.398036241531372070e-01
5.767129659652709961e-01
5.401061773300170898e-01
5.472754240036010742e-01
7.002648711204528809e-01
5.655931234359741211e-01
5.425237417221069336e-01
5.173093080520629883e-01
6.477385163307189941e-01
7.274198532104492188e-01
5.200506448745727539e-01
5.796520709991455078e-01
5.370731949806213379e-01
5.983421802520751953e-01
6.177878379821777344e-01
5.279819965362548828e-01
6.554504632949829102e-01
5.662914514541625977e-01
5.415000915527343750e-01
4.863779842853546143e-01
6.252961158752441406e-01
5.791314840316772461e-01
4.382577836513519287e-01
5.143967866897583008e-01
5.030191540718078613e-01
6.239573955535888672e-01
5.732213258743286133e-01
5.840465426445007324e-01
5.591218471527099609e-01
6.016783714294433594e-01
5.453085899353027344e-01
5.684530735015869141e-01
6.038590669631958008e-01
4.474898576736450195e-01
4.087534546852111816e-01
6.067144274711608887e-01
5.741602182388305664e-01
4.400153756141662598e-01
6.247268915176391602e-01
5.765895843505859375e-01
5.792476534843444824e-01
6.695575714111328125e-01
5.550549030303955078e-01
5.090432167053222656e-01
6.823988556861877441e-01
6.435755491256713867e-01
5.463812947273254395e-01
6.012162566184997559e-01
5.725582838058471680e-01
7.036840915679931641e-01
6.173363924026489258e-01
4.935768246650695801e-01
4.803325235843658447e-01
5.096698999404907227e-01
5.582350492477416992e-01
7.075187563896179199e-01
6.130018234252929688e-01
5.029637813568115234e-01
6.646763682365417480e-01
6.008632183074951172e-01
5.115689635276794434e-01
5.706223249435424805e-01
6.178619861602783203e-01
5.096803903579711914e-01
6.003362536430358887e-01
4.830541610717773438e-01
5.486828088760375977e-01
6.123963594436645508e-01
6.809207201004028320e-01
6.744462251663208008e-01
5.453134775161743164e-01
6.587226390838623047e-01
5.389081239700317383e-01
7.918336987495422363e-01
5.274533629417419434e-01
5.597783923149108887e-01
4.999333620071411133e-01
5.497236847877502441e-01
6.271972060203552246e-01
4.836471080780029297e-01
5.862474441528320312e-01
5.140932202339172363e-01
5.769499540328979492e-01
5.124248266220092773e-01
6.245403289794921875e-01
5.367044210433959961e-01
6.219336986541748047e-01
6.067709922790527344e-01
5.698531866073608398e-01
5.030556917190551758e-01
6.927277445793151855e-01
6.191744804382324219e-01
6.063968539237976074e-01
5.139395594596862793e-01
4.766654372215270996e-01
7.418228387832641602e-01
6.054274439811706543e-01
6.695923805236816406e-01
5.052262544631958008e-01
5.125669240951538086e-01
5.976840257644653320e-01
6.476985216140747070e-01
6.101093292236328125e-01
5.246781706809997559e-01
5.795295238494873047e-01
5.606617331504821777e-01
6.199147701263427734e-01
5.346999168395996094e-01
5.809165239334106445e-01
7.317529320716857910e-01
6.010008454322814941e-01
5.584586858749389648e-01
5.884984731674194336e-01
6.021360158920288086e-01
6.344016790390014648e-01
5.567858219146728516e-01
6.107537150382995605e-01
6.373901367187500000e-01
5.425781011581420898e-01
4.787236452102661133e-01
5.426502227783203125e-01
6.237430572509765625e-01
5.258796215057373047e-01
5.434086322784423828e-01
5.238702297210693359e-01
4.705899059772491455e-01
6.208982467651367188e-01
7.918091416358947754e-01
5.037430524826049805e-01
5.954526662826538086e-01
5.422983169555664062e-01
5.263012051582336426e-01
5.900046825408935547e-01
6.790195703506469727e-01
6.065469980239868164e-01
6.047506332397460938e-01
6.214859485626220703e-01
5.179662108421325684e-01
6.019273996353149414e-01
5.435431003570556641e-01
5.426827669143676758e-01
5.904775857925415039e-01
4.793643951416015625e-01
7.160639762878417969e-01
4.982434511184692383e-01
6.400039792060852051e-01
5.714067816734313965e-01
4.996809959411621094e-01
6.658062934875488281e-01
5.212214589118957520e-01
5.365769863128662109e-01
6.063615083694458008e-01
5.882225036621093750e-01
5.495559573173522949e-01
6.489204764366149902e-01
6.530243754386901855e-01
5.201381444931030273e-01
5.462712049484252930e-01
7.313039302825927734e-01
6.254162788391113281e-01
5.526019334793090820e-01
7.219902276992797852e-01
5.269002914428710938e-01
6.674925684928894043e-01
5.403124094009399414e-01
5.957957506179809570e-01
5.636833906173706055e-01
5.771681070327758789e-01
5.042679309844970703e-01
7.005520462989807129e-01
4.568457603454589844e-01
5.526520013809204102e-01
5.840300917625427246e-01
6.349109411239624023e-01
5.285789966583251953e-01
5.155044794082641602e-01
5.418671369552612305e-01
7.046858072280883789e-01
6.388195157051086426e-01
6.132416129112243652e-01
6.327511072158813477e-01
6.702907085418701172e-01
6.368921399116516113e-01
5.188423395156860352e-01
5.311620235443115234e-01
5.246354341506958008e-01
6.233409643173217773e-01
5.475420951843261719e-01
6.732659935951232910e-01
6.096791028976440430e-01
5.830377340316772461e-01
6.824651956558227539e-01
5.747034549713134766e-01
5.538340806961059570e-01
6.486996412277221680e-01
6.250043511390686035e-01
5.403954386711120605e-01
6.381579637527465820e-01
5.499793291091918945e-01
6.880609989166259766e-01
6.539130210876464844e-01
5.855084061622619629e-01
5.678142905235290527e-01
6.716854572296142578e-01
5.710557103157043457e-01
6.398640275001525879e-01
5.846536159515380859e-01
6.639063358306884766e-01
5.786403417587280273e-01
5.462470054626464844e-01
7.001246213912963867e-01
5.769996643066406250e-01
5.944879651069641113e-01
6.171420216560363770e-01
6.450907588005065918e-01
6.390581130981445312e-01
6.822714805603027344e-01
6.346989870071411133e-01
5.792441964149475098e-01
6.868867278099060059e-01
4.762484729290008545e-01
5.289114713668823242e-01
5.838674902915954590e-01
6.674948930740356445e-01
6.683323979377746582e-01
4.519387185573577881e-01
6.929739713668823242e-01
6.066148877143859863e-01
4.998553991317749023e-01
5.759605765342712402e-01
6.372622251510620117e-01
5.153428912162780762e-01
4.603116810321807861e-01
6.961280107498168945e-01
5.667528510093688965e-01
6.229970455169677734e-01
7.600760459899902344e-01
5.641204118728637695e-01
6.115502119064331055e-01
6.950497031211853027e-01
6.219010353088378906e-01
5.055390596389770508e-01
6.499847173690795898e-01
5.936273336410522461e-01
6.618998050689697266e-01
6.515316963195800781e-01
6.421567201614379883e-01
6.531190872192382812e-01
5.832364559173583984e-01
5.856872200965881348e-01
6.601351499557495117e-01
5.749044418334960938e-01
4.882507324218750000e-01
6.200839877128601074e-01
5.734180212020874023e-01
5.626485347747802734e-01
6.069463491439819336e-01
6.412837505340576172e-01
7.235620021820068359e-01
5.373416543006896973e-01
4.759919047355651855e-01
7.805627584457397461e-01
6.749554872512817383e-01
6.603559255599975586e-01
5.973212718963623047e-01
5.932684540748596191e-01
6.318310499191284180e-01
6.325659751892089844e-01
5.582118034362792969e-01
6.754694581031799316e-01
6.485018134117126465e-01
6.621163487434387207e-01
6.639828085899353027e-01
5.985857844352722168e-01
6.161931753158569336e-01
5.299320816993713379e-01
6.932439804077148438e-01
5.458993911743164062e-01
5.614979863166809082e-01
6.324805021286010742e-01
6.685516834259033203e-01
5.670623183250427246e-01
7.263411283493041992e-01
5.677707195281982422e-01
7.478134036064147949e-01
6.398686170578002930e-01
6.531239748001098633e-01
5.531349182128906250e-01
6.194837689399719238e-01
6.227380633354187012e-01
5.965613722801208496e-01
4.598553180694580078e-01
5.541818737983703613e-01
5.482040643692016602e-01
6.004679203033447266e-01
6.539601087570190430e-01
5.753391981124877930e-01
5.729355812072753906e-01
6.870007514953613281e-01
6.257462501525878906e-01
6.320168972015380859e-01
5.101273059844970703e-01
4.811030626296997070e-01
5.263891816139221191e-01
5.280747413635253906e-01
5.439767837524414062e-01
6.340891122817993164e-01
5.251567363739013672e-01
4.676886200904846191e-01
5.699174404144287109e-01
5.976845026016235352e-01
5.625719428062438965e-01
4.873886108398437500e-01
5.321061611175537109e-01
4.583092033863067627e-01
5.267250537872314453e-01
5.785368680953979492e-01
5.106384754180908203e-01
5.264772176742553711e-01
5.184287428855895996e-01
6.134970188140869141e-01
5.461108684539794922e-01
5.326012372970581055e-01
5.561868548393249512e-01
5.121115446090698242e-01
6.033405065536499023e-01
4.538816213607788086e-01
5.058718323707580566e-01
5.781391859054565430e-01
4.873307943344116211e-01
4.814429283142089844e-01
4.649240076541900635e-01
5.944695472717285156e-01
5.794595479965209961e-01
4.731918573379516602e-01
4.881270825862884521e-01
4.884601533412933350e-01
6.568482518196105957e-01
5.547765493392944336e-01
6.321910023689270020e-01
6.634541749954223633e-01
4.861356914043426514e-01
5.567477941513061523e-01
4.529014229774475098e-01
4.894131124019622803e-01
5.448185205459594727e-01
6.204664707183837891e-01
5.944400429725646973e-01
5.508606433868408203e-01
4.942122101783752441e-01
5.692013502120971680e-01
5.930364131927490234e-01
4.420974850654602051e-01
6.233023405075073242e-01
5.345364809036254883e-01
4.407593309879302979e-01
5.450671911239624023e-01
5.449403524398803711e-01
5.196491479873657227e-01
6.066137552261352539e-01
6.339442133903503418e-01
4.163899421691894531e-01
5.674120187759399414e-01
4.667382240295410156e-01
6.758633852005004883e-01
5.150513648986816406e-01
5.707045793533325195e-01
5.259123444557189941e-01
4.655784368515014648e-01
5.642364025115966797e-01
5.744280815124511719e-01
5.514317154884338379e-01
5.483412146568298340e-01
5.688003301620483398e-01
5.668457746505737305e-01
5.174445509910583496e-01
5.801746845245361328e-01
4.782207310199737549e-01
4.947268068790435791e-01
6.551126241683959961e-01
5.245778560638427734e-01
4.930119216442108154e-01
5.308107137680053711e-01
5.523133277893066406e-01
5.591248273849487305e-01
5.290446281433105469e-01
4.930264949798583984e-01
6.239132285118103027e-01
6.198127269744873047e-01
4.673658609390258789e-01
5.677406787872314453e-01
6.084105968475341797e-01
5.791998505592346191e-01
4.602925777435302734e-01
5.422422885894775391e-01
5.743414163589477539e-01
5.895636677742004395e-01
5.416812896728515625e-01
4.708567261695861816e-01
5.366082787513732910e-01
6.080920100212097168e-01
5.338878631591796875e-01
3.976894617080688477e-01
6.678081750869750977e-01
6.592241525650024414e-01
4.505905807018280029e-01
6.285027861595153809e-01
6.590464711189270020e-01
5.828340649604797363e-01
6.745671033859252930e-01
5.959295034408569336e-01
6.792308092117309570e-01
6.934756040573120117e-01
6.972241997718811035e-01
6.658123731613159180e-01
5.407021045684814453e-01
5.544896125793457031e-01
5.509351491928100586e-01
5.740406513214111328e-01
6.441120505332946777e-01
5.666410923004150391e-01
5.819141864776611328e-01
4.565382003784179688e-01
5.673298835754394531e-01
6.750128269195556641e-01
4.529376029968261719e-01
5.650928020477294922e-01
5.422964692115783691e-01
5.463947057723999023e-01
5.676668882369995117e-01
5.563454031944274902e-01
6.248920559883117676e-01
5.719604492187500000e-01
6.268086433410644531e-01
5.468699336051940918e-01
5.218385457992553711e-01
5.565936565399169922e-01
5.256856679916381836e-01
4.880237281322479248e-01
5.369380116462707520e-01
5.493378639221191406e-01
6.583554744720458984e-01
5.580282211303710938e-01
5.873033404350280762e-01
6.386598348617553711e-01
5.990980863571166992e-01
5.862206220626831055e-01
5.636264681816101074e-01
6.052585840225219727e-01
6.260465383529663086e-01
6.003465652465820312e-01
6.884279251098632812e-01
5.362609624862670898e-01
5.458330512046813965e-01
6.852695941925048828e-01
6.657615900039672852e-01
5.971133112907409668e-01
6.442558765411376953e-01
5.234041810035705566e-01
5.934477448463439941e-01
5.474319458007812500e-01
4.072286486625671387e-01
6.255848407745361328e-01
5.515402555465698242e-01
4.923017323017120361e-01
4.714161157608032227e-01
5.611868500709533691e-01
4.553633332252502441e-01
6.233293414115905762e-01
6.866313219070434570e-01
5.267360806465148926e-01
5.373429656028747559e-01
5.488887429237365723e-01
5.776281356811523438e-01
6.732752323150634766e-01
5.701290369033813477e-01
6.383450031280517578e-01
5.629476308822631836e-01
5.492548346519470215e-01
5.143300294876098633e-01
5.738554000854492188e-01
5.347110033035278320e-01
6.478861570358276367e-01
5.492820739746093750e-01
7.187970876693725586e-01
4.607414603233337402e-01
5.144996643066406250e-01
6.916674971580505371e-01
7.754667401313781738e-01
6.013960838317871094e-01
4.906275272369384766e-01
5.253676772117614746e-01
4.879567027091979980e-01
5.608499646186828613e-01
4.771243333816528320e-01
6.334407329559326172e-01
5.829083919525146484e-01
5.444454550743103027e-01
5.094531178474426270e-01
5.307697653770446777e-01
5.176830291748046875e-01
4.405871927738189697e-01
6.007003188133239746e-01
6.228927373886108398e-01
5.319156646728515625e-01
6.170444488525390625e-01
5.902459621429443359e-01
6.132707595825195312e-01
6.707997918128967285e-01
5.431783199310302734e-01
5.294250249862670898e-01
5.811445713043212891e-01
5.180412530899047852e-01
5.775730609893798828e-01
4.973413944244384766e-01
6.258512139320373535e-01
4.634411931037902832e-01
6.802651286125183105e-01
5.657997131347656250e-01
6.950124502182006836e-01
5.729126334190368652e-01
4.910450279712677002e-01
5.538312196731567383e-01
5.356155633926391602e-01
5.660446286201477051e-01
7.725821733474731445e-01
5.102788209915161133e-01
5.830229520797729492e-01
5.925819277763366699e-01
6.433556675910949707e-01
5.843009352684020996e-01
5.457031726837158203e-01
5.332838296890258789e-01
6.494733095169067383e-01
5.073965787887573242e-01
5.908744931221008301e-01
5.181733965873718262e-01
7.819927930831909180e-01
5.914806127548217773e-01
5.589455962181091309e-01
6.324260234832763672e-01
5.255826115608215332e-01
5.469088554382324219e-01
5.802227258682250977e-01
5.563374757766723633e-01
6.718008518218994141e-01
5.709438920021057129e-01
5.643235445022583008e-01
6.004799604415893555e-01
6.234393119812011719e-01
5.236497521400451660e-01
5.867439508438110352e-01
6.109783649444580078e-01
5.623418092727661133e-01
6.278524398803710938e-01
5.642253160476684570e-01
5.853539109230041504e-01
5.551372766494750977e-01
6.039173603057861328e-01
5.698230266571044922e-01
4.954072833061218262e-01
6.313303709030151367e-01
6.070019006729125977e-01
5.803488492965698242e-01
6.175231337547302246e-01
5.655069947242736816e-01
5.469653010368347168e-01
6.319252848625183105e-01
5.866941809654235840e-01
5.779350996017456055e-01
6.305731534957885742e-01
6.168599128723144531e-01
6.668329238891601562e-01
5.540918707847595215e-01
6.521545052528381348e-01
6.001833677291870117e-01
5.723874568939208984e-01
6.755923032760620117e-01
5.780352950096130371e-01
5.358084440231323242e-01
5.569373369216918945e-01
6.481559276580810547e-01
5.819143056869506836e-01
6.527795791625976562e-01
6.848726272583007812e-01
6.311483979225158691e-01
5.833078026771545410e-01
5.788075923919677734e-01
6.285184025764465332e-01
5.819536447525024414e-01
6.854256391525268555e-01
6.884281635284423828e-01
5.395141839981079102e-01
6.809283494949340820e-01
7.160797715187072754e-01
6.358383893966674805e-01
6.337447166442871094e-01
6.530829668045043945e-01
6.499075293540954590e-01
5.737203359603881836e-01
6.680716276168823242e-01
5.181747674942016602e-01
5.389264225959777832e-01
5.925307273864746094e-01
6.460297703742980957e-01
6.086839437484741211e-01
5.478827953338623047e-01
4.577559530735015869e-01
6.418097019195556641e-01
5.613757371902465820e-01
5.715155005455017090e-01
5.269281864166259766e-01
4.811416566371917725e-01
4.976259171962738037e-01
6.976091265678405762e-01
7.188377380371093750e-01
6.498298645019531250e-01
5.565367937088012695e-01
5.544921159744262695e-01
7.382265925407409668e-01
4.865089356899261475e-01
5.738545060157775879e-01
5.468369126319885254e-01
6.658062338829040527e-01
4.483261704444885254e-01
5.819268226623535156e-01
6.664707660675048828e-01
7.050209045410156250e-01
5.607205629348754883e-01
6.335044503211975098e-01
5.843988060951232910e-01
5.403991937637329102e-01
5.417249798774719238e-01
5.538026690483093262e-01
5.621683597564697266e-01
4.997786879539489746e-01
5.005087852478027344e-01
5.809733867645263672e-01
6.431683301925659180e-01
6.163364648818969727e-01
6.632382869720458984e-01
5.858342647552490234e-01
6.636084914207458496e-01
5.843170881271362305e-01
5.185632109642028809e-01
6.110858917236328125e-01
5.973016023635864258e-01
6.121876239776611328e-01
6.696869134902954102e-01
6.637764573097229004e-01
7.722125053405761719e-01
5.132213830947875977e-01
5.932369232177734375e-01
5.246720910072326660e-01
5.932528972625732422e-01
5.624139308929443359e-01
5.567693710327148438e-01
5.457010269165039062e-01
4.138177037239074707e-01
4.675873517990112305e-01
6.113830208778381348e-01
5.906127691268920898e-01
5.207012891769409180e-01
5.689561367034912109e-01
5.982799530029296875e-01
6.397321224212646484e-01
5.693624019622802734e-01
4.958235025405883789e-01
5.619043111801147461e-01
5.325344204902648926e-01
5.886356830596923828e-01
5.883147716522216797e-01
4.872170984745025635e-01
5.221370458602905273e-01
4.788829088211059570e-01
5.789596438407897949e-01
4.925121963024139404e-01
4.801848530769348145e-01
5.520587563514709473e-01
5.149474740028381348e-01
5.106362700462341309e-01
5.069224834442138672e-01
6.627758145332336426e-01
6.062602996826171875e-01
4.416369497776031494e-01
5.648723244667053223e-01
4.706043601036071777e-01
5.744284391403198242e-01
4.899379312992095947e-01
5.181473493576049805e-01
5.808036923408508301e-01
5.945681333541870117e-01
5.375478267669677734e-01
5.150924921035766602e-01
5.192109346389770508e-01
4.814122617244720459e-01
5.399000644683837891e-01
4.944568872451782227e-01
6.934211254119873047e-01
4.917078316211700439e-01
5.149519443511962891e-01
4.967834055423736572e-01
5.844407081604003906e-01
5.352692604064941406e-01
5.352034568786621094e-01
4.762703180313110352e-01
4.408400356769561768e-01
5.640028715133666992e-01
5.962648391723632812e-01
5.680635571479797363e-01
6.405807733535766602e-01
5.421139001846313477e-01
6.447640657424926758e-01
4.778327941894531250e-01
5.663499832153320312e-01
4.271700978279113770e-01
6.079760789871215820e-01
6.622816324234008789e-01
5.397005081176757812e-01
5.814090967178344727e-01
6.035617589950561523e-01
5.872113704681396484e-01
4.853590130805969238e-01
6.441599130630493164e-01
4.233477711677551270e-01
6.091166138648986816e-01
5.105921626091003418e-01
5.257557630538940430e-01
6.702316999435424805e-01
6.229100227355957031e-01
4.406267702579498291e-01
5.156198740005493164e-01
5.169512629508972168e-01
5.712916254997253418e-01
5.266339778900146484e-01
6.041993498802185059e-01
5.971857309341430664e-01
4.874104857444763184e-01
6.029061675071716309e-01
5.473169088363647461e-01
5.325964689254760742e-01
5.734658837318420410e-01
5.866758823394775391e-01
5.685392022132873535e-01
5.862264633178710938e-01
4.930551350116729736e-01
5.480247139930725098e-01
5.369839668273925781e-01
5.913044214248657227e-01
5.246207714080810547e-01
5.434244871139526367e-01
4.478796124458312988e-01
6.061689853668212891e-01
4.550836980342864990e-01
5.273017883300781250e-01
6.190586090087890625e-01
5.130138993263244629e-01
5.055427551269531250e-01
5.351322889328002930e-01
5.331295132637023926e-01
5.401332974433898926e-01
5.813154578208923340e-01
6.282480955123901367e-01
5.244776010513305664e-01
6.233554482460021973e-01
4.956522285938262939e-01
5.015932321548461914e-01
4.665572643280029297e-01
4.686025977134704590e-01
4.991777539253234863e-01
5.952531099319458008e-01
7.343063354492187500e-01
5.305609107017517090e-01
5.918943285942077637e-01
6.169232130050659180e-01
4.940301179885864258e-01
5.001804828643798828e-01
5.702381730079650879e-01
4.663646817207336426e-01
5.814121961593627930e-01
4.967098534107208252e-01
5.707419514656066895e-01
4.915647506713867188e-01
6.489520668983459473e-01
6.022815704345703125e-01
5.676167011260986328e-01
6.369004845619201660e-01
6.728985309600830078e-01
5.740130543708801270e-01
6.518559455871582031e-01
5.344878435134887695e-01
5.960426330566406250e-01
5.120340585708618164e-01
5.701084733009338379e-01
6.378638744354248047e-01
5.219002366065979004e-01
7.864749431610107422e-01
5.445198416709899902e-01
5.909252762794494629e-01
5.614494085311889648e-01
6.244760155677795410e-01
5.430511832237243652e-01
5.925967693328857422e-01
5.139854550361633301e-01
5.422256588935852051e-01
4.629114568233489990e-01
6.672422289848327637e-01
5.333781242370605469e-01
6.265193223953247070e-01
4.620779156684875488e-01
5.700818300247192383e-01
4.877448678016662598e-01
5.008078813552856445e-01
6.285479068756103516e-01
6.470389962196350098e-01
5.347882509231567383e-01
5.699576139450073242e-01
4.566344320774078369e-01
4.724124372005462646e-01
4.798203110694885254e-01
5.135622620582580566e-01
5.264190435409545898e-01
5.612146854400634766e-01
5.990566015243530273e-01
5.534181594848632812e-01
4.953595995903015137e-01
6.032615900039672852e-01
4.590132236480712891e-01
6.588880419731140137e-01
5.193766355514526367e-01
6.287952661514282227e-01
6.305333971977233887e-01
5.196328163146972656e-01
6.060388088226318359e-01
5.125162601470947266e-01
4.835253953933715820e-01
5.956053733825683594e-01
4.965827167034149170e-01
5.323903560638427734e-01
4.837425947189331055e-01
5.400181412696838379e-01
5.120190382003784180e-01
5.613192319869995117e-01
4.979229271411895752e-01
5.127303004264831543e-01
6.143533587455749512e-01
5.032062530517578125e-01
6.696082353591918945e-01
5.865412950515747070e-01
6.752295494079589844e-01
6.285252571105957031e-01
4.990516304969787598e-01
4.700174927711486816e-01
6.260203123092651367e-01
6.093581914901733398e-01
6.713107824325561523e-01
5.186659097671508789e-01
5.248644351959228516e-01
4.585950076580047607e-01
5.703257322311401367e-01
4.862832427024841309e-01
4.735188186168670654e-01
5.491894483566284180e-01
5.799983143806457520e-01
5.222048759460449219e-01
5.489494800567626953e-01
5.364308357238769531e-01
6.175996065139770508e-01
6.224824190139770508e-01
4.426864981651306152e-01
5.908526182174682617e-01
6.158297061920166016e-01
5.504930615425109863e-01
6.363670229911804199e-01
4.836814105510711670e-01
5.356332659721374512e-01
5.920720100402832031e-01
5.490669012069702148e-01
4.965539872646331787e-01
5.658603906631469727e-01
6.040482521057128906e-01
5.521500110626220703e-01
5.315365791320800781e-01
5.305859446525573730e-01
7.195729017257690430e-01
6.103971600532531738e-01
5.349012613296508789e-01
5.497591495513916016e-01
5.018578171730041504e-01
5.401297807693481445e-01
5.558866262435913086e-01
5.306792259216308594e-01
3.924752473831176758e-01
5.632442831993103027e-01
5.524273514747619629e-01
5.458858609199523926e-01
6.472265124320983887e-01
6.582973003387451172e-01
5.890465974807739258e-01
5.515937209129333496e-01
4.906480312347412109e-01
5.780025720596313477e-01
6.335016489028930664e-01
7.057877779006958008e-01
5.640254020690917969e-01
6.901779174804687500e-01
5.948112607002258301e-01
5.623803734779357910e-01
4.240427315235137939e-01
6.922065019607543945e-01
5.250675678253173828e-01
5.216644406318664551e-01
5.366699695587158203e-01
6.807535886764526367e-01
5.345122814178466797e-01
5.551781058311462402e-01
6.297558546066284180e-01
5.370918512344360352e-01
4.816638827323913574e-01
6.190259456634521484e-01
5.276479721069335938e-01
5.977449417114257812e-01
5.911096334457397461e-01
5.392131805419921875e-01
6.154353618621826172e-01
6.490587592124938965e-01
6.562339663505554199e-01
5.447440147399902344e-01
5.146438479423522949e-01
6.860647201538085938e-01
6.177906394004821777e-01
5.465953946113586426e-01
4.891454577445983887e-01
5.798896551132202148e-01
5.717555284500122070e-01
6.103644371032714844e-01
6.442810893058776855e-01
5.469055175781250000e-01
6.103121042251586914e-01
7.007719278335571289e-01
6.272879242897033691e-01
6.042427420616149902e-01
6.353868842124938965e-01
5.292502045631408691e-01
5.632252097129821777e-01
6.358651518821716309e-01
6.065456867218017578e-01
6.888177394866943359e-01
6.517168283462524414e-01
5.953626036643981934e-01
5.811684131622314453e-01
5.564310550689697266e-01
5.949692726135253906e-01
4.276355504989624023e-01
5.376918315887451172e-01
5.751081705093383789e-01
6.111844778060913086e-01
6.205544471740722656e-01
7.689532041549682617e-01
6.211593151092529297e-01
5.110152959823608398e-01
5.542067289352416992e-01
5.452661514282226562e-01
5.873090028762817383e-01
6.875647306442260742e-01
4.814695119857788086e-01
5.857574939727783203e-01
6.580783724784851074e-01
6.239439845085144043e-01
5.680375099182128906e-01
5.530743598937988281e-01
5.881764292716979980e-01
5.001285076141357422e-01
5.660948753356933594e-01
6.460357904434204102e-01
5.067334175109863281e-01
4.850836992263793945e-01
5.137902498245239258e-01
5.850903987884521484e-01
6.021859049797058105e-01
4.459185004234313965e-01
4.999631047248840332e-01
6.210751533508300781e-01
6.805460453033447266e-01
5.491149425506591797e-01
4.500907957553863525e-01
6.024430394172668457e-01
5.956304073333740234e-01
5.646528601646423340e-01
5.865837335586547852e-01
6.311244368553161621e-01
6.797223687171936035e-01
6.435799598693847656e-01
5.270997285842895508e-01
6.761689186096191406e-01
7.347618341445922852e-01
4.573902487754821777e-01
5.787110328674316406e-01
5.787669420242309570e-01
7.161834239959716797e-01
6.063354015350341797e-01
6.016289591789245605e-01
6.518186330795288086e-01
5.272127389907836914e-01
5.293942093849182129e-01
5.556204915046691895e-01
5.237900018692016602e-01
5.099841356277465820e-01
4.344969689846038818e-01
5.036353468894958496e-01
5.993227958679199219e-01
5.622201561927795410e-01
5.887812972068786621e-01
4.724094867706298828e-01
5.485785007476806641e-01
5.105917453765869141e-01
5.694366693496704102e-01
5.816193222999572754e-01
5.434539914131164551e-01
4.766136407852172852e-01
3.834349513053894043e-01
6.409615278244018555e-01
5.196553468704223633e-01
4.634144902229309082e-01
5.016350746154785156e-01
5.782535076141357422e-01
4.828398227691650391e-01
4.586703181266784668e-01
4.324735403060913086e-01
5.802726745605468750e-01
5.014536976814270020e-01
5.059749484062194824e-01
5.419099926948547363e-01
5.084309577941894531e-01
5.560491085052490234e-01
5.394062995910644531e-01
5.345844030380249023e-01
4.709239006042480469e-01
5.631593465805053711e-01
5.693362951278686523e-01
4.318719208240509033e-01
5.943273305892944336e-01
4.461640417575836182e-01
4.671746492385864258e-01
4.221845865249633789e-01
5.993645787239074707e-01
3.959397375583648682e-01
4.460720419883728027e-01
4.967601895332336426e-01
5.157861709594726562e-01
5.808438062667846680e-01
4.848312735557556152e-01
5.216569304466247559e-01
4.949698448181152344e-01
4.016804695129394531e-01
4.530367851257324219e-01
5.456140637397766113e-01
5.297620296478271484e-01
5.406976938247680664e-01
5.643868446350097656e-01
5.798831582069396973e-01
4.237793087959289551e-01
4.041876792907714844e-01
4.437299668788909912e-01
4.783423542976379395e-01
5.038933753967285156e-01
5.524687767028808594e-01
5.211139917373657227e-01
4.358925223350524902e-01
5.884082317352294922e-01
5.895627737045288086e-01
6.012711524963378906e-01
4.536293447017669678e-01
5.104298591613769531e-01
6.753395795822143555e-01
4.556058645248413086e-01
4.779757857322692871e-01
4.955002069473266602e-01
5.116598606109619141e-01
6.883491277694702148e-01
4.989973902702331543e-01
6.119953393936157227e-01
5.102167129516601562e-01
5.679352283477783203e-01
5.186496973037719727e-01
5.766788125038146973e-01
5.169171094894409180e-01
5.193175077438354492e-01
5.296363234519958496e-01
4.008877575397491455e-01
6.288807392120361328e-01
5.115086436271667480e-01
5.188381671905517578e-01
5.594602823257446289e-01
5.236681699752807617e-01
4.902083277702331543e-01
5.161753892898559570e-01
5.553652048110961914e-01
6.442541480064392090e-01
5.462898612022399902e-01
5.779652595520019531e-01
4.250658154487609863e-01
5.734061002731323242e-01
5.027002692222595215e-01
5.182555913925170898e-01
3.980056345462799072e-01
5.327326059341430664e-01
5.968359112739562988e-01
7.320360541343688965e-01
5.884753465652465820e-01
5.000315904617309570e-01
5.528632402420043945e-01
5.387977957725524902e-01
5.206512808799743652e-01
4.724048972129821777e-01
5.021042823791503906e-01
4.565382897853851318e-01
5.158031582832336426e-01
4.714924395084381104e-01
5.128567814826965332e-01
5.827258229255676270e-01
6.335598826408386230e-01
5.817608833312988281e-01
5.525388121604919434e-01
6.176494359970092773e-01
4.712367653846740723e-01
5.287397503852844238e-01
4.938940703868865967e-01
5.770690441131591797e-01
5.478726625442504883e-01
4.608693420886993408e-01
4.627358913421630859e-01
5.295602083206176758e-01
5.188866853713989258e-01
5.100973844528198242e-01
5.677325725555419922e-01
5.336000919342041016e-01
5.563164353370666504e-01
4.327268004417419434e-01
4.545074105262756348e-01
4.415528774261474609e-01
5.417782068252563477e-01
4.821010231971740723e-01
6.836328506469726562e-01
5.137565732002258301e-01
4.738421738147735596e-01
5.800369977951049805e-01
5.682752132415771484e-01
4.789728522300720215e-01
6.494644880294799805e-01
5.190208554267883301e-01
5.201611518859863281e-01
4.536732435226440430e-01
5.332990288734436035e-01
5.700989365577697754e-01
4.674457907676696777e-01
6.439657807350158691e-01
6.414191722869873047e-01
6.604999303817749023e-01
5.515676140785217285e-01
5.297622680664062500e-01
5.504517555236816406e-01
5.539484024047851562e-01
4.949729144573211670e-01
5.261428356170654297e-01
5.070195198059082031e-01
4.852483570575714111e-01
7.517449855804443359e-01
6.695576906204223633e-01
5.396624207496643066e-01
4.802165925502777100e-01
5.439043641090393066e-01
5.803291797637939453e-01
4.618329107761383057e-01
5.054085850715637207e-01
4.937822520732879639e-01
5.719013214111328125e-01
5.790791511535644531e-01
5.228749513626098633e-01
5.260325074195861816e-01
6.007462739944458008e-01
5.883311033248901367e-01
5.001884698867797852e-01
4.347975254058837891e-01
5.078324079513549805e-01
5.349676609039306641e-01
5.409625768661499023e-01
5.020006299018859863e-01
4.901081919670104980e-01
6.110090613365173340e-01
5.618817210197448730e-01
5.524754524230957031e-01
6.531710028648376465e-01
5.068182945251464844e-01
4.503023922443389893e-01
6.443343758583068848e-01
5.151918530464172363e-01
4.551001191139221191e-01
4.299152493476867676e-01
5.474773645401000977e-01
6.380876302719116211e-01
5.550134778022766113e-01
6.787769794464111328e-01
6.055687665939331055e-01
5.376441478729248047e-01
4.836879372596740723e-01
4.844959378242492676e-01
5.363414287567138672e-01
5.338181257247924805e-01
5.465116500854492188e-01
5.269882082939147949e-01
5.481368899345397949e-01
5.873054265975952148e-01
4.524207115173339844e-01
5.598516464233398438e-01
4.732554852962493896e-01
4.843641817569732666e-01
5.262007117271423340e-01
6.528691053390502930e-01
5.977680683135986328e-01
4.396940171718597412e-01
7.107980251312255859e-01
5.093703269958496094e-01
5.600758790969848633e-01
4.667428731918334961e-01
5.372744202613830566e-01
5.120952129364013672e-01
5.863215923309326172e-01
5.671789646148681641e-01
5.640144348144531250e-01
5.246447920799255371e-01
5.663070082664489746e-01
5.125924348831176758e-01
5.773805379867553711e-01
4.858163297176361084e-01
5.883485674858093262e-01
5.660198330879211426e-01
5.799853801727294922e-01
6.215477585792541504e-01
5.791277289390563965e-01
4.907273352146148682e-01
5.004823803901672363e-01
5.482942461967468262e-01
5.929428339004516602e-01
5.379505157470703125e-01
5.810902118682861328e-01
5.294669866561889648e-01
6.293749809265136719e-01
4.661173522472381592e-01
6.591290235519409180e-01
6.009856462478637695e-01
4.664894044399261475e-01
6.323183774948120117e-01
5.832104682922363281e-01
6.551887392997741699e-01
6.762686371803283691e-01
4.425854682922363281e-01
5.635654926300048828e-01
4.412993490695953369e-01
5.834567546844482422e-01
5.313751101493835449e-01
6.613535881042480469e-01
7.101793289184570312e-01
4.715418815612792969e-01
5.436788201332092285e-01
7.258571386337280273e-01
5.386448502540588379e-01
4.736773073673248291e-01
5.512481927871704102e-01
4.671693444252014160e-01
5.012654066085815430e-01
4.623436331748962402e-01
6.392288208007812500e-01
6.530696749687194824e-01
5.468751192092895508e-01
5.297911763191223145e-01
5.432046651840209961e-01
5.386589765548706055e-01
5.793567895889282227e-01
6.054254174232482910e-01
5.750093460083007812e-01
5.043732523918151855e-01
5.818049907684326172e-01
5.532406568527221680e-01
5.346076488494873047e-01
7.136358022689819336e-01
4.709916114807128906e-01
5.684122443199157715e-01
5.937442779541015625e-01
6.553962230682373047e-01
4.895827472209930420e-01
5.172432661056518555e-01
5.237580537796020508e-01
4.830510616302490234e-01
6.099366545677185059e-01
6.355572938919067383e-01
6.313544511795043945e-01
4.691553711891174316e-01
5.878593325614929199e-01
6.690618991851806641e-01
6.569752097129821777e-01
5.709783434867858887e-01
6.941553354263305664e-01
5.566195845603942871e-01
5.704501867294311523e-01
5.421829223632812500e-01
5.591649413108825684e-01
5.476791858673095703e-01
5.455492734909057617e-01
5.657489299774169922e-01
6.241198778152465820e-01
6.069855690002441406e-01
5.793699622154235840e-01
5.744415521621704102e-01
6.087651252746582031e-01
5.857946276664733887e-01
5.868072509765625000e-01
5.552202463150024414e-01
6.554639935493469238e-01
4.997860789299011230e-01
5.314897298812866211e-01
4.888271391391754150e-01
5.652461647987365723e-01
5.013757944107055664e-01
6.168891191482543945e-01
5.040316581726074219e-01
5.259097814559936523e-01
5.245410203933715820e-01
5.693520307540893555e-01
6.249073147773742676e-01
4.857634305953979492e-01
5.376658439636230469e-01
4.917242527008056641e-01
5.090233087539672852e-01
4.789637327194213867e-01
5.451411604881286621e-01
5.440298318862915039e-01
5.367877483367919922e-01
7.093293666839599609e-01
5.600626468658447266e-01
5.966717600822448730e-01
5.193377733230590820e-01
6.141760349273681641e-01
5.693631172180175781e-01
5.991674661636352539e-01
5.596513748168945312e-01
6.269969940185546875e-01
5.576937198638916016e-01
5.635842084884643555e-01
5.747084617614746094e-01
5.550947189331054688e-01
6.222853064537048340e-01
6.720124483108520508e-01
6.289901733398437500e-01
5.107406973838806152e-01
5.761744976043701172e-01
6.601263880729675293e-01
6.066470146179199219e-01
5.343087911605834961e-01
5.671393871307373047e-01
5.551246404647827148e-01
5.327430367469787598e-01
5.593118667602539062e-01
4.747385978698730469e-01
5.056723356246948242e-01
4.836996793746948242e-01
5.378799438476562500e-01
4.223256707191467285e-01
5.199666023254394531e-01
5.822880268096923828e-01
4.768392145633697510e-01
5.875734686851501465e-01
4.474640488624572754e-01
5.713677406311035156e-01
5.823036432266235352e-01
5.257065892219543457e-01
4.742223620414733887e-01
5.491725206375122070e-01
4.151242077350616455e-01
4.685881137847900391e-01
4.873332977294921875e-01
4.977458119392395020e-01
5.386789441108703613e-01
5.157968401908874512e-01
3.412826061248779297e-01
4.300554096698760986e-01
6.003145575523376465e-01
5.540523529052734375e-01
4.961670041084289551e-01
5.101406574249267578e-01
4.864950478076934814e-01
5.217249989509582520e-01
5.150974392890930176e-01
4.987232089042663574e-01
5.329998731613159180e-01
4.405901432037353516e-01
4.310963451862335205e-01
6.007312536239624023e-01
4.388415217399597168e-01
5.191863775253295898e-01
5.039466619491577148e-01
5.107389688491821289e-01
4.744724333286285400e-01
4.762708544731140137e-01
5.776970982551574707e-01
5.247640609741210938e-01
4.600436389446258545e-01
5.657522678375244141e-01
4.957872629165649414e-01
5.432981252670288086e-01
4.643997550010681152e-01
5.387712121009826660e-01
5.275217890739440918e-01
3.837169408798217773e-01
5.045232176780700684e-01
4.562735855579376221e-01
4.992535114288330078e-01
5.074511766433715820e-01
3.680594861507415771e-01
5.593729019165039062e-01
5.174195766448974609e-01
6.466863751411437988e-01
4.708225131034851074e-01
5.166858434677124023e-01
4.851504564285278320e-01
5.355498790740966797e-01
5.217876434326171875e-01
5.261851549148559570e-01
5.547893047332763672e-01
4.465733170509338379e-01
5.854400396347045898e-01
6.055077314376831055e-01
6.221134066581726074e-01
4.866561889648437500e-01
4.496410787105560303e-01
4.809351265430450439e-01
4.585954844951629639e-01
4.189177751541137695e-01
5.664212703704833984e-01
5.919578075408935547e-01
6.298708915710449219e-01
4.703413546085357666e-01
5.287952423095703125e-01
4.868732690811157227e-01
3.627384901046752930e-01
5.004438757896423340e-01
5.921637415885925293e-01
5.939771533012390137e-01
6.174535155296325684e-01
4.828767180442810059e-01
5.976756811141967773e-01
5.102370381355285645e-01
4.913523495197296143e-01
4.674144983291625977e-01
5.780391693115234375e-01
4.444231390953063965e-01
5.433381199836730957e-01
4.585768878459930420e-01
5.255596637725830078e-01
4.242424666881561279e-01
6.284604072570800781e-01
5.470111966133117676e-01
3.848540186882019043e-01
5.491526126861572266e-01
4.692193567752838135e-01
5.085450410842895508e-01
4.994987845420837402e-01
5.378434658050537109e-01
4.846395850181579590e-01
5.034267902374267578e-01
4.499995112419128418e-01
4.547938108444213867e-01
6.003344655036926270e-01
5.442127585411071777e-01
6.001533865928649902e-01
5.500571727752685547e-01
4.784525632858276367e-01
5.024319291114807129e-01
5.624415874481201172e-01
4.895115196704864502e-01
5.699070692062377930e-01
6.019700765609741211e-01
6.129980087280273438e-01
5.158810019493103027e-01
5.187870264053344727e-01
5.157141089439392090e-01
5.386250615119934082e-01
6.006870269775390625e-01
5.701963305473327637e-01
4.549844264984130859e-01
6.454420089721679688e-01
5.792289972305297852e-01
5.719810128211975098e-01
4.697469472885131836e-01
5.499699711799621582e-01
4.583190083503723145e-01
5.377725362777709961e-01
4.743184447288513184e-01
5.470529198646545410e-01
5.367045998573303223e-01
5.460565090179443359e-01
5.691683292388916016e-01
5.242938399314880371e-01
5.239516496658325195e-01
4.590228199958801270e-01
5.727757215499877930e-01
6.433637142181396484e-01
5.635327100753784180e-01
4.887530803680419922e-01
6.269472837448120117e-01
5.537589192390441895e-01
5.145964622497558594e-01
5.313999652862548828e-01
5.381810069084167480e-01
5.533906817436218262e-01
4.768967628479003906e-01
4.668470919132232666e-01
5.109785795211791992e-01
5.705657005310058594e-01
4.297645688056945801e-01
4.272566139698028564e-01
4.560430049896240234e-01
3.823787569999694824e-01
5.889632701873779297e-01
4.940651655197143555e-01
5.601608157157897949e-01
5.492360591888427734e-01
4.796935021877288818e-01
4.996193647384643555e-01
5.104295015335083008e-01
5.215761065483093262e-01
5.289295315742492676e-01
4.933786988258361816e-01
5.442423820495605469e-01
4.834491610527038574e-01
5.567204356193542480e-01
4.661028981208801270e-01
4.882929921150207520e-01
7.111833691596984863e-01
5.709771513938903809e-01
4.589537978172302246e-01
5.217599272727966309e-01
4.960998296737670898e-01
4.469926059246063232e-01
5.230807065963745117e-01
5.716418623924255371e-01
4.900222122669219971e-01
5.474230647087097168e-01
5.365426540374755859e-01
5.161552429199218750e-01
5.375528335571289062e-01
5.088210105895996094e-01
5.212465524673461914e-01
5.077372789382934570e-01
4.984228014945983887e-01
5.861761569976806641e-01
5.127384662628173828e-01
5.151561498641967773e-01
5.474436283111572266e-01
6.130949854850769043e-01
6.007575988769531250e-01
4.647810459136962891e-01
4.922673106193542480e-01
5.412961244583129883e-01
4.857954084873199463e-01
5.390286445617675781e-01
5.110054612159729004e-01
4.696555733680725098e-01
5.731632113456726074e-01
5.181766748428344727e-01
6.940337419509887695e-01
5.153700709342956543e-01
5.727732181549072266e-01
4.519323706626892090e-01
5.029509663581848145e-01
5.414903759956359863e-01
4.811248779296875000e-01
5.179027915000915527e-01
5.614145994186401367e-01
5.515660047531127930e-01
5.006257295608520508e-01
6.100372672080993652e-01
6.501585841178894043e-01
6.339994072914123535e-01
4.621212482452392578e-01
6.125272512435913086e-01
5.377484560012817383e-01
4.787377119064331055e-01
5.275838971138000488e-01
5.083595514297485352e-01
4.573369026184082031e-01
6.343663334846496582e-01
4.612511396408081055e-01
6.063109636306762695e-01
5.327134132385253906e-01
5.232821702957153320e-01
5.557526350021362305e-01
4.648656249046325684e-01
5.145062208175659180e-01
5.451993346214294434e-01
4.798616766929626465e-01
4.940891265869140625e-01
5.035865902900695801e-01
5.725698471069335938e-01
5.348212718963623047e-01
5.487296581268310547e-01
4.691825807094573975e-01
5.557723045349121094e-01
6.607139110565185547e-01
3.779943883419036865e-01
5.637935996055603027e-01
5.084542632102966309e-01
5.401048064231872559e-01
5.140724778175354004e-01
5.893518924713134766e-01
5.296458601951599121e-01
5.336831808090209961e-01
5.355631709098815918e-01
6.182197332382202148e-01
4.949465394020080566e-01
5.160822868347167969e-01
5.070650577545166016e-01
4.656118750572204590e-01
6.339868903160095215e-01
5.396227240562438965e-01
4.849862158298492432e-01
4.881829023361206055e-01
5.007095336914062500e-01
5.420446991920471191e-01
5.927542448043823242e-01
6.558688879013061523e-01
5.160566568374633789e-01
5.155359506607055664e-01
7.395142316818237305e-01
5.704406499862670898e-01
6.009818315505981445e-01
5.181756019592285156e-01
5.222352147102355957e-01
4.915787577629089355e-01
5.383315086364746094e-01
4.844075441360473633e-01
6.412089467048645020e-01
5.358644723892211914e-01
5.832906961441040039e-01
5.393359661102294922e-01
5.735865831375122070e-01
5.093248486518859863e-01
5.319490432739257812e-01
5.471241474151611328e-01
5.509208440780639648e-01
4.680755734443664551e-01
5.806645154953002930e-01
5.386000275611877441e-01
4.473583996295928955e-01
5.975368618965148926e-01
5.773922204971313477e-01
6.894123554229736328e-01
5.024700164794921875e-01
4.467953741550445557e-01
5.608057975769042969e-01
5.682986974716186523e-01
4.939759671688079834e-01
5.933517217636108398e-01
5.104967355728149414e-01
4.717582166194915771e-01
5.506470799446105957e-01
4.983384311199188232e-01
6.228008866310119629e-01
5.559968948364257812e-01
5.656585097312927246e-01
4.810200333595275879e-01
5.017328858375549316e-01
4.947751164436340332e-01
5.706555843353271484e-01
6.465492248535156250e-01
5.949108004570007324e-01
6.336257457733154297e-01
4.971160888671875000e-01
5.704609751701354980e-01
5.508386492729187012e-01
6.638393998146057129e-01
5.696436166763305664e-01
5.866386890411376953e-01
6.252197027206420898e-01
4.806382656097412109e-01
5.439534187316894531e-01
6.085506677627563477e-01
5.567306876182556152e-01
6.276011466979980469e-01
5.675293207168579102e-01
7.172282934188842773e-01
6.094334721565246582e-01
6.392931938171386719e-01
4.932873249053955078e-01
6.702994108200073242e-01
5.640116930007934570e-01
6.392469406127929688e-01
3.989623486995697021e-01
6.615103483200073242e-01
5.685354471206665039e-01
5.292828083038330078e-01
5.126653909683227539e-01
5.244072675704956055e-01
4.531403183937072754e-01
5.142891407012939453e-01
5.635352134704589844e-01
6.302996873855590820e-01
5.734177231788635254e-01
5.941298007965087891e-01
5.507000684738159180e-01
6.497051715850830078e-01
5.069927573204040527e-01
6.025211811065673828e-01
5.748986601829528809e-01
5.965182781219482422e-01
5.740571022033691406e-01
5.931898355484008789e-01
