1.345148658752441406e+01
1.363241577148437500e+01
1.458771705627441406e+01
1.381955528259277344e+01
1.323852157592773438e+01
1.299744796752929688e+01
1.403646183013916016e+01
1.293110847473144531e+01
1.339511489868164062e+01
1.280295181274414062e+01
1.287461662292480469e+01
1.197423744201660156e+01
1.253221797943115234e+01
1.220554256439208984e+01
1.282878112792968750e+01
1.278711891174316406e+01
1.231808090209960938e+01
1.237938308715820312e+01
1.147224807739257812e+01
1.133790969848632812e+01
1.243733596801757812e+01
1.119396209716796875e+01
1.152380752563476562e+01
1.134238052368164062e+01
1.067034149169921875e+01
1.087910461425781250e+01
1.030810642242431641e+01
1.013566207885742188e+01
1.101363372802734375e+01
1.004419898986816406e+01
9.556588172912597656e+00
1.001088619232177734e+01
9.113276481628417969e+00
8.965380668640136719e+00
8.844789505004882812e+00
7.963010311126708984e+00
8.470227241516113281e+00
8.219020843505859375e+00
7.640830993652343750e+00
7.400506496429443359e+00
7.246875286102294922e+00
6.426145553588867188e+00
6.439278602600097656e+00
5.564633369445800781e+00
5.179739952087402344e+00
5.067447185516357422e+00
4.480664253234863281e+00
4.319787502288818359e+00
3.751405715942382812e+00
3.796743392944335938e+00
3.240230560302734375e+00
3.267532587051391602e+00
3.225383758544921875e+00
2.471885919570922852e+00
2.072870254516601562e+00
2.255973815917968750e+00
1.827946424484252930e+00
1.910619854927062988e+00
1.745101094245910645e+00
1.492184638977050781e+00
1.564996004104614258e+00
1.330774784088134766e+00
1.370283842086791992e+00
1.525272607803344727e+00
1.407176256179809570e+00
1.449377536773681641e+00
1.460600376129150391e+00
1.442622065544128418e+00
1.452311396598815918e+00
1.410021185874938965e+00
1.311789751052856445e+00
1.381536006927490234e+00
1.455773234367370605e+00
1.565962195396423340e+00
1.507333993911743164e+00
1.142754793167114258e+00
1.261545300483703613e+00
1.069031953811645508e+00
1.282277822494506836e+00
1.225161194801330566e+00
1.095200300216674805e+00
1.222497224807739258e+00
1.031756877899169922e+00
1.144203186035156250e+00
1.206470608711242676e+00
1.163579702377319336e+00
9.031368494033813477e-01
9.710106253623962402e-01
8.975726366043090820e-01
1.054914951324462891e+00
8.584835529327392578e-01
1.001308679580688477e+00
9.506131410598754883e-01
9.808018207550048828e-01
1.009351968765258789e+00
1.088538289070129395e+00
9.529279470443725586e-01
9.934734702110290527e-01
1.133082389831542969e+00
1.083881735801696777e+00
1.022219657897949219e+00
9.214726090431213379e-01
1.019267082214355469e+00
1.269349813461303711e+00
1.084033250808715820e+00
1.110577821731567383e+00
9.548666477203369141e-01
1.002515077590942383e+00
1.101556658744812012e+00
8.923825025558471680e-01
9.823511242866516113e-01
1.012659430503845215e+00
1.025424122810363770e+00
9.892069101333618164e-01
8.274391889572143555e-01
9.772794246673583984e-01
9.944629073143005371e-01
7.264999151229858398e-01
8.944276571273803711e-01
9.185810685157775879e-01
9.321496486663818359e-01
8.306207060813903809e-01
9.215126633644104004e-01
1.042771100997924805e+00
8.702855706214904785e-01
1.072812795639038086e+00
1.155839920043945312e+00
9.016823768615722656e-01
8.430001735687255859e-01
9.899682998657226562e-01
8.452243804931640625e-01
1.053645253181457520e+00
9.761605262756347656e-01
9.044661521911621094e-01
7.723627090454101562e-01
9.450922012329101562e-01
1.049834251403808594e+00
9.259853363037109375e-01
8.549975156784057617e-01
9.348601102828979492e-01
8.924829959869384766e-01
8.887302875518798828e-01
9.159946441650390625e-01
8.212157487869262695e-01
9.250279068946838379e-01
8.504683971405029297e-01
1.006616115570068359e+00
8.934788703918457031e-01
7.322202920913696289e-01
8.101011514663696289e-01
8.767933249473571777e-01
8.746792078018188477e-01
8.775789141654968262e-01
7.997485399246215820e-01
7.537777423858642578e-01
9.630308747291564941e-01
9.585781097412109375e-01
7.747566699981689453e-01
9.122657775878906250e-01
9.603622555732727051e-01
8.625674843788146973e-01
8.484768867492675781e-01
6.449542045593261719e-01
8.928810358047485352e-01
7.503218054771423340e-01
8.158752918243408203e-01
8.072793483734130859e-01
8.536044955253601074e-01
7.961208224296569824e-01
8.439464569091796875e-01
6.961894035339355469e-01
8.651968836784362793e-01
8.469923734664916992e-01
9.684758782386779785e-01
9.674800634384155273e-01
9.308780431747436523e-01
9.939422011375427246e-01
8.640010356903076172e-01
7.809571027755737305e-01
9.616204500198364258e-01
9.688516259193420410e-01
8.818234205245971680e-01
8.412993550300598145e-01
8.352794647216796875e-01
8.483660221099853516e-01
9.691540598869323730e-01
9.654185771942138672e-01
8.030110597610473633e-01
8.375473022460937500e-01
1.002562046051025391e+00
8.403880596160888672e-01
7.201178669929504395e-01
7.663365602493286133e-01
8.590451478958129883e-01
7.620559930801391602e-01
7.824078798294067383e-01
8.448652029037475586e-01
8.582113981246948242e-01
8.256499767303466797e-01
8.365361094474792480e-01
9.425002336502075195e-01
8.833286762237548828e-01
8.123415112495422363e-01
1.054528951644897461e+00
8.870877623558044434e-01
9.342629909515380859e-01
9.346846938133239746e-01
8.030481338500976562e-01
7.793056368827819824e-01
7.713229656219482422e-01
8.811382055282592773e-01
7.726269960403442383e-01
7.558894753456115723e-01
7.304057478904724121e-01
7.656283378601074219e-01
8.222683668136596680e-01
6.649128198623657227e-01
9.843504428863525391e-01
7.350487709045410156e-01
9.213971495628356934e-01
9.037308692932128906e-01
8.151519298553466797e-01
8.335492014884948730e-01
8.735247254371643066e-01
8.148365020751953125e-01
7.579006552696228027e-01
7.777266502380371094e-01
8.428808450698852539e-01
7.357871532440185547e-01
8.405210971832275391e-01
9.236876964569091797e-01
7.719864845275878906e-01
6.883432865142822266e-01
7.613410949707031250e-01
6.714813113212585449e-01
9.828712940216064453e-01
8.174345493316650391e-01
7.336949110031127930e-01
8.139086961746215820e-01
7.191512584686279297e-01
7.754452824592590332e-01
9.050295352935791016e-01
8.447501659393310547e-01
8.087315559387207031e-01
8.282014131546020508e-01
7.918516397476196289e-01
8.047962188720703125e-01
8.335952758789062500e-01
6.901839971542358398e-01
8.171731233596801758e-01
7.739505767822265625e-01
8.152422904968261719e-01
6.882913708686828613e-01
6.861188411712646484e-01
8.718433976173400879e-01
7.365041971206665039e-01
6.534103751182556152e-01
8.178226351737976074e-01
7.727593183517456055e-01
8.185521364212036133e-01
7.591675519943237305e-01
7.283723354339599609e-01
7.035046815872192383e-01
8.619406223297119141e-01
7.691991329193115234e-01
8.009405136108398438e-01
8.076128363609313965e-01
8.793977499008178711e-01
8.373261690139770508e-01
7.017459869384765625e-01
7.531807422637939453e-01
8.168157339096069336e-01
6.420545578002929688e-01
8.468632102012634277e-01
7.818363904953002930e-01
8.309574127197265625e-01
7.580481171607971191e-01
1.046690344810485840e+00
8.217914700508117676e-01
8.799451589584350586e-01
8.125769495964050293e-01
7.931505441665649414e-01
8.567895889282226562e-01
7.238129377365112305e-01
7.651139497756958008e-01
8.630122542381286621e-01
6.879252195358276367e-01
7.416642308235168457e-01
8.313351869583129883e-01
9.393793940544128418e-01
7.340534925460815430e-01
6.939043998718261719e-01
8.274471759796142578e-01
7.601852416992187500e-01
7.565672397613525391e-01
1.004556059837341309e+00
7.847963571548461914e-01
7.099759578704833984e-01
8.318994045257568359e-01
7.292630672454833984e-01
8.000967502593994141e-01
9.419637918472290039e-01
8.465628623962402344e-01
8.111189007759094238e-01
8.537921905517578125e-01
8.551659584045410156e-01
8.346248269081115723e-01
1.029438257217407227e+00
7.156740427017211914e-01
7.854047417640686035e-01
8.310583233833312988e-01
8.693658113479614258e-01
8.870371580123901367e-01
8.722429275512695312e-01
8.936560750007629395e-01
8.616809248924255371e-01
7.601991891860961914e-01
9.316455721855163574e-01
8.133885264396667480e-01
6.900633573532104492e-01
9.293749928474426270e-01
7.971909046173095703e-01
7.498843073844909668e-01
6.827213764190673828e-01
9.864438772201538086e-01
8.315485119819641113e-01
9.033513069152832031e-01
7.571284174919128418e-01
7.512558698654174805e-01
8.170857429504394531e-01
8.496043682098388672e-01
8.355438709259033203e-01
9.654631614685058594e-01
7.311536073684692383e-01
7.408863306045532227e-01
9.730514883995056152e-01
8.361749649047851562e-01
8.735380172729492188e-01
9.214067459106445312e-01
6.684890985488891602e-01
7.563090920448303223e-01
8.129445314407348633e-01
7.105205655097961426e-01
9.326545000076293945e-01
8.570625782012939453e-01
7.003611326217651367e-01
9.086903929710388184e-01
8.334105610847473145e-01
8.835918903350830078e-01
8.891705274581909180e-01
7.830767035484313965e-01
7.239205837249755859e-01
8.253432512283325195e-01
8.376926779747009277e-01
8.737991452217102051e-01
8.392245769500732422e-01
9.650261402130126953e-01
7.008716464042663574e-01
7.513038516044616699e-01
7.256194353103637695e-01
7.164343595504760742e-01
7.086826562881469727e-01
7.014299631118774414e-01
5.628383159637451172e-01
7.978532314300537109e-01
6.390430927276611328e-01
8.623319864273071289e-01
7.405206561088562012e-01
8.032269477844238281e-01
6.959171891212463379e-01
7.068884372711181641e-01
8.040237426757812500e-01
8.605659008026123047e-01
6.624420881271362305e-01
7.053008079528808594e-01
7.034896016120910645e-01
8.797127604484558105e-01
7.138135433197021484e-01
7.415630817413330078e-01
6.133041381835937500e-01
6.643562316894531250e-01
5.662620663642883301e-01
7.172359824180603027e-01
5.788052082061767578e-01
6.593239307403564453e-01
7.188304662704467773e-01
7.875410318374633789e-01
8.247878551483154297e-01
8.090093135833740234e-01
7.935669422149658203e-01
6.725876331329345703e-01
7.566690444946289062e-01
7.810577154159545898e-01
6.733983159065246582e-01
7.304410934448242188e-01
7.614358663558959961e-01
6.795370578765869141e-01
7.323679924011230469e-01
6.764905452728271484e-01
7.064840793609619141e-01
7.721897959709167480e-01
7.135621309280395508e-01
7.442998886108398438e-01
8.664566278457641602e-01
7.412065863609313965e-01
7.333146929740905762e-01
7.879329919815063477e-01
6.794751882553100586e-01
7.236542701721191406e-01
8.540679812431335449e-01
7.012112736701965332e-01
7.843292951583862305e-01
6.461440324783325195e-01
7.217037081718444824e-01
6.966981887817382812e-01
7.558620572090148926e-01
8.379536867141723633e-01
7.117496728897094727e-01
8.475125432014465332e-01
7.827134132385253906e-01
7.728720307350158691e-01
6.929798126220703125e-01
8.405294418334960938e-01
7.665892839431762695e-01
7.432535886764526367e-01
8.490697145462036133e-01
5.676903724670410156e-01
6.131962537765502930e-01
7.385629415512084961e-01
7.724363803863525391e-01
8.801512718200683594e-01
7.659039497375488281e-01
7.037180662155151367e-01
8.169735670089721680e-01
8.795915842056274414e-01
6.607221364974975586e-01
7.609629631042480469e-01
6.791043877601623535e-01
7.705350518226623535e-01
9.224346876144409180e-01
7.348207831382751465e-01
8.767876625061035156e-01
6.892801523208618164e-01
7.364343404769897461e-01
7.822798490524291992e-01
7.317369580268859863e-01
7.383422851562500000e-01
7.036659717559814453e-01
7.455045580863952637e-01
6.168344020843505859e-01
8.813233375549316406e-01
8.500664234161376953e-01
7.021622657775878906e-01
7.851182222366333008e-01
6.430732011795043945e-01
6.915259361267089844e-01
6.749950647354125977e-01
5.616469979286193848e-01
7.201475501060485840e-01
8.027323484420776367e-01
8.870329856872558594e-01
7.194546461105346680e-01
6.472375988960266113e-01
7.064840197563171387e-01
7.103226184844970703e-01
8.642316460609436035e-01
7.902929782867431641e-01
7.147485017776489258e-01
6.769665479660034180e-01
6.974185705184936523e-01
7.253299951553344727e-01
6.320583820343017578e-01
7.256689071655273438e-01
8.505734205245971680e-01
7.291768789291381836e-01
6.430986523628234863e-01
7.216174602508544922e-01
7.504248619079589844e-01
7.937852144241333008e-01
7.034002542495727539e-01
6.505714654922485352e-01
6.413753032684326172e-01
7.186040878295898438e-01
7.682451009750366211e-01
8.016369342803955078e-01
7.228280901908874512e-01
7.029875516891479492e-01
7.451558709144592285e-01
7.951041460037231445e-01
8.561643958091735840e-01
7.780418395996093750e-01
8.234531283378601074e-01
7.196125984191894531e-01
7.806762456893920898e-01
7.168878912925720215e-01
7.769384384155273438e-01
6.699551343917846680e-01
8.228783011436462402e-01
6.396306157112121582e-01
8.143130540847778320e-01
7.470252513885498047e-01
8.269000053405761719e-01
9.426496028900146484e-01
6.917119026184082031e-01
8.965389728546142578e-01
8.177117109298706055e-01
7.510478496551513672e-01
6.661123037338256836e-01
7.840271592140197754e-01
6.688613891601562500e-01
8.274746537208557129e-01
6.916008591651916504e-01
6.437222957611083984e-01
6.832653284072875977e-01
7.924150228500366211e-01
8.212640285491943359e-01
7.910376787185668945e-01
7.332097291946411133e-01
7.881882190704345703e-01
8.016619682312011719e-01
6.898331642150878906e-01
7.182884216308593750e-01
6.415438055992126465e-01
8.010559678077697754e-01
9.191316962242126465e-01
6.144644618034362793e-01
7.540969848632812500e-01
6.749196052551269531e-01
5.939624905586242676e-01
8.412833809852600098e-01
7.670861482620239258e-01
7.623910903930664062e-01
8.588737249374389648e-01
7.417032718658447266e-01
6.701928973197937012e-01
7.087434530258178711e-01
6.959479451179504395e-01
7.626959085464477539e-01
6.263039112091064453e-01
7.531441450119018555e-01
9.363231658935546875e-01
7.691603899002075195e-01
7.267655730247497559e-01
8.534103035926818848e-01
7.598173618316650391e-01
8.371689319610595703e-01
7.706885933876037598e-01
8.247174620628356934e-01
7.792667150497436523e-01
7.172509431838989258e-01
6.823628544807434082e-01
6.640662550926208496e-01
6.031135916709899902e-01
6.265623569488525391e-01
9.663290977478027344e-01
7.886376976966857910e-01
7.050911188125610352e-01
7.133851051330566406e-01
8.004916906356811523e-01
7.363033294677734375e-01
7.114526033401489258e-01
7.533996701240539551e-01
7.851917743682861328e-01
7.256598472595214844e-01
5.977312922477722168e-01
8.058530092239379883e-01
8.085662722587585449e-01
7.240155935287475586e-01
7.309693098068237305e-01
8.670569658279418945e-01
7.408633232116699219e-01
7.623277306556701660e-01
7.955894470214843750e-01
7.562112808227539062e-01
7.524909973144531250e-01
7.236139178276062012e-01
6.730788946151733398e-01
7.621346712112426758e-01
6.960409879684448242e-01
7.430260181427001953e-01
7.197260856628417969e-01
8.181808590888977051e-01
7.749199867248535156e-01
6.437567472457885742e-01
8.302921056747436523e-01
8.223795890808105469e-01
8.466296195983886719e-01
8.014428615570068359e-01
7.887669801712036133e-01
6.915528774261474609e-01
6.186768412590026855e-01
6.581963300704956055e-01
8.423677086830139160e-01
8.933687210083007812e-01
7.116487026214599609e-01
7.057533860206604004e-01
7.346235513687133789e-01
7.155476808547973633e-01
6.904184222221374512e-01
8.150957822799682617e-01
7.496195435523986816e-01
7.167378067970275879e-01
7.614468336105346680e-01
7.069281935691833496e-01
7.887785434722900391e-01
7.520932555198669434e-01
7.020791172981262207e-01
6.460006237030029297e-01
7.057042121887207031e-01
7.945367097854614258e-01
7.753118276596069336e-01
7.880051136016845703e-01
7.678494453430175781e-01
7.157950401306152344e-01
7.573025226593017578e-01
6.168736219406127930e-01
6.745803356170654297e-01
7.885806560516357422e-01
7.655063867568969727e-01
7.134502530097961426e-01
6.637637019157409668e-01
6.552208662033081055e-01
6.284577250480651855e-01
7.998113632202148438e-01
6.996043324470520020e-01
6.860783100128173828e-01
6.604349017143249512e-01
8.513033390045166016e-01
6.970216035842895508e-01
6.669567227363586426e-01
7.820739746093750000e-01
8.469562530517578125e-01
6.722543239593505859e-01
6.559776663780212402e-01
7.865259051322937012e-01
1.024380445480346680e+00
7.406260967254638672e-01
7.485488653182983398e-01
7.476547360420227051e-01
6.879983544349670410e-01
6.180716753005981445e-01
6.889341473579406738e-01
7.665257453918457031e-01
7.565717697143554688e-01
8.408671021461486816e-01
7.310866713523864746e-01
5.581479668617248535e-01
8.177438378334045410e-01
6.938385963439941406e-01
7.895276546478271484e-01
7.189949154853820801e-01
8.345048427581787109e-01
7.439206838607788086e-01
7.269998192787170410e-01
6.841059923171997070e-01
7.042965292930603027e-01
7.408918142318725586e-01
7.638381123542785645e-01
7.006795406341552734e-01
7.663822174072265625e-01
7.312076091766357422e-01
7.544230222702026367e-01
6.999566555023193359e-01
7.844932675361633301e-01
6.445235013961791992e-01
8.335295915603637695e-01
7.021931409835815430e-01
8.350540399551391602e-01
7.387807369232177734e-01
5.710873603820800781e-01
7.899692654609680176e-01
8.206059932708740234e-01
7.423352003097534180e-01
8.075172901153564453e-01
7.811686396598815918e-01
7.579201459884643555e-01
7.744352817535400391e-01
8.397092819213867188e-01
7.484767436981201172e-01
7.659113407135009766e-01
6.373423933982849121e-01
8.966211080551147461e-01
6.333619356155395508e-01
7.847718000411987305e-01
7.643930912017822266e-01
6.655323505401611328e-01
6.604626178741455078e-01
7.850141525268554688e-01
7.282446622848510742e-01
7.735503911972045898e-01
7.089405059814453125e-01
6.853185892105102539e-01
8.802771568298339844e-01
8.890061378479003906e-01
7.181477546691894531e-01
8.615284562110900879e-01
7.447714805603027344e-01
7.971407771110534668e-01
9.067641496658325195e-01
6.583622694015502930e-01
7.450705766677856445e-01
6.792879700660705566e-01
7.400397062301635742e-01
6.851993799209594727e-01
8.127084970474243164e-01
8.466474413871765137e-01
8.031247854232788086e-01
6.973052024841308594e-01
6.213266849517822266e-01
8.046086430549621582e-01
7.153954505920410156e-01
5.734751820564270020e-01
6.957585811614990234e-01
7.073309421539306641e-01
6.925109624862670898e-01
7.587481737136840820e-01
8.066018819808959961e-01
6.596803665161132812e-01
6.122594475746154785e-01
6.436361074447631836e-01
6.746083498001098633e-01
7.183860540390014648e-01
6.677880883216857910e-01
7.007621526718139648e-01
8.061275482177734375e-01
7.975678443908691406e-01
7.023485898971557617e-01
6.601936817169189453e-01
4.977755546569824219e-01
7.431888580322265625e-01
5.821386575698852539e-01
7.081917524337768555e-01
7.639470100402832031e-01
6.427780389785766602e-01
6.506567001342773438e-01
7.373784780502319336e-01
6.490504741668701172e-01
7.811107635498046875e-01
6.225734949111938477e-01
6.150895357131958008e-01
7.921087145805358887e-01
6.708759665489196777e-01
6.722746491432189941e-01
7.565156817436218262e-01
7.692931890487670898e-01
7.220932245254516602e-01
6.526201963424682617e-01
6.611291170120239258e-01
6.705423593521118164e-01
8.119041919708251953e-01
7.638225555419921875e-01
7.263057827949523926e-01
6.454423666000366211e-01
8.255659937858581543e-01
6.453278064727783203e-01
6.659960746765136719e-01
7.668261528015136719e-01
6.897765398025512695e-01
6.018114686012268066e-01
6.084481477737426758e-01
6.924814581871032715e-01
6.009763479232788086e-01
6.827109456062316895e-01
8.412243127822875977e-01
6.499260663986206055e-01
5.927067995071411133e-01
7.519942522048950195e-01
7.622766494750976562e-01
6.759727001190185547e-01
8.477373123168945312e-01
6.461311578750610352e-01
6.417986154556274414e-01
6.852787733078002930e-01
7.284480333328247070e-01
7.174475193023681641e-01
6.839880943298339844e-01
6.317803859710693359e-01
6.253380179405212402e-01
7.058788537979125977e-01
7.438825964927673340e-01
6.480940580368041992e-01
7.933119535446166992e-01
7.031625509262084961e-01
6.857180595397949219e-01
8.720508813858032227e-01
6.593483090400695801e-01
7.213627099990844727e-01
7.630364298820495605e-01
6.616626977920532227e-01
7.729987502098083496e-01
6.571743488311767578e-01
6.994924545288085938e-01
6.525145173072814941e-01
7.846938371658325195e-01
7.727338075637817383e-01
6.891986727714538574e-01
5.580567121505737305e-01
5.698634386062622070e-01
7.271548509597778320e-01
8.655614852905273438e-01
8.205910325050354004e-01
6.429659724235534668e-01
7.433434724807739258e-01
6.839231252670288086e-01
5.368651747703552246e-01
5.992749929428100586e-01
7.343475818634033203e-01
7.126709818840026855e-01
5.334944725036621094e-01
7.103171348571777344e-01
7.479506731033325195e-01
9.292382001876831055e-01
8.383526802062988281e-01
5.974177122116088867e-01
7.981224060058593750e-01
6.096365451812744141e-01
5.679764747619628906e-01
8.944576978683471680e-01
6.575466990470886230e-01
6.440895795822143555e-01
6.109012365341186523e-01
6.676276922225952148e-01
7.714502215385437012e-01
7.954265475273132324e-01
6.620166301727294922e-01
6.666512489318847656e-01
6.953380703926086426e-01
7.268922924995422363e-01
7.558455467224121094e-01
7.214239835739135742e-01
8.981391191482543945e-01
6.554008722305297852e-01
9.152476191520690918e-01
6.745403409004211426e-01
5.566841959953308105e-01
5.565254688262939453e-01
7.086240053176879883e-01
6.247879266738891602e-01
7.526478767395019531e-01
5.395342111587524414e-01
6.669154763221740723e-01
7.374386787414550781e-01
8.843876123428344727e-01
7.462322711944580078e-01
9.330789446830749512e-01
7.738124132156372070e-01
8.167939186096191406e-01
7.417228221893310547e-01
6.366896629333496094e-01
6.317716240882873535e-01
6.515276432037353516e-01
6.777417659759521484e-01
6.890685558319091797e-01
6.437368392944335938e-01
7.652021646499633789e-01
6.767630577087402344e-01
8.449616432189941406e-01
6.397829055786132812e-01
6.707990765571594238e-01
7.269898056983947754e-01
8.167875409126281738e-01
7.903658151626586914e-01
6.877266168594360352e-01
7.345833182334899902e-01
7.678167819976806641e-01
8.904755115509033203e-01
5.867779850959777832e-01
7.166088819503784180e-01
8.364679217338562012e-01
6.838813424110412598e-01
7.045005559921264648e-01
5.857211947441101074e-01
7.299906611442565918e-01
6.924188137054443359e-01
7.381920814514160156e-01
7.147207260131835938e-01
6.818693876266479492e-01
7.042489647865295410e-01
8.734080791473388672e-01
7.265589237213134766e-01
6.915917396545410156e-01
7.259516716003417969e-01
6.841866374015808105e-01
6.403443217277526855e-01
6.359645724296569824e-01
6.818239688873291016e-01
7.368321418762207031e-01
7.374340295791625977e-01
7.006272077560424805e-01
8.592725992202758789e-01
7.677881121635437012e-01
7.614533901214599609e-01
8.016301393508911133e-01
8.185030221939086914e-01
5.799732208251953125e-01
7.836667299270629883e-01
6.638817787170410156e-01
8.250333666801452637e-01
6.950821876525878906e-01
7.471284866333007812e-01
8.478935956954956055e-01
7.617988586425781250e-01
6.082491874694824219e-01
8.411903977394104004e-01
7.457145452499389648e-01
7.742021083831787109e-01
8.548129796981811523e-01
8.170206546783447266e-01
7.404616475105285645e-01
7.521814107894897461e-01
6.514132618904113770e-01
6.389343738555908203e-01
7.358155250549316406e-01
8.190395832061767578e-01
6.424848437309265137e-01
7.964276671409606934e-01
7.140514850616455078e-01
7.201914191246032715e-01
7.003371715545654297e-01
6.605527400970458984e-01
6.973089575767517090e-01
9.366988539695739746e-01
8.706781268119812012e-01
6.314468383789062500e-01
7.740315794944763184e-01
6.479598283767700195e-01
8.517680168151855469e-01
6.556088328361511230e-01
6.598681807518005371e-01
8.113529682159423828e-01
8.644341230392456055e-01
7.841196656227111816e-01
7.526068091392517090e-01
7.000295519828796387e-01
9.351783394813537598e-01
6.393895149230957031e-01
8.025941252708435059e-01
8.092573881149291992e-01
7.232238054275512695e-01
5.688149333000183105e-01
7.904182672500610352e-01
8.635267019271850586e-01
6.960918903350830078e-01
7.276036143302917480e-01
7.852677702903747559e-01
6.418659687042236328e-01
6.361398696899414062e-01
6.137356758117675781e-01
7.105506658554077148e-01
7.069506645202636719e-01
7.509661912918090820e-01
7.761289477348327637e-01
7.082265019416809082e-01
6.428673267364501953e-01
6.832612752914428711e-01
7.567037343978881836e-01
8.055176138877868652e-01
5.646840333938598633e-01
6.817867159843444824e-01
6.491857767105102539e-01
7.443140745162963867e-01
7.488366365432739258e-01
6.726030707359313965e-01
6.613751649856567383e-01
6.845046877861022949e-01
6.203056573867797852e-01
7.209542989730834961e-01
7.423275709152221680e-01
7.512416243553161621e-01
8.118473291397094727e-01
5.668132901191711426e-01
7.631937265396118164e-01
7.785423398017883301e-01
6.708263158798217773e-01
7.300664186477661133e-01
6.386139988899230957e-01
8.961375951766967773e-01
7.272013425827026367e-01
6.817899942398071289e-01
7.016241550445556641e-01
6.578297615051269531e-01
7.721844911575317383e-01
7.593097090721130371e-01
8.784466385841369629e-01
7.801626920700073242e-01
6.859679222106933594e-01
6.173377037048339844e-01
7.173346877098083496e-01
6.484616398811340332e-01
5.489566326141357422e-01
6.957724094390869141e-01
7.354008555412292480e-01
6.016254425048828125e-01
7.428211569786071777e-01
6.391278505325317383e-01
6.537916660308837891e-01
6.259741783142089844e-01
8.329023718833923340e-01
5.808192491531372070e-01
6.712529659271240234e-01
7.276839017868041992e-01
6.885067820549011230e-01
6.696382761001586914e-01
7.575464248657226562e-01
6.332781314849853516e-01
7.476053833961486816e-01
7.242455482482910156e-01
7.217104434967041016e-01
7.113771438598632812e-01
8.622155785560607910e-01
6.939113140106201172e-01
6.805169582366943359e-01
7.294679880142211914e-01
5.723844766616821289e-01
7.574408650398254395e-01
6.490111351013183594e-01
9.456064105033874512e-01
7.717006206512451172e-01
6.736655235290527344e-01
8.710024356842041016e-01
6.208657026290893555e-01
6.639398336410522461e-01
6.059132218360900879e-01
7.763757705688476562e-01
7.616791129112243652e-01
8.331272602081298828e-01
6.378109455108642578e-01
6.696569323539733887e-01
7.199862003326416016e-01
8.336578011512756348e-01
6.659334897994995117e-01
7.214155197143554688e-01
5.599122047424316406e-01
7.156304121017456055e-01
6.500502228736877441e-01
8.563890457153320312e-01
7.363094687461853027e-01
6.139534711837768555e-01
7.728659510612487793e-01
9.002732038497924805e-01
6.579310894012451172e-01
8.039746284484863281e-01
7.158576846122741699e-01
6.664164662361145020e-01
7.421276569366455078e-01
7.684513330459594727e-01
8.007702827453613281e-01
6.488326787948608398e-01
6.250325441360473633e-01
6.147993803024291992e-01
6.564148664474487305e-01
7.425228357315063477e-01
7.305374145507812500e-01
6.474201679229736328e-01
8.085224032402038574e-01
6.867989301681518555e-01
6.615961790084838867e-01
6.918356418609619141e-01
8.363248109817504883e-01
8.428061008453369141e-01
8.011952638626098633e-01
6.481840610504150391e-01
7.389421463012695312e-01
7.317794561386108398e-01
8.011878728866577148e-01
7.018129825592041016e-01
7.395327687263488770e-01
6.084062457084655762e-01
6.556215882301330566e-01
6.152792572975158691e-01
5.931305885314941406e-01
7.132077217102050781e-01
8.498358726501464844e-01
6.596984863281250000e-01
7.375165224075317383e-01
7.208693027496337891e-01
5.960942506790161133e-01
6.989141702651977539e-01
5.712240934371948242e-01
6.400641202926635742e-01
6.624528765678405762e-01
7.371280193328857422e-01
5.488839745521545410e-01
6.288295388221740723e-01
7.572871446609497070e-01
7.249650359153747559e-01
6.303143501281738281e-01
7.039701938629150391e-01
7.011497020721435547e-01
6.090779304504394531e-01
5.682837963104248047e-01
6.477188467979431152e-01
6.255161762237548828e-01
5.456665158271789551e-01
6.817237138748168945e-01
5.745838880538940430e-01
4.867772459983825684e-01
6.191825866699218750e-01
5.627758502960205078e-01
6.441300511360168457e-01
6.770303249359130859e-01
7.014688253402709961e-01
7.306993603706359863e-01
7.515981197357177734e-01
7.060779333114624023e-01
5.700457096099853516e-01
6.809232234954833984e-01
8.822079896926879883e-01
6.505686640739440918e-01
7.502892017364501953e-01
6.198770999908447266e-01
7.585626840591430664e-01
6.828023195266723633e-01
6.621087789535522461e-01
6.675227880477905273e-01
7.234772443771362305e-01
5.475345253944396973e-01
6.762524843215942383e-01
6.236267089843750000e-01
6.222012042999267578e-01
8.058848381042480469e-01
7.038027644157409668e-01
7.931868433952331543e-01
7.411845326423645020e-01
7.135913968086242676e-01
8.288180828094482422e-01
6.665099859237670898e-01
7.159868478775024414e-01
6.161986589431762695e-01
7.792055010795593262e-01
7.395635843276977539e-01
7.106699943542480469e-01
7.214302420616149902e-01
6.076661348342895508e-01
8.296724557876586914e-01
5.826604366302490234e-01
7.062746882438659668e-01
7.224836349487304688e-01
6.447014808654785156e-01
7.315508127212524414e-01
7.503827810287475586e-01
5.696644783020019531e-01
6.832095384597778320e-01
7.200552821159362793e-01
6.908982992172241211e-01
8.432749509811401367e-01
5.305446386337280273e-01
6.447529196739196777e-01
8.210399150848388672e-01
5.825468301773071289e-01
6.756782531738281250e-01
7.126901149749755859e-01
6.571239233016967773e-01
8.511729240417480469e-01
7.112390398979187012e-01
7.685562372207641602e-01
6.259613633155822754e-01
6.905508637428283691e-01
7.220659852027893066e-01
6.430940628051757812e-01
6.352179646492004395e-01
6.135640740394592285e-01
7.413175106048583984e-01
7.105004787445068359e-01
6.814841032028198242e-01
6.861510872840881348e-01
7.837581038475036621e-01
7.113047838211059570e-01
6.779674887657165527e-01
6.835286021232604980e-01
6.449643373489379883e-01
6.305897235870361328e-01
5.968802571296691895e-01
5.948752164840698242e-01
6.051672697067260742e-01
6.771106123924255371e-01
7.081505060195922852e-01
7.126094102859497070e-01
8.974760770797729492e-01
8.116313219070434570e-01
6.227314472198486328e-01
6.589770913124084473e-01
7.150253057479858398e-01
7.359528541564941406e-01
6.305387616157531738e-01
6.026827096939086914e-01
6.741943359375000000e-01
7.604287862777709961e-01
6.756572127342224121e-01
6.781246066093444824e-01
5.617922544479370117e-01
7.106670737266540527e-01
6.293560266494750977e-01
7.650983333587646484e-01
6.722983121871948242e-01
7.428545951843261719e-01
7.082309722900390625e-01
7.622554302215576172e-01
8.254057168960571289e-01
6.666042804718017578e-01
6.604894399642944336e-01
6.913699507713317871e-01
7.278007864952087402e-01
7.009521722793579102e-01
6.645506024360656738e-01
6.201060414314270020e-01
8.504495620727539062e-01
5.997908711433410645e-01
7.755232453346252441e-01
7.946240305900573730e-01
6.520245075225830078e-01
6.144123673439025879e-01
6.668130159378051758e-01
6.742444038391113281e-01
8.115406632423400879e-01
8.232861161231994629e-01
7.357986569404602051e-01
6.608023643493652344e-01
6.801441907882690430e-01
6.409175992012023926e-01
5.946948528289794922e-01
6.778703331947326660e-01
7.453637123107910156e-01
6.027199625968933105e-01
5.556106567382812500e-01
7.942789793014526367e-01
6.497267484664916992e-01
7.693061828613281250e-01
6.461831331253051758e-01
6.842060089111328125e-01
8.005964756011962891e-01
7.511883974075317383e-01
6.186747550964355469e-01
8.462762832641601562e-01
6.550431251525878906e-01
8.174571990966796875e-01
7.980634570121765137e-01
7.021714448928833008e-01
6.660366654396057129e-01
7.368468642234802246e-01
6.937595605850219727e-01
8.097240924835205078e-01
7.684748768806457520e-01
7.035028934478759766e-01
6.039475202560424805e-01
8.160779476165771484e-01
6.871595382690429688e-01
6.852937936782836914e-01
8.271424770355224609e-01
6.877877116203308105e-01
7.455798983573913574e-01
7.205076813697814941e-01
6.055370569229125977e-01
6.450765132904052734e-01
8.421723842620849609e-01
6.789456605911254883e-01
6.628578305244445801e-01
6.672794818878173828e-01
6.553074121475219727e-01
6.877717971801757812e-01
4.954241812229156494e-01
6.062475442886352539e-01
6.771405935287475586e-01
7.013891935348510742e-01
7.216838598251342773e-01
7.597594261169433594e-01
6.928399801254272461e-01
5.172450542449951172e-01
6.425259709358215332e-01
7.764652967453002930e-01
7.239336371421813965e-01
7.580748200416564941e-01
6.243512630462646484e-01
6.600565314292907715e-01
6.296950578689575195e-01
6.305825114250183105e-01
7.680700421333312988e-01
7.321097850799560547e-01
7.397756576538085938e-01
7.582577466964721680e-01
5.358943939208984375e-01
7.310648560523986816e-01
5.688688755035400391e-01
5.925159454345703125e-01
6.418552994728088379e-01
6.735228300094604492e-01
8.256455659866333008e-01
6.701799631118774414e-01
6.739450693130493164e-01
8.640286326408386230e-01
6.280490756034851074e-01
8.650927543640136719e-01
7.552770376205444336e-01
6.386867165565490723e-01
8.689569830894470215e-01
7.504161596298217773e-01
6.846257448196411133e-01
7.028957605361938477e-01
6.490158438682556152e-01
5.546952486038208008e-01
8.366776704788208008e-01
6.208980083465576172e-01
6.883906126022338867e-01
6.588287353515625000e-01
8.705946803092956543e-01
7.423873543739318848e-01
7.045106887817382812e-01
7.659808993339538574e-01
7.213258147239685059e-01
6.583578586578369141e-01
7.479831576347351074e-01
6.403074264526367188e-01
6.291654109954833984e-01
7.053016424179077148e-01
7.272735834121704102e-01
7.066559791564941406e-01
7.622910737991333008e-01
6.073745489120483398e-01
7.834714055061340332e-01
6.906256675720214844e-01
6.726860404014587402e-01
7.949316501617431641e-01
7.306575179100036621e-01
7.060360908508300781e-01
7.009050846099853516e-01
6.665105819702148438e-01
7.079013586044311523e-01
7.000992894172668457e-01
7.780436277389526367e-01
6.232948303222656250e-01
6.666525006294250488e-01
6.175458431243896484e-01
7.444221973419189453e-01
8.109343051910400391e-01
6.527686119079589844e-01
6.322602033615112305e-01
7.689111828804016113e-01
6.301538944244384766e-01
7.846148014068603516e-01
8.568874597549438477e-01
6.928565502166748047e-01
6.182135343551635742e-01
5.915073156356811523e-01
6.572245955467224121e-01
7.568342685699462891e-01
8.832321763038635254e-01
7.854346036911010742e-01
6.745913624763488770e-01
7.249634265899658203e-01
7.113983035087585449e-01
5.580860376358032227e-01
6.695939302444458008e-01
7.467755079269409180e-01
8.339416384696960449e-01
7.075228095054626465e-01
7.073940634727478027e-01
8.703595995903015137e-01
7.345402240753173828e-01
7.513970136642456055e-01
6.417434215545654297e-01
6.845271587371826172e-01
7.350850105285644531e-01
6.956225037574768066e-01
6.574521064758300781e-01
7.182018160820007324e-01
7.958951592445373535e-01
8.442009091377258301e-01
7.857129573822021484e-01
7.794014811515808105e-01
6.814960241317749023e-01
7.808001041412353516e-01
7.264149785041809082e-01
6.879727244377136230e-01
6.970083117485046387e-01
8.754825592041015625e-01
6.698622703552246094e-01
7.869336605072021484e-01
6.877878904342651367e-01
6.946218013763427734e-01
9.360449314117431641e-01
8.306006193161010742e-01
7.229015827178955078e-01
8.118048310279846191e-01
7.631545662879943848e-01
6.571347713470458984e-01
7.767379283905029297e-01
9.147833585739135742e-01
7.115111351013183594e-01
7.413476705551147461e-01
6.248701810836791992e-01
6.886129379272460938e-01
5.902854204177856445e-01
7.498128414154052734e-01
6.156777143478393555e-01
7.806105613708496094e-01
7.318966984748840332e-01
7.629780769348144531e-01
6.323222517967224121e-01
6.023992300033569336e-01
7.105720639228820801e-01
5.455494523048400879e-01
7.547515630722045898e-01
7.759002447128295898e-01
7.571197748184204102e-01
7.203317880630493164e-01
7.931948304176330566e-01
6.611642837524414062e-01
6.544548273086547852e-01
5.952003002166748047e-01
5.425378680229187012e-01
6.096121072769165039e-01
7.923405170440673828e-01
7.797809243202209473e-01
6.899768710136413574e-01
7.478007078170776367e-01
6.828000545501708984e-01
6.293430328369140625e-01
8.481696248054504395e-01
6.998170018196105957e-01
5.512943267822265625e-01
6.913473606109619141e-01
6.879284381866455078e-01
5.742868185043334961e-01
6.224554777145385742e-01
5.770698785781860352e-01
7.692519426345825195e-01
6.866272687911987305e-01
6.925317049026489258e-01
6.534173488616943359e-01
6.739722490310668945e-01
6.460325717926025391e-01
6.540312170982360840e-01
5.428465604782104492e-01
7.706290483474731445e-01
6.351748108863830566e-01
6.427338719367980957e-01
9.032950997352600098e-01
6.359913349151611328e-01
5.887218713760375977e-01
7.470718622207641602e-01
7.184387445449829102e-01
6.125536561012268066e-01
7.057591676712036133e-01
5.877494812011718750e-01
6.551923751831054688e-01
6.324267983436584473e-01
6.284316778182983398e-01
5.911592245101928711e-01
6.634100675582885742e-01
7.153977155685424805e-01
6.984574198722839355e-01
6.826893687248229980e-01
5.636200904846191406e-01
6.216184496879577637e-01
6.615484356880187988e-01
5.821501016616821289e-01
5.569103956222534180e-01
5.158500671386718750e-01
5.872308015823364258e-01
5.936275720596313477e-01
6.393566131591796875e-01
7.545529603958129883e-01
8.046230077743530273e-01
6.385886669158935547e-01
6.480392217636108398e-01
5.446725487709045410e-01
6.478537321090698242e-01
6.785444021224975586e-01
6.704432964324951172e-01
7.658808231353759766e-01
7.514850497245788574e-01
6.719897985458374023e-01
4.653335511684417725e-01
5.525988340377807617e-01
8.266041278839111328e-01
7.454191446304321289e-01
7.513532638549804688e-01
7.354491949081420898e-01
7.469657063484191895e-01
7.431404590606689453e-01
6.651554107666015625e-01
7.470490336418151855e-01
6.981843709945678711e-01
5.839264392852783203e-01
6.063027381896972656e-01
5.778861641883850098e-01
6.761692762374877930e-01
6.339406371116638184e-01
6.327896118164062500e-01
6.529377698898315430e-01
6.818838119506835938e-01
5.946621894836425781e-01
5.699529051780700684e-01
6.614322662353515625e-01
7.301301956176757812e-01
5.921895503997802734e-01
7.089964151382446289e-01
6.517008543014526367e-01
7.095137834548950195e-01
6.441937685012817383e-01
5.679818987846374512e-01
6.509685516357421875e-01
6.346373558044433594e-01
7.751731872558593750e-01
5.907478332519531250e-01
6.324315667152404785e-01
8.270058631896972656e-01
6.865477561950683594e-01
5.985825061798095703e-01
6.564403772354125977e-01
6.169162988662719727e-01
6.315404176712036133e-01
6.697277426719665527e-01
6.896623969078063965e-01
6.763487458229064941e-01
8.534619212150573730e-01
7.979157567024230957e-01
7.706336975097656250e-01
6.117728352546691895e-01
5.858932733535766602e-01
6.390165090560913086e-01
7.913645505905151367e-01
8.105105161666870117e-01
8.219341039657592773e-01
7.597950696945190430e-01
6.423760056495666504e-01
5.975625514984130859e-01
5.353295207023620605e-01
6.047965288162231445e-01
6.450603008270263672e-01
7.602766752243041992e-01
5.729796886444091797e-01
8.479781150817871094e-01
7.399249076843261719e-01
6.963775157928466797e-01
7.479568719863891602e-01
6.975169181823730469e-01
5.425979495048522949e-01
6.207470297813415527e-01
6.279585957527160645e-01
8.050568103790283203e-01
6.533782482147216797e-01
7.529227733612060547e-01
9.237880706787109375e-01
7.828878164291381836e-01
7.857977151870727539e-01
6.430828571319580078e-01
6.813653707504272461e-01
6.536598205566406250e-01
7.407422065734863281e-01
5.744016170501708984e-01
6.649876236915588379e-01
6.066071391105651855e-01
7.143818140029907227e-01
6.300309300422668457e-01
6.536617279052734375e-01
6.016914844512939453e-01
6.642788052558898926e-01
6.794152259826660156e-01
7.678771018981933594e-01
6.477583646774291992e-01
6.380469799041748047e-01
6.265264153480529785e-01
7.350702285766601562e-01
5.949596166610717773e-01
7.315341234207153320e-01
5.995873808860778809e-01
6.179084777832031250e-01
7.686926722526550293e-01
6.904952526092529297e-01
7.877050638198852539e-01
6.333668231964111328e-01
8.561024069786071777e-01
7.592595815658569336e-01
6.138633489608764648e-01
6.038037538528442383e-01
7.095121145248413086e-01
6.774020195007324219e-01
6.378995180130004883e-01
7.034270763397216797e-01
6.393474340438842773e-01
7.485369443893432617e-01
6.420685052871704102e-01
6.200170516967773438e-01
6.393396854400634766e-01
6.704912185668945312e-01
7.895510196685791016e-01
5.279940366744995117e-01
6.628174185752868652e-01
6.861174106597900391e-01
7.696253657341003418e-01
6.828525662422180176e-01
7.229618430137634277e-01
7.254863381385803223e-01
5.574808120727539062e-01
7.683175802230834961e-01
7.322882413864135742e-01
7.250921130180358887e-01
6.435854434967041016e-01
6.955904364585876465e-01
7.194226384162902832e-01
6.856065988540649414e-01
6.472311019897460938e-01
7.309652566909790039e-01
7.262436747550964355e-01
6.264673471450805664e-01
8.093904256820678711e-01
6.720328330993652344e-01
6.899617910385131836e-01
7.944999933242797852e-01
6.333078145980834961e-01
6.464556455612182617e-01
6.376932859420776367e-01
6.407899260520935059e-01
7.345673441886901855e-01
6.949623823165893555e-01
7.645790576934814453e-01
6.071323156356811523e-01
8.015108108520507812e-01
7.008180022239685059e-01
8.075904250144958496e-01
6.278091073036193848e-01
8.368854522705078125e-01
6.067411303520202637e-01
7.116135358810424805e-01
8.238159418106079102e-01
7.254086732864379883e-01
7.045441865921020508e-01
6.098436117172241211e-01
7.404425144195556641e-01
6.284320950508117676e-01
6.173876523971557617e-01
6.220721006393432617e-01
8.230414390563964844e-01
6.278074979782104492e-01
8.133447170257568359e-01
7.294746637344360352e-01
7.991812229156494141e-01
6.744862794876098633e-01
6.551942229270935059e-01
6.559633016586303711e-01
6.384040117263793945e-01
5.986176133155822754e-01
6.963842511177062988e-01
5.635044574737548828e-01
6.054049730300903320e-01
5.967153310775756836e-01
7.801912426948547363e-01
6.522507667541503906e-01
7.210479974746704102e-01
6.390880346298217773e-01
8.056359291076660156e-01
7.332782745361328125e-01
7.706901431083679199e-01
7.299539446830749512e-01
6.240563392639160156e-01
6.121553778648376465e-01
6.130914688110351562e-01
6.558092832565307617e-01
8.252252936363220215e-01
7.595735788345336914e-01
6.480458974838256836e-01
6.967940330505371094e-01
6.826655268669128418e-01
6.733886003494262695e-01
5.830014944076538086e-01
6.410183310508728027e-01
6.961733102798461914e-01
7.187185883522033691e-01
5.380740165710449219e-01
7.109873294830322266e-01
7.186281681060791016e-01
6.395541429519653320e-01
6.082090139389038086e-01
6.692739725112915039e-01
5.631422400474548340e-01
6.521552801132202148e-01
7.467449903488159180e-01
6.523752808570861816e-01
6.116784214973449707e-01
7.342989444732666016e-01
6.922595500946044922e-01
8.146492242813110352e-01
6.228247284889221191e-01
5.841725468635559082e-01
6.943106651306152344e-01
6.400428414344787598e-01
6.445044279098510742e-01
7.262647747993469238e-01
5.543223023414611816e-01
7.007864117622375488e-01
7.008794546127319336e-01
7.008603811264038086e-01
6.656376123428344727e-01
6.576149463653564453e-01
6.721902489662170410e-01
6.754680275917053223e-01
7.033082246780395508e-01
6.587371826171875000e-01
6.893301606178283691e-01
5.726433992385864258e-01
6.650984287261962891e-01
6.575120687484741211e-01
6.702277660369873047e-01
6.399526000022888184e-01
8.441483974456787109e-01
7.198647856712341309e-01
8.218382000923156738e-01
6.344006061553955078e-01
7.527972459793090820e-01
7.388082742691040039e-01
6.843798160552978516e-01
7.576180100440979004e-01
8.147773742675781250e-01
8.334043025970458984e-01
5.438359975814819336e-01
5.160526633262634277e-01
6.586210727691650391e-01
8.106675148010253906e-01
6.955482363700866699e-01
5.947835445404052734e-01
6.370584964752197266e-01
6.735817193984985352e-01
7.419887781143188477e-01
7.673239707946777344e-01
6.579166650772094727e-01
7.524790167808532715e-01
8.735529184341430664e-01
8.264530897140502930e-01
6.036483645439147949e-01
7.337973713874816895e-01
7.361508607864379883e-01
6.931189894676208496e-01
6.555668115615844727e-01
7.272508740425109863e-01
7.681880593299865723e-01
6.202692389488220215e-01
7.144061326980590820e-01
5.765053033828735352e-01
7.188661694526672363e-01
7.838902473449707031e-01
6.715180277824401855e-01
7.366080284118652344e-01
6.500499248504638672e-01
6.950179338455200195e-01
7.011451721191406250e-01
8.174835443496704102e-01
8.531475663185119629e-01
6.973288059234619141e-01
6.476954817771911621e-01
6.997538208961486816e-01
6.663735508918762207e-01
7.736105322837829590e-01
7.956241369247436523e-01
6.534726619720458984e-01
7.539897561073303223e-01
7.151032090187072754e-01
7.146997451782226562e-01
7.931761741638183594e-01
8.038632869720458984e-01
6.434742212295532227e-01
7.310461997985839844e-01
7.853971719741821289e-01
6.683837175369262695e-01
7.826656103134155273e-01
6.941639184951782227e-01
7.678567767143249512e-01
7.356080412864685059e-01
7.254824638366699219e-01
6.041007041931152344e-01
6.302471160888671875e-01
6.858395338058471680e-01
9.057775735855102539e-01
6.840872764587402344e-01
7.903656959533691406e-01
7.115069627761840820e-01
6.506131291389465332e-01
6.222364902496337891e-01
7.051467895507812500e-01
6.819767951965332031e-01
8.284125328063964844e-01
6.474568247795104980e-01
6.346173882484436035e-01
6.219419240951538086e-01
6.908425688743591309e-01
5.810457468032836914e-01
7.166230678558349609e-01
5.537730455398559570e-01
6.045172214508056641e-01
5.544986724853515625e-01
5.492082834243774414e-01
5.174911022186279297e-01
6.631072759628295898e-01
8.465758562088012695e-01
6.911836862564086914e-01
5.637196898460388184e-01
6.991110444068908691e-01
7.615808248519897461e-01
5.660125017166137695e-01
6.619728803634643555e-01
6.910355091094970703e-01
6.999593377113342285e-01
5.515040755271911621e-01
7.498726844787597656e-01
5.742793083190917969e-01
6.731522679328918457e-01
5.491726398468017578e-01
4.989625215530395508e-01
6.094205379486083984e-01
5.988957881927490234e-01
6.763474941253662109e-01
6.615007519721984863e-01
6.246587038040161133e-01
7.140108346939086914e-01
6.531585454940795898e-01
8.554886579513549805e-01
6.117308139801025391e-01
7.323760986328125000e-01
7.543594837188720703e-01
5.902112126350402832e-01
6.341271996498107910e-01
6.569058895111083984e-01
7.190183401107788086e-01
5.237229466438293457e-01
6.797924637794494629e-01
6.144075989723205566e-01
6.224550008773803711e-01
6.670323610305786133e-01
5.619739890098571777e-01
6.992909312248229980e-01
5.440827012062072754e-01
5.769296288490295410e-01
7.269809842109680176e-01
6.532889008522033691e-01
5.608073472976684570e-01
7.708619236946105957e-01
7.274503707885742188e-01
5.944307446479797363e-01
6.943094730377197266e-01
5.152254700660705566e-01
6.441961526870727539e-01
6.023190021514892578e-01
7.235046625137329102e-01
5.920443534851074219e-01
7.939164638519287109e-01
5.402724146842956543e-01
6.400631666183471680e-01
5.422371625900268555e-01
5.397378206253051758e-01
5.479215383529663086e-01
6.010067462921142578e-01
8.178967237472534180e-01
6.413182020187377930e-01
6.861404180526733398e-01
6.364834308624267578e-01
9.182863831520080566e-01
7.280344963073730469e-01
7.060959339141845703e-01
6.979555487632751465e-01
6.788958311080932617e-01
6.907733678817749023e-01
5.625236034393310547e-01
7.855194807052612305e-01
7.498987317085266113e-01
8.048396110534667969e-01
7.286713719367980957e-01
6.964938640594482422e-01
7.103930711746215820e-01
6.506391167640686035e-01
6.428041458129882812e-01
6.228691339492797852e-01
7.850636243820190430e-01
6.979584693908691406e-01
6.634939908981323242e-01
6.810849308967590332e-01
6.189382076263427734e-01
7.021898031234741211e-01
5.547425746917724609e-01
7.455341219902038574e-01
7.078644037246704102e-01
6.021393537521362305e-01
8.458448648452758789e-01
7.555249929428100586e-01
6.631700396537780762e-01
6.574850082397460938e-01
5.679063796997070312e-01
7.167897820472717285e-01
6.287338733673095703e-01
5.838777422904968262e-01
6.621765494346618652e-01
7.049012184143066406e-01
6.545326113700866699e-01
5.800507068634033203e-01
7.269906997680664062e-01
6.862702369689941406e-01
6.614006161689758301e-01
7.222234606742858887e-01
5.904253721237182617e-01
7.553569674491882324e-01
7.719800472259521484e-01
7.285916209220886230e-01
6.703246831893920898e-01
6.267648935317993164e-01
8.122609257698059082e-01
5.868680477142333984e-01
6.915404796600341797e-01
5.835798382759094238e-01
6.193231940269470215e-01
7.456744313240051270e-01
8.708027601242065430e-01
6.292718648910522461e-01
8.236396908760070801e-01
5.731725692749023438e-01
6.417810916900634766e-01
6.954436302185058594e-01
7.298202514648437500e-01
6.589296460151672363e-01
7.703927159309387207e-01
6.823322176933288574e-01
7.702043056488037109e-01
6.458313465118408203e-01
7.041962742805480957e-01
7.408409118652343750e-01
7.632485628128051758e-01
7.017278671264648438e-01
7.589137554168701172e-01
6.644096374511718750e-01
6.645078659057617188e-01
6.905629038810729980e-01
5.654777288436889648e-01
6.527632474899291992e-01
6.905051469802856445e-01
6.419096589088439941e-01
7.372516393661499023e-01
6.703359484672546387e-01
7.237820625305175781e-01
6.653617620468139648e-01
7.124246954917907715e-01
6.737406253814697266e-01
7.771676182746887207e-01
8.938322663307189941e-01
7.119847536087036133e-01
7.482261657714843750e-01
5.180155038833618164e-01
5.665526390075683594e-01
7.057455778121948242e-01
7.871870994567871094e-01
8.643964529037475586e-01
6.954942941665649414e-01
5.788846015930175781e-01
5.613218545913696289e-01
6.620210409164428711e-01
7.184110879898071289e-01
5.822687149047851562e-01
7.981433868408203125e-01
6.709522008895874023e-01
7.380648851394653320e-01
7.594065070152282715e-01
6.623020768165588379e-01
6.829968094825744629e-01
6.211481690406799316e-01
6.460351347923278809e-01
7.818483114242553711e-01
6.499653458595275879e-01
8.443171977996826172e-01
7.014451622962951660e-01
6.536961197853088379e-01
6.492104530334472656e-01
6.237945556640625000e-01
5.726261138916015625e-01
5.821166634559631348e-01
6.928608417510986328e-01
7.160090208053588867e-01
7.413422465324401855e-01
6.309112310409545898e-01
6.480049490928649902e-01
7.837516069412231445e-01
6.131452322006225586e-01
6.991497278213500977e-01
6.099344491958618164e-01
6.723794937133789062e-01
6.272044777870178223e-01
6.716225147247314453e-01
6.056013107299804688e-01
5.853854417800903320e-01
6.672184467315673828e-01
5.360907316207885742e-01
7.509512901306152344e-01
6.805738806724548340e-01
6.806143522262573242e-01
9.378138184547424316e-01
4.942473173141479492e-01
7.537020444869995117e-01
7.477435469627380371e-01
6.827310919761657715e-01
6.009376645088195801e-01
6.216706037521362305e-01
6.627439260482788086e-01
6.611597537994384766e-01
6.219431161880493164e-01
7.016274929046630859e-01
5.861161947250366211e-01
7.012804150581359863e-01
7.674733996391296387e-01
6.071723103523254395e-01
7.388347387313842773e-01
6.137752532958984375e-01
5.276573896408081055e-01
5.836644172668457031e-01
7.592784762382507324e-01
5.430536866188049316e-01
7.987382411956787109e-01
7.083332538604736328e-01
6.879749298095703125e-01
5.324193239212036133e-01
8.215212821960449219e-01
6.154274940490722656e-01
6.604452133178710938e-01
6.132654547691345215e-01
6.854543685913085938e-01
5.514777302742004395e-01
6.769498586654663086e-01
7.378628849983215332e-01
6.367975473403930664e-01
5.993793010711669922e-01
7.275206446647644043e-01
7.774262428283691406e-01
6.154941320419311523e-01
7.545204162597656250e-01
6.312074661254882812e-01
6.651155948638916016e-01
6.208146214485168457e-01
8.780688047409057617e-01
7.244524955749511719e-01
6.560693979263305664e-01
6.545805931091308594e-01
5.842664837837219238e-01
7.311130762100219727e-01
7.816778421401977539e-01
6.696531176567077637e-01
7.562482953071594238e-01
6.485422849655151367e-01
7.092707157135009766e-01
6.131395697593688965e-01
6.779103279113769531e-01
8.142237663269042969e-01
6.367776393890380859e-01
7.652114629745483398e-01
6.135098934173583984e-01
7.354555130004882812e-01
5.975930690765380859e-01
6.713426113128662109e-01
6.432971954345703125e-01
7.463301420211791992e-01
6.474106311798095703e-01
6.709312200546264648e-01
6.643688678741455078e-01
6.448768973350524902e-01
6.012300848960876465e-01
5.471298098564147949e-01
6.573998928070068359e-01
7.032176256179809570e-01
6.207863092422485352e-01
7.187566757202148438e-01
7.061957120895385742e-01
6.934471130371093750e-01
5.859799385070800781e-01
6.260824203491210938e-01
6.332456469535827637e-01
6.724755764007568359e-01
6.791004538536071777e-01
6.547639966011047363e-01
6.268361806869506836e-01
7.967143058776855469e-01
6.524966359138488770e-01
7.241904139518737793e-01
7.079839706420898438e-01
5.750727653503417969e-01
6.872940659523010254e-01
7.257623672485351562e-01
6.270426511764526367e-01
6.334383487701416016e-01
7.395920157432556152e-01
6.404985785484313965e-01
6.711156368255615234e-01
6.857720613479614258e-01
6.871920228004455566e-01
6.672062277793884277e-01
6.493709087371826172e-01
5.496771335601806641e-01
5.980753898620605469e-01
6.489900350570678711e-01
6.381163597106933594e-01
6.002356410026550293e-01
5.395525693893432617e-01
6.518373489379882812e-01
6.455273032188415527e-01
6.876964569091796875e-01
5.909944772720336914e-01
6.704442501068115234e-01
6.245896816253662109e-01
7.058780193328857422e-01
6.905052661895751953e-01
7.431642413139343262e-01
7.471746802330017090e-01
5.772534608840942383e-01
5.782482624053955078e-01
5.714100599288940430e-01
6.297318339347839355e-01
6.931141614913940430e-01
6.425189375877380371e-01
6.889265775680541992e-01
5.763420462608337402e-01
7.836409807205200195e-01
6.211472749710083008e-01
5.026140213012695312e-01
7.260946631431579590e-01
8.113760948181152344e-01
6.676796674728393555e-01
7.742177248001098633e-01
6.327733993530273438e-01
7.476916909217834473e-01
6.247733831405639648e-01
5.293128490447998047e-01
6.704048514366149902e-01
5.640594959259033203e-01
6.924641132354736328e-01
6.652722954750061035e-01
6.731889247894287109e-01
7.578624486923217773e-01
5.583044290542602539e-01
6.500867009162902832e-01
7.789649367332458496e-01
6.394357681274414062e-01
7.602248191833496094e-01
6.479110121726989746e-01
5.633277297019958496e-01
7.054014205932617188e-01
5.177236199378967285e-01
6.652557849884033203e-01
6.694172620773315430e-01
5.503463745117187500e-01
6.490023732185363770e-01
6.619563102722167969e-01
7.021153569221496582e-01
5.872789621353149414e-01
6.262512803077697754e-01
6.863737702369689941e-01
5.546773672103881836e-01
5.608413815498352051e-01
8.563176393508911133e-01
5.576570034027099609e-01
6.214368343353271484e-01
6.459865570068359375e-01
5.828300714492797852e-01
6.613634824752807617e-01
5.753473043441772461e-01
5.901377201080322266e-01
7.154791951179504395e-01
6.178019642829895020e-01
5.652583837509155273e-01
5.746480822563171387e-01
6.212549209594726562e-01
5.427975654602050781e-01
6.362729072570800781e-01
5.833799242973327637e-01
7.566486597061157227e-01
7.744309902191162109e-01
6.044840812683105469e-01
6.568200588226318359e-01
5.491144657135009766e-01
5.448985695838928223e-01
6.732341051101684570e-01
6.733140945434570312e-01
6.245313882827758789e-01
6.622682213783264160e-01
6.136374473571777344e-01
8.058799505233764648e-01
5.779169201850891113e-01
5.964125990867614746e-01
6.825977563858032227e-01
5.631202459335327148e-01
6.956776380538940430e-01
6.109538078308105469e-01
6.310624480247497559e-01
7.561020851135253906e-01
6.126198172569274902e-01
6.309591531753540039e-01
4.960926175117492676e-01
7.216839790344238281e-01
6.479321718215942383e-01
5.431489944458007812e-01
5.494793653488159180e-01
6.680374145507812500e-01
7.241585850715637207e-01
6.730498075485229492e-01
4.929899871349334717e-01
6.825571060180664062e-01
6.430477499961853027e-01
6.172550320625305176e-01
7.165431976318359375e-01
6.734335422515869141e-01
5.312931537628173828e-01
5.496164560317993164e-01
5.345364809036254883e-01
6.148233413696289062e-01
7.032405138015747070e-01
5.731744766235351562e-01
6.804814338684082031e-01
7.789500951766967773e-01
6.113361716270446777e-01
6.275366544723510742e-01
6.508294343948364258e-01
5.900360345840454102e-01
6.397199630737304688e-01
8.284208774566650391e-01
5.470839738845825195e-01
5.510706901550292969e-01
6.001316905021667480e-01
6.673728227615356445e-01
6.800107359886169434e-01
6.208953261375427246e-01
8.882380723953247070e-01
6.042308211326599121e-01
7.036681175231933594e-01
6.114046573638916016e-01
7.199901342391967773e-01
6.601165533065795898e-01
5.822883844375610352e-01
5.590181946754455566e-01
6.552330255508422852e-01
7.217731475830078125e-01
6.510331034660339355e-01
5.921397209167480469e-01
6.661989688873291016e-01
6.003910303115844727e-01
6.354495882987976074e-01
5.683049559593200684e-01
6.808004975318908691e-01
7.130267620086669922e-01
5.783294439315795898e-01
6.556800007820129395e-01
6.346806287765502930e-01
8.352245688438415527e-01
6.008310914039611816e-01
5.202924013137817383e-01
6.212145090103149414e-01
6.817010641098022461e-01
7.021602392196655273e-01
6.652323603630065918e-01
8.075450062751770020e-01
7.448973655700683594e-01
7.382469177246093750e-01
7.016787528991699219e-01
5.511151552200317383e-01
7.430530786514282227e-01
6.485652923583984375e-01
7.062215805053710938e-01
5.876202583312988281e-01
7.535339593887329102e-01
7.546507120132446289e-01
5.831261277198791504e-01
6.523058414459228516e-01
8.216757774353027344e-01
5.264641046524047852e-01
6.294965744018554688e-01
6.201497912406921387e-01
6.311297416687011719e-01
6.876454353332519531e-01
6.622169017791748047e-01
6.977928876876831055e-01
6.274646520614624023e-01
7.652038335800170898e-01
6.292753219604492188e-01
6.514080762863159180e-01
5.213019847869873047e-01
7.166163325309753418e-01
7.030044794082641602e-01
6.170701980590820312e-01
6.160129904747009277e-01
8.277540802955627441e-01
6.759324073791503906e-01
7.129985094070434570e-01
6.963055133819580078e-01
5.577365159988403320e-01
6.217985153198242188e-01
5.817872285842895508e-01
6.430680751800537109e-01
7.639427185058593750e-01
7.280163764953613281e-01
7.161350846290588379e-01
6.384172439575195312e-01
5.720962285995483398e-01
6.852202415466308594e-01
6.141815781593322754e-01
8.542926311492919922e-01
7.104388475418090820e-01
6.828804612159729004e-01
6.562455892562866211e-01
8.258094191551208496e-01
7.519654035568237305e-01
6.088263988494873047e-01
6.014186143875122070e-01
6.182452440261840820e-01
7.453773021697998047e-01
7.393379211425781250e-01
6.971115469932556152e-01
6.910483837127685547e-01
7.538163661956787109e-01
6.058193445205688477e-01
7.960175871849060059e-01
5.966458320617675781e-01
6.494680643081665039e-01
6.182049512863159180e-01
6.797441244125366211e-01
6.340453624725341797e-01
5.950093269348144531e-01
7.570726871490478516e-01
5.612241029739379883e-01
6.801874637603759766e-01
6.574040055274963379e-01
6.918392181396484375e-01
6.305164098739624023e-01
6.098269820213317871e-01
6.416251659393310547e-01
5.486618876457214355e-01
6.492273807525634766e-01
7.888877987861633301e-01
6.343115568161010742e-01
6.454584598541259766e-01
7.112753391265869141e-01
6.843316555023193359e-01
6.786131262779235840e-01
6.301724314689636230e-01
6.328505277633666992e-01
6.985158920288085938e-01
6.526858210563659668e-01
8.351403474807739258e-01
7.461329698562622070e-01
6.658701300621032715e-01
6.251195073127746582e-01
7.003912925720214844e-01
5.320203304290771484e-01
5.622073411941528320e-01
8.074518442153930664e-01
6.301929950714111328e-01
7.284581661224365234e-01
6.541521549224853516e-01
7.140712738037109375e-01
5.961332917213439941e-01
6.096998453140258789e-01
4.003297090530395508e-01
6.443265676498413086e-01
7.186117172241210938e-01
5.616073608398437500e-01
6.280430555343627930e-01
6.406544446945190430e-01
7.651773691177368164e-01
6.949100494384765625e-01
5.062494874000549316e-01
6.590749025344848633e-01
7.394796609878540039e-01
5.414599180221557617e-01
6.902619600296020508e-01
6.424593329429626465e-01
5.474538803100585938e-01
6.683543920516967773e-01
5.972909927368164062e-01
5.599488019943237305e-01
6.476954221725463867e-01
6.164060235023498535e-01
6.134814620018005371e-01
7.621676921844482422e-01
8.081215620040893555e-01
5.468934774398803711e-01
7.527699470520019531e-01
7.653765678405761719e-01
5.578303933143615723e-01
7.486778497695922852e-01
6.425310373306274414e-01
6.722420454025268555e-01
5.871204733848571777e-01
6.693990230560302734e-01
6.083317399024963379e-01
6.005471944808959961e-01
5.891647338867187500e-01
6.755329370498657227e-01
6.729772686958312988e-01
8.057665824890136719e-01
6.734156012535095215e-01
5.416442751884460449e-01
6.436972022056579590e-01
7.271696329116821289e-01
6.081895828247070312e-01
5.726573467254638672e-01
6.025528907775878906e-01
5.307171940803527832e-01
6.300402879714965820e-01
6.220165491104125977e-01
5.408962368965148926e-01
6.529312133789062500e-01
6.744672060012817383e-01
6.031424999237060547e-01
5.529155731201171875e-01
6.113870143890380859e-01
4.545864164829254150e-01
7.398622632026672363e-01
6.964381337165832520e-01
6.209235191345214844e-01
5.821297168731689453e-01
7.037999629974365234e-01
6.150625348091125488e-01
6.779298782348632812e-01
6.271028518676757812e-01
7.001500129699707031e-01
7.990331649780273438e-01
7.771148085594177246e-01
5.647180080413818359e-01
7.065435647964477539e-01
6.674703359603881836e-01
7.685698866844177246e-01
5.757642388343811035e-01
5.810803771018981934e-01
7.030810117721557617e-01
7.119044065475463867e-01
7.047231793403625488e-01
6.754232645034790039e-01
5.701582431793212891e-01
7.459785342216491699e-01
6.512579917907714844e-01
6.668986678123474121e-01
7.034224271774291992e-01
7.308520078659057617e-01
6.777275800704956055e-01
5.052707195281982422e-01
6.780229806900024414e-01
6.443225741386413574e-01
7.387034893035888672e-01
6.485019922256469727e-01
6.920025944709777832e-01
6.595291495323181152e-01
6.697224378585815430e-01
7.582982778549194336e-01
6.425403356552124023e-01
5.575112104415893555e-01
5.355736017227172852e-01
5.773507356643676758e-01
5.484648942947387695e-01
6.031153202056884766e-01
5.735416412353515625e-01
7.553724050521850586e-01
8.194397687911987305e-01
6.690914034843444824e-01
7.227444052696228027e-01
6.648243665695190430e-01
6.466758847236633301e-01
7.438989877700805664e-01
6.467709541320800781e-01
7.654796242713928223e-01
6.852989196777343750e-01
6.167759895324707031e-01
5.217418670654296875e-01
5.955247879028320312e-01
8.119204044342041016e-01
7.884787917137145996e-01
7.801412343978881836e-01
6.207824945449829102e-01
6.008915305137634277e-01
6.761811375617980957e-01
6.139996051788330078e-01
6.329771280288696289e-01
5.804911851882934570e-01
7.298516035079956055e-01
6.760295629501342773e-01
5.477538108825683594e-01
6.536391973495483398e-01
6.663960218429565430e-01
7.519642114639282227e-01
7.919573783874511719e-01
7.096098065376281738e-01
8.715635538101196289e-01
7.116303443908691406e-01
6.474024057388305664e-01
7.151589989662170410e-01
6.663880348205566406e-01
5.678157210350036621e-01
6.025187969207763672e-01
5.874092578887939453e-01
6.791785359382629395e-01
5.527482628822326660e-01
6.001300215721130371e-01
7.137844562530517578e-01
6.838762760162353516e-01
6.193789243698120117e-01
6.967673301696777344e-01
5.726962685585021973e-01
5.792005658149719238e-01
5.542672276496887207e-01
6.442221403121948242e-01
5.908594727516174316e-01
7.194903492927551270e-01
4.930553436279296875e-01
5.282906889915466309e-01
5.465143918991088867e-01
6.350171566009521484e-01
5.281573534011840820e-01
5.816380977630615234e-01
5.066569447517395020e-01
5.164301991462707520e-01
6.648774147033691406e-01
5.260852575302124023e-01
5.869307518005371094e-01
7.036311626434326172e-01
5.651581883430480957e-01
6.718591451644897461e-01
6.894993782043457031e-01
6.999594569206237793e-01
5.591621994972229004e-01
5.743643641471862793e-01
5.458555221557617188e-01
6.553229093551635742e-01
7.523565292358398438e-01
6.394738554954528809e-01
6.881015896797180176e-01
6.079525947570800781e-01
6.271098852157592773e-01
6.557283401489257812e-01
6.293445825576782227e-01
5.485213398933410645e-01
6.842777729034423828e-01
5.965056419372558594e-01
5.920926332473754883e-01
6.413612365722656250e-01
6.109504103660583496e-01
6.275303363800048828e-01
6.549759507179260254e-01
6.186671853065490723e-01
6.552550792694091797e-01
6.624180078506469727e-01
6.364250183105468750e-01
6.195040345191955566e-01
6.353155374526977539e-01
6.298193931579589844e-01
6.324923038482666016e-01
7.180780768394470215e-01
5.809429883956909180e-01
5.405291914939880371e-01
6.099205017089843750e-01
6.998043060302734375e-01
6.607496738433837891e-01
6.558132767677307129e-01
6.392202377319335938e-01
5.577931404113769531e-01
5.878732204437255859e-01
5.253609418869018555e-01
5.706883072853088379e-01
6.962344646453857422e-01
6.427681446075439453e-01
7.514961957931518555e-01
5.813946127891540527e-01
6.426283121109008789e-01
6.238645315170288086e-01
8.064488172531127930e-01
6.994067430496215820e-01
6.108769178390502930e-01
7.262640595436096191e-01
6.499308347702026367e-01
5.774527192115783691e-01
6.176528334617614746e-01
6.929003000259399414e-01
6.985794901847839355e-01
5.767894983291625977e-01
7.441143989562988281e-01
7.389163970947265625e-01
6.761949658393859863e-01
5.731402635574340820e-01
5.125806331634521484e-01
6.846971511840820312e-01
7.073010206222534180e-01
5.757488012313842773e-01
5.432004332542419434e-01
7.129338979721069336e-01
6.797246336936950684e-01
5.864825248718261719e-01
6.012768745422363281e-01
5.604841709136962891e-01
4.764885306358337402e-01
6.308810710906982422e-01
5.644811391830444336e-01
6.254454255104064941e-01
6.571050882339477539e-01
6.739283800125122070e-01
7.360798120498657227e-01
5.593230128288269043e-01
6.287752389907836914e-01
7.535860538482666016e-01
6.462913751602172852e-01
6.231364011764526367e-01
6.125262975692749023e-01
5.463637113571166992e-01
6.414684057235717773e-01
5.394099950790405273e-01
5.796556472778320312e-01
6.103734970092773438e-01
6.336526274681091309e-01
5.031800270080566406e-01
4.624606072902679443e-01
6.228730678558349609e-01
6.469256877899169922e-01
6.502449512481689453e-01
6.895121335983276367e-01
6.146674156188964844e-01
6.415323019027709961e-01
5.391762852668762207e-01
5.670700073242187500e-01
5.637382268905639648e-01
6.254892945289611816e-01
6.412123441696166992e-01
4.808208942413330078e-01
6.496680974960327148e-01
7.472643852233886719e-01
6.012627482414245605e-01
7.271645069122314453e-01
6.755148172378540039e-01
5.988063216209411621e-01
6.012315750122070312e-01
5.842280983924865723e-01
5.860309600830078125e-01
7.426728010177612305e-01
5.746445059776306152e-01
6.523920297622680664e-01
7.409457564353942871e-01
5.435353517532348633e-01
5.904709696769714355e-01
5.962021350860595703e-01
7.201822400093078613e-01
5.126405358314514160e-01
5.890527963638305664e-01
6.801968812942504883e-01
8.224867582321166992e-01
5.379544496536254883e-01
4.918773174285888672e-01
5.235231518745422363e-01
8.388817310333251953e-01
5.899602174758911133e-01
5.809080600738525391e-01
5.530185699462890625e-01
6.931211948394775391e-01
5.636879801750183105e-01
6.439934968948364258e-01
8.021109700202941895e-01
7.200891971588134766e-01
5.637645721435546875e-01
7.676538228988647461e-01
5.250543355941772461e-01
4.961186647415161133e-01
5.707814693450927734e-01
7.589709162712097168e-01
6.464333534240722656e-01
6.425384879112243652e-01
5.762105584144592285e-01
6.739591360092163086e-01
7.009077072143554688e-01
7.515529394149780273e-01
5.962930917739868164e-01
5.734509229660034180e-01
5.965472459793090820e-01
6.466857194900512695e-01
6.069337129592895508e-01
6.320144534111022949e-01
5.956349372863769531e-01
6.360932588577270508e-01
5.820461511611938477e-01
6.848359704017639160e-01
6.732875108718872070e-01
5.080817937850952148e-01
7.524261474609375000e-01
7.755352258682250977e-01
6.911653280258178711e-01
6.937475204467773438e-01
5.809700489044189453e-01
6.166563630104064941e-01
5.905821919441223145e-01
5.756934881210327148e-01
7.450821399688720703e-01
6.572220921516418457e-01
6.971655488014221191e-01
7.122760415077209473e-01
6.039970517158508301e-01
5.407740473747253418e-01
6.560594439506530762e-01
6.087511777877807617e-01
6.448028087615966797e-01
6.775217652320861816e-01
6.818522214889526367e-01
5.501923561096191406e-01
9.278897047042846680e-01
7.149566411972045898e-01
6.513431072235107422e-01
7.471949458122253418e-01
5.987491607666015625e-01
5.637614727020263672e-01
7.962522506713867188e-01
7.530878782272338867e-01
5.614372491836547852e-01
7.444081306457519531e-01
6.380562782287597656e-01
5.309028625488281250e-01
5.429871678352355957e-01
5.797353386878967285e-01
6.235685348510742188e-01
6.353376507759094238e-01
5.902861952781677246e-01
5.951648354530334473e-01
6.327034235000610352e-01
6.079403162002563477e-01
6.404160261154174805e-01
6.323117613792419434e-01
8.154351711273193359e-01
5.415074229240417480e-01
6.137881278991699219e-01
6.140823364257812500e-01
7.680078744888305664e-01
6.185079813003540039e-01
5.603342056274414062e-01
6.446789503097534180e-01
5.637202262878417969e-01
6.884971857070922852e-01
7.145474553108215332e-01
5.983666181564331055e-01
5.587282180786132812e-01
5.928573608398437500e-01
7.485240697860717773e-01
6.613327860832214355e-01
7.186747789382934570e-01
6.674154996871948242e-01
6.932755708694458008e-01
6.780936121940612793e-01
7.069965600967407227e-01
5.969332456588745117e-01
5.647206306457519531e-01
6.158860325813293457e-01
7.091360092163085938e-01
6.539927721023559570e-01
5.659733414649963379e-01
7.084468603134155273e-01
6.473904252052307129e-01
7.301731109619140625e-01
6.739176511764526367e-01
6.514489650726318359e-01
6.824631690979003906e-01
6.501030325889587402e-01
6.379386782646179199e-01
7.024498581886291504e-01
6.212905049324035645e-01
6.076500415802001953e-01
5.715061426162719727e-01
6.160617470741271973e-01
6.434444189071655273e-01
5.819321870803833008e-01
6.723127961158752441e-01
6.558074355125427246e-01
6.320099830627441406e-01
7.230007648468017578e-01
7.102614641189575195e-01
5.148479938507080078e-01
7.659417390823364258e-01
7.410844564437866211e-01
7.517467141151428223e-01
7.358039021492004395e-01
7.207362651824951172e-01
6.894876956939697266e-01
8.121038675308227539e-01
6.837198138236999512e-01
5.974595546722412109e-01
5.868505239486694336e-01
6.553093791007995605e-01
7.137789726257324219e-01
6.193923950195312500e-01
5.049161314964294434e-01
7.387825846672058105e-01
7.041103243827819824e-01
6.370168924331665039e-01
6.098641157150268555e-01
6.882527470588684082e-01
8.037743568420410156e-01
8.273566961288452148e-01
6.559967994689941406e-01
6.032698154449462891e-01
6.664625406265258789e-01
5.598396062850952148e-01
7.329379916191101074e-01
8.051231503486633301e-01
5.154092311859130859e-01
7.297486066818237305e-01
6.993730068206787109e-01
6.392454504966735840e-01
6.428900957107543945e-01
7.258441448211669922e-01
6.418001055717468262e-01
5.746661424636840820e-01
7.995185852050781250e-01
6.695697903633117676e-01
7.214505076408386230e-01
7.134163379669189453e-01
4.807936251163482666e-01
6.983948349952697754e-01
7.576475143432617188e-01
8.014911413192749023e-01
6.736564636230468750e-01
6.199107170104980469e-01
6.517199277877807617e-01
5.528011322021484375e-01
7.017344832420349121e-01
6.943225264549255371e-01
6.368530988693237305e-01
6.491476297378540039e-01
5.790704488754272461e-01
6.990895271301269531e-01
8.277616500854492188e-01
7.015958428382873535e-01
7.623071670532226562e-01
6.263837218284606934e-01
5.368897914886474609e-01
7.567456364631652832e-01
5.776745676994323730e-01
6.566891074180603027e-01
6.317874789237976074e-01
6.801905632019042969e-01
6.459386348724365234e-01
6.416743993759155273e-01
5.132320523262023926e-01
6.022750735282897949e-01
6.329412460327148438e-01
7.035306692123413086e-01
7.421652078628540039e-01
5.572863817214965820e-01
6.836786270141601562e-01
8.128747940063476562e-01
6.352093815803527832e-01
6.751935482025146484e-01
5.888618230819702148e-01
5.599192380905151367e-01
6.545130014419555664e-01
6.075239777565002441e-01
5.100020170211791992e-01
4.250805974006652832e-01
5.596191287040710449e-01
5.425143241882324219e-01
6.557052731513977051e-01
6.245088577270507812e-01
5.746456384658813477e-01
5.324515700340270996e-01
6.782876849174499512e-01
5.550748705863952637e-01
6.645725965499877930e-01
6.451684236526489258e-01
5.309186577796936035e-01
4.742274880409240723e-01
6.154091358184814453e-01
7.131702899932861328e-01
6.722701787948608398e-01
5.126693248748779297e-01
4.270097613334655762e-01
7.959356307983398438e-01
6.306232213973999023e-01
5.159621834754943848e-01
5.973205566406250000e-01
6.174860596656799316e-01
7.106473445892333984e-01
5.970132946968078613e-01
7.559300065040588379e-01
5.957744717597961426e-01
7.416967153549194336e-01
6.658098101615905762e-01
6.300991773605346680e-01
5.808063149452209473e-01
6.045562028884887695e-01
5.944873094558715820e-01
5.463688373565673828e-01
5.961893796920776367e-01
5.062961578369140625e-01
5.325392484664916992e-01
5.477786064147949219e-01
6.298016309738159180e-01
6.186398863792419434e-01
5.965186357498168945e-01
6.871342658996582031e-01
6.169382333755493164e-01
6.027972102165222168e-01
6.948569416999816895e-01
5.899993181228637695e-01
5.643256902694702148e-01
7.700401544570922852e-01
5.501075387001037598e-01
5.679284334182739258e-01
4.589865207672119141e-01
5.747873783111572266e-01
6.373723149299621582e-01
6.093384027481079102e-01
7.255498170852661133e-01
5.736945867538452148e-01
6.741563081741333008e-01
6.983537673950195312e-01
6.856045722961425781e-01
7.878390550613403320e-01
7.328397631645202637e-01
5.640725493431091309e-01
6.227633357048034668e-01
5.532743930816650391e-01
5.123330354690551758e-01
7.298492193222045898e-01
6.298043727874755859e-01
7.391985654830932617e-01
7.718576192855834961e-01
5.812131762504577637e-01
6.502996683120727539e-01
5.085957646369934082e-01
6.765609979629516602e-01
6.157052516937255859e-01
5.796232819557189941e-01
6.322201490402221680e-01
5.998148918151855469e-01
5.480190515518188477e-01
5.880584716796875000e-01
5.640511512756347656e-01
5.315110087394714355e-01
5.613356828689575195e-01
5.135395526885986328e-01
6.193432211875915527e-01
7.557499408721923828e-01
5.330490469932556152e-01
5.519164800643920898e-01
5.825976729393005371e-01
5.813648700714111328e-01
5.685667991638183594e-01
6.932437419891357422e-01
6.128838658332824707e-01
6.318908929824829102e-01
5.906103849411010742e-01
7.285824418067932129e-01
6.244360208511352539e-01
7.016215920448303223e-01
5.741705298423767090e-01
6.215642690658569336e-01
4.681595563888549805e-01
7.047995924949645996e-01
6.475313901901245117e-01
5.382976531982421875e-01
5.841860771179199219e-01
5.796750783920288086e-01
5.130963921546936035e-01
5.761618614196777344e-01
5.712895393371582031e-01
6.337851285934448242e-01
6.580212116241455078e-01
6.062490940093994141e-01
4.536817073822021484e-01
7.113181352615356445e-01
6.128449440002441406e-01
6.061428785324096680e-01
7.138369083404541016e-01
7.283617854118347168e-01
5.874837636947631836e-01
5.207631587982177734e-01
6.343874335289001465e-01
6.779420375823974609e-01
6.878803968429565430e-01
5.990378260612487793e-01
6.925674080848693848e-01
5.991153717041015625e-01
7.266805171966552734e-01
6.799781322479248047e-01
5.623843669891357422e-01
5.277495384216308594e-01
8.022431731224060059e-01
7.418949604034423828e-01
5.823675394058227539e-01
7.483819723129272461e-01
5.366171598434448242e-01
7.966340780258178711e-01
5.233107805252075195e-01
6.466296911239624023e-01
6.807051897048950195e-01
7.285128235816955566e-01
6.661760807037353516e-01
6.726443171501159668e-01
6.002972126007080078e-01
5.677326321601867676e-01
6.977220773696899414e-01
6.460919380187988281e-01
5.845700502395629883e-01
6.085928678512573242e-01
6.209341883659362793e-01
7.612971663475036621e-01
7.670434713363647461e-01
5.807392597198486328e-01
6.671966314315795898e-01
6.658242940902709961e-01
5.937938690185546875e-01
6.064771413803100586e-01
6.481656432151794434e-01
6.162580847740173340e-01
7.020121216773986816e-01
5.420116186141967773e-01
6.377525329589843750e-01
6.427614688873291016e-01
7.756142616271972656e-01
6.166473627090454102e-01
5.856488347053527832e-01
6.210532188415527344e-01
5.405015349388122559e-01
6.929289698600769043e-01
6.141958236694335938e-01
7.835873365402221680e-01
7.270821332931518555e-01
6.135400533676147461e-01
6.244444847106933594e-01
6.424742937088012695e-01
7.024649381637573242e-01
5.651193261146545410e-01
6.266169548034667969e-01
5.747479200363159180e-01
6.872141361236572266e-01
5.292763710021972656e-01
6.257860064506530762e-01
5.587037801742553711e-01
6.364393234252929688e-01
7.131106853485107422e-01
5.850994586944580078e-01
6.301965117454528809e-01
6.018356680870056152e-01
5.892060995101928711e-01
6.235213279724121094e-01
6.708849072456359863e-01
5.982273817062377930e-01
5.692780613899230957e-01
6.399055719375610352e-01
6.973376870155334473e-01
6.918572187423706055e-01
7.424179315567016602e-01
6.707817912101745605e-01
6.619549393653869629e-01
6.124957799911499023e-01
5.664544105529785156e-01
6.224189996719360352e-01
6.764684915542602539e-01
7.176096439361572266e-01
5.542782545089721680e-01
6.311674714088439941e-01
5.745495557785034180e-01
5.824637413024902344e-01
6.254771947860717773e-01
5.820972919464111328e-01
6.219964027404785156e-01
6.588386893272399902e-01
6.770154833793640137e-01
5.343414545059204102e-01
6.228584051132202148e-01
8.114370107650756836e-01
7.308870553970336914e-01
5.339865088462829590e-01
7.115759253501892090e-01
5.718915462493896484e-01
5.883970856666564941e-01
5.905737280845642090e-01
6.247099041938781738e-01
7.219511270523071289e-01
5.840820074081420898e-01
6.825305223464965820e-01
6.832706928253173828e-01
7.200303673744201660e-01
4.920893311500549316e-01
7.535940408706665039e-01
5.694424510002136230e-01
5.255553722381591797e-01
6.929262280464172363e-01
6.426213979721069336e-01
6.393769383430480957e-01
6.411288380622863770e-01
5.501381158828735352e-01
7.316589951515197754e-01
6.623461842536926270e-01
6.289415359497070312e-01
6.087042093276977539e-01
5.341458916664123535e-01
6.889253258705139160e-01
7.032233476638793945e-01
7.081142663955688477e-01
7.452856898307800293e-01
7.204780578613281250e-01
5.835999250411987305e-01
7.391892671585083008e-01
5.149613618850708008e-01
5.807247757911682129e-01
7.511019706726074219e-01
5.709102153778076172e-01
6.941289901733398438e-01
5.684793591499328613e-01
6.009736061096191406e-01
6.240335702896118164e-01
7.737352252006530762e-01
6.179199218750000000e-01
6.145015954971313477e-01
5.436561107635498047e-01
6.545960903167724609e-01
6.036592721939086914e-01
6.507631540298461914e-01
6.599329113960266113e-01
6.015788316726684570e-01
6.755775213241577148e-01
5.334862470626831055e-01
6.736723780632019043e-01
6.516635417938232422e-01
6.107196807861328125e-01
5.737643241882324219e-01
6.156533956527709961e-01
6.394764184951782227e-01
6.851623058319091797e-01
5.926796197891235352e-01
6.551733016967773438e-01
6.711490154266357422e-01
8.021903038024902344e-01
6.450474262237548828e-01
6.902531385421752930e-01
6.249099373817443848e-01
6.855391860008239746e-01
6.554220318794250488e-01
7.374593615531921387e-01
6.639115810394287109e-01
8.126653432846069336e-01
4.772039651870727539e-01
6.210293769836425781e-01
6.299335956573486328e-01
6.934410333633422852e-01
7.119625806808471680e-01
5.130964517593383789e-01
6.278657913208007812e-01
6.620208024978637695e-01
6.035461425781250000e-01
6.519694328308105469e-01
6.766310334205627441e-01
6.557625532150268555e-01
5.811387300491333008e-01
6.468166112899780273e-01
5.906454920768737793e-01
7.807359099388122559e-01
5.822547674179077148e-01
5.403280258178710938e-01
5.348786711692810059e-01
5.703145265579223633e-01
5.492088794708251953e-01
7.301923632621765137e-01
6.677466034889221191e-01
6.347826719284057617e-01
6.261093616485595703e-01
6.036745309829711914e-01
5.884734392166137695e-01
5.941776037216186523e-01
6.141055822372436523e-01
5.811115503311157227e-01
6.371677517890930176e-01
6.196579337120056152e-01
7.453274726867675781e-01
7.026917934417724609e-01
7.409182786941528320e-01
5.986541509628295898e-01
7.620491981506347656e-01
7.429980039596557617e-01
6.709804534912109375e-01
6.893101334571838379e-01
6.377949714660644531e-01
6.094412803649902344e-01
6.872335672378540039e-01
5.465986728668212891e-01
5.673422217369079590e-01
7.790722250938415527e-01
6.533050537109375000e-01
7.111116647720336914e-01
5.199407935142517090e-01
7.112885713577270508e-01
7.296751737594604492e-01
7.031440138816833496e-01
6.392755508422851562e-01
5.943040847778320312e-01
5.995677709579467773e-01
5.753180384635925293e-01
5.595617294311523438e-01
4.873355627059936523e-01
6.469004154205322266e-01
6.186174154281616211e-01
6.084390878677368164e-01
5.319327116012573242e-01
6.731503009796142578e-01
6.656904220581054688e-01
6.188267469406127930e-01
5.540256500244140625e-01
5.087479948997497559e-01
5.427742600440979004e-01
6.005033254623413086e-01
5.442180633544921875e-01
7.493130564689636230e-01
5.842323303222656250e-01
5.643308758735656738e-01
5.278741717338562012e-01
5.686504840850830078e-01
6.014143228530883789e-01
6.487910151481628418e-01
5.105586051940917969e-01
5.901346206665039062e-01
6.082724332809448242e-01
5.464750528335571289e-01
5.526541471481323242e-01
5.876990556716918945e-01
6.460998058319091797e-01
5.477739572525024414e-01
5.365378260612487793e-01
5.862152576446533203e-01
5.460897684097290039e-01
5.887702703475952148e-01
6.753398180007934570e-01
6.106332540512084961e-01
5.353658795356750488e-01
5.852398872375488281e-01
5.573866367340087891e-01
6.007924079895019531e-01
6.890957355499267578e-01
6.139513254165649414e-01
4.693633913993835449e-01
6.483858823776245117e-01
8.086270689964294434e-01
5.801599025726318359e-01
5.245997905731201172e-01
6.559120416641235352e-01
5.342888832092285156e-01
7.350684404373168945e-01
6.434413790702819824e-01
6.888744831085205078e-01
6.553834676742553711e-01
6.164184808731079102e-01
5.478920936584472656e-01
7.085050344467163086e-01
5.328127145767211914e-01
6.145460605621337891e-01
6.743272542953491211e-01
5.216286182403564453e-01
5.979511737823486328e-01
6.480152010917663574e-01
5.109218955039978027e-01
5.120083093643188477e-01
5.093035101890563965e-01
5.576002001762390137e-01
5.627382993698120117e-01
6.321350336074829102e-01
4.292143285274505615e-01
5.749866962432861328e-01
6.708697080612182617e-01
6.049568653106689453e-01
5.535614490509033203e-01
6.640460491180419922e-01
5.999712944030761719e-01
6.111565828323364258e-01
7.466568946838378906e-01
5.634198188781738281e-01
5.085204839706420898e-01
5.943781137466430664e-01
5.788124799728393555e-01
6.898908615112304688e-01
5.476213097572326660e-01
7.056431174278259277e-01
6.256598234176635742e-01
5.456261634826660156e-01
5.518673658370971680e-01
5.491487979888916016e-01
6.414000988006591797e-01
6.052021980285644531e-01
7.341889142990112305e-01
7.241328954696655273e-01
5.616640448570251465e-01
7.328219413757324219e-01
6.485638022422790527e-01
5.967845916748046875e-01
5.633543729782104492e-01
5.429607629776000977e-01
6.334098577499389648e-01
5.782539844512939453e-01
5.402884483337402344e-01
5.894269943237304688e-01
4.782238900661468506e-01
6.766645908355712891e-01
5.752497315406799316e-01
5.587235689163208008e-01
5.846255421638488770e-01
5.584332942962646484e-01
7.061960697174072266e-01
6.751281619071960449e-01
5.334463119506835938e-01
5.491583347320556641e-01
6.392402052879333496e-01
5.605857968330383301e-01
5.234873890876770020e-01
6.266632676124572754e-01
6.177786588668823242e-01
6.141698360443115234e-01
5.864930152893066406e-01
6.972666382789611816e-01
5.098712444305419922e-01
5.048292875289916992e-01
5.377477407455444336e-01
4.687590003013610840e-01
5.653588175773620605e-01
5.503066778182983398e-01
6.011784672737121582e-01
7.157288789749145508e-01
6.289081573486328125e-01
7.132362127304077148e-01
5.694769024848937988e-01
6.159325838088989258e-01
7.291519641876220703e-01
6.218293905258178711e-01
6.375093460083007812e-01
6.173201203346252441e-01
6.515752077102661133e-01
5.327795743942260742e-01
5.338519811630249023e-01
6.565286517143249512e-01
6.730133295059204102e-01
5.680359601974487305e-01
5.466849803924560547e-01
5.808857679367065430e-01
6.036725044250488281e-01
5.863898992538452148e-01
5.825034976005554199e-01
5.531094074249267578e-01
6.518185138702392578e-01
5.557936429977416992e-01
6.923619508743286133e-01
6.442351937294006348e-01
6.703486442565917969e-01
5.413109064102172852e-01
5.515498518943786621e-01
5.805376768112182617e-01
5.699703693389892578e-01
5.554099082946777344e-01
5.627905726432800293e-01
6.651164293289184570e-01
5.602918863296508789e-01
5.628648400306701660e-01
5.696972608566284180e-01
5.304061174392700195e-01
6.234906315803527832e-01
6.946185827255249023e-01
5.535576343536376953e-01
6.548520326614379883e-01
9.309923648834228516e-01
7.003242969512939453e-01
5.121934413909912109e-01
6.084803342819213867e-01
6.415725946426391602e-01
6.741162538528442383e-01
6.168426275253295898e-01
6.230589151382446289e-01
5.539161562919616699e-01
6.933832168579101562e-01
6.526137590408325195e-01
6.033692359924316406e-01
6.148443222045898438e-01
6.444094181060791016e-01
6.380249261856079102e-01
6.137440204620361328e-01
7.528388500213623047e-01
5.587915182113647461e-01
6.474534273147583008e-01
6.140544414520263672e-01
6.920465230941772461e-01
4.743216335773468018e-01
5.486892461776733398e-01
5.634081959724426270e-01
6.550758481025695801e-01
7.315797805786132812e-01
6.777710914611816406e-01
5.261479616165161133e-01
7.219125032424926758e-01
6.582819819450378418e-01
5.901470184326171875e-01
5.498744249343872070e-01
6.215547323226928711e-01
5.494990348815917969e-01
5.797352790832519531e-01
6.948850154876708984e-01
6.312254071235656738e-01
6.343272924423217773e-01
5.839576721191406250e-01
5.344454050064086914e-01
7.070705294609069824e-01
6.080940961837768555e-01
6.970468759536743164e-01
6.454288959503173828e-01
7.137781381607055664e-01
5.784323215484619141e-01
6.140404939651489258e-01
6.296737194061279297e-01
5.313904285430908203e-01
7.131626009941101074e-01
6.282272934913635254e-01
6.539403200149536133e-01
5.795399546623229980e-01
6.413528323173522949e-01
5.477413535118103027e-01
6.809201240539550781e-01
6.851227879524230957e-01
5.830194354057312012e-01
4.891672432422637939e-01
6.469993591308593750e-01
6.692141294479370117e-01
6.066710352897644043e-01
5.706939697265625000e-01
5.993641614913940430e-01
7.421107292175292969e-01
5.943055152893066406e-01
6.101093292236328125e-01
6.577824354171752930e-01
6.420959234237670898e-01
6.248961687088012695e-01
4.711415171623229980e-01
6.582020521163940430e-01
5.099222660064697266e-01
6.222379207611083984e-01
6.534993648529052734e-01
4.665240049362182617e-01
7.178466320037841797e-01
6.064049005508422852e-01
5.945862531661987305e-01
6.331354975700378418e-01
5.595107078552246094e-01
5.746324062347412109e-01
6.536458730697631836e-01
5.742778778076171875e-01
5.488032102584838867e-01
5.906900167465209961e-01
5.025722980499267578e-01
7.896349430084228516e-01
7.417994737625122070e-01
4.817446768283843994e-01
5.901157855987548828e-01
7.017023563385009766e-01
5.881702899932861328e-01
6.002388596534729004e-01
7.017743587493896484e-01
6.723512411117553711e-01
5.796553492546081543e-01
6.240266561508178711e-01
7.100591659545898438e-01
6.408388614654541016e-01
6.143681406974792480e-01
6.395944356918334961e-01
5.618881583213806152e-01
6.169001460075378418e-01
6.702670454978942871e-01
7.779277563095092773e-01
6.601508855819702148e-01
6.308910846710205078e-01
7.218460440635681152e-01
6.717998385429382324e-01
5.859589576721191406e-01
6.580668091773986816e-01
5.515536665916442871e-01
6.620126366615295410e-01
5.991754531860351562e-01
5.770726203918457031e-01
6.586043238639831543e-01
6.200498342514038086e-01
5.843023657798767090e-01
6.693977117538452148e-01
6.446774005889892578e-01
6.218397617340087891e-01
6.511839628219604492e-01
4.827351868152618408e-01
6.229748129844665527e-01
6.120464801788330078e-01
6.004152894020080566e-01
6.229939460754394531e-01
7.220682501792907715e-01
6.309894323348999023e-01
6.506919860839843750e-01
6.877821683883666992e-01
5.745940208435058594e-01
6.333367824554443359e-01
6.635521650314331055e-01
7.747690677642822266e-01
5.954980850219726562e-01
6.252764463424682617e-01
6.250054836273193359e-01
6.781016588211059570e-01
5.653679370880126953e-01
6.956928968429565430e-01
6.982114315032958984e-01
6.147114038467407227e-01
6.308014392852783203e-01
5.787001848220825195e-01
5.566768050193786621e-01
6.818287372589111328e-01
6.203951239585876465e-01
5.759379863739013672e-01
5.930218696594238281e-01
5.936728715896606445e-01
7.109777927398681641e-01
6.454383730888366699e-01
6.273311972618103027e-01
5.421581268310546875e-01
7.044188976287841797e-01
5.977797508239746094e-01
6.362330913543701172e-01
7.196638584136962891e-01
6.759864687919616699e-01
6.321244239807128906e-01
5.935047268867492676e-01
6.833001375198364258e-01
6.758137345314025879e-01
6.537811160087585449e-01
5.987853407859802246e-01
5.967413187026977539e-01
5.268952250480651855e-01
6.087782382965087891e-01
7.225505113601684570e-01
6.798143386840820312e-01
6.732172966003417969e-01
6.359475851058959961e-01
7.374710440635681152e-01
6.678797006607055664e-01
5.910772681236267090e-01
6.507060527801513672e-01
6.713147163391113281e-01
6.289405822753906250e-01
5.955455899238586426e-01
6.551747322082519531e-01
6.614531278610229492e-01
8.485677242279052734e-01
5.807617306709289551e-01
6.908700466156005859e-01
6.459169983863830566e-01
6.387725472450256348e-01
5.439204573631286621e-01
5.393601059913635254e-01
6.520189642906188965e-01
6.757678985595703125e-01
7.381353378295898438e-01
5.870773196220397949e-01
5.733194351196289062e-01
5.462880134582519531e-01
6.223389506340026855e-01
4.733750224113464355e-01
6.522324085235595703e-01
5.566397905349731445e-01
5.999474525451660156e-01
5.037592649459838867e-01
6.109603047370910645e-01
5.802424550056457520e-01
6.235167980194091797e-01
5.406572222709655762e-01
5.316878557205200195e-01
5.421940088272094727e-01
6.241397857666015625e-01
5.665625333786010742e-01
6.953903436660766602e-01
6.714088320732116699e-01
4.693291187286376953e-01
5.226467251777648926e-01
5.720871686935424805e-01
4.325874149799346924e-01
6.063194274902343750e-01
5.285729765892028809e-01
4.270801544189453125e-01
6.370174884796142578e-01
5.671617984771728516e-01
5.514993667602539062e-01
5.869912505149841309e-01
5.919406414031982422e-01
5.439001321792602539e-01
5.713726282119750977e-01
4.924504756927490234e-01
5.108526945114135742e-01
5.821527242660522461e-01
5.278798341751098633e-01
6.041005253791809082e-01
6.631795763969421387e-01
5.509610772132873535e-01
5.795935392379760742e-01
5.077307224273681641e-01
5.247009992599487305e-01
6.669316291809082031e-01
5.129203200340270996e-01
5.800263881683349609e-01
5.132962465286254883e-01
5.227407217025756836e-01
5.609662532806396484e-01
5.689740180969238281e-01
6.292239427566528320e-01
4.361228942871093750e-01
4.408276081085205078e-01
5.382617712020874023e-01
5.973020792007446289e-01
6.414626836776733398e-01
6.029688715934753418e-01
6.120059490203857422e-01
5.689346194267272949e-01
5.292323827743530273e-01
6.220414638519287109e-01
6.073001027107238770e-01
5.862013697624206543e-01
5.883419513702392578e-01
6.967012882232666016e-01
6.175625324249267578e-01
6.132072210311889648e-01
5.332825183868408203e-01
5.710079669952392578e-01
6.206852197647094727e-01
6.890900135040283203e-01
5.512699484825134277e-01
6.047695279121398926e-01
6.854660511016845703e-01
5.463845729827880859e-01
5.270669460296630859e-01
6.470110416412353516e-01
6.683832406997680664e-01
6.526836752891540527e-01
5.053785443305969238e-01
7.171754240989685059e-01
6.773744821548461914e-01
6.649683713912963867e-01
5.559554696083068848e-01
6.778219938278198242e-01
5.177178978919982910e-01
5.663875341415405273e-01
5.201618671417236328e-01
5.004177689552307129e-01
6.517353057861328125e-01
6.704605817794799805e-01
5.404082536697387695e-01
5.588909387588500977e-01
4.803011119365692139e-01
6.245743632316589355e-01
5.414629578590393066e-01
6.261448860168457031e-01
6.128750443458557129e-01
6.124284267425537109e-01
5.731675624847412109e-01
5.239344239234924316e-01
5.746484994888305664e-01
5.454931855201721191e-01
6.721464395523071289e-01
6.312153935432434082e-01
5.742697119712829590e-01
6.976920366287231445e-01
5.682096481323242188e-01
6.527820825576782227e-01
6.028700470924377441e-01
6.620126366615295410e-01
6.062253713607788086e-01
6.816045045852661133e-01
5.740458965301513672e-01
6.957216858863830566e-01
6.394686102867126465e-01
7.426828742027282715e-01
6.128007173538208008e-01
5.366542339324951172e-01
5.687930583953857422e-01
6.512485146522521973e-01
6.193056106567382812e-01
6.565357446670532227e-01
5.652697682380676270e-01
5.077641606330871582e-01
6.249209642410278320e-01
5.828677415847778320e-01
6.061124801635742188e-01
5.216746330261230469e-01
5.092195868492126465e-01
5.796409249305725098e-01
5.126309394836425781e-01
6.907546520233154297e-01
4.810046553611755371e-01
6.858714818954467773e-01
6.693102121353149414e-01
5.694180727005004883e-01
6.018872261047363281e-01
4.781057238578796387e-01
6.581915020942687988e-01
6.627391576766967773e-01
6.466920971870422363e-01
6.131880879402160645e-01
5.421724915504455566e-01
5.756809115409851074e-01
6.176276803016662598e-01
6.657100319862365723e-01
5.797216892242431641e-01
6.322082877159118652e-01
6.776596307754516602e-01
5.464943051338195801e-01
6.830711364746093750e-01
5.336446762084960938e-01
5.184098482131958008e-01
5.812621712684631348e-01
5.496588945388793945e-01
6.480613946914672852e-01
6.331467628479003906e-01
6.356133222579956055e-01
5.293488502502441406e-01
5.779684782028198242e-01
6.372002363204956055e-01
6.034842133522033691e-01
5.498782396316528320e-01
5.426471829414367676e-01
6.603736281394958496e-01
6.575500965118408203e-01
6.538550853729248047e-01
6.864598989486694336e-01
5.441389083862304688e-01
6.731075048446655273e-01
5.982266068458557129e-01
6.211220026016235352e-01
5.738244056701660156e-01
6.190757751464843750e-01
6.902232766151428223e-01
6.179874539375305176e-01
6.530061960220336914e-01
5.766718387603759766e-01
7.207618951797485352e-01
5.594379305839538574e-01
6.727946996688842773e-01
5.574662685394287109e-01
5.265448689460754395e-01
5.916695594787597656e-01
6.612695455551147461e-01
5.699825286865234375e-01
5.477142333984375000e-01
6.349487900733947754e-01
6.457713842391967773e-01
5.933676958084106445e-01
6.394462585449218750e-01
6.743444204330444336e-01
5.781378746032714844e-01
6.327024698257446289e-01
6.169388890266418457e-01
6.088148355484008789e-01
5.882878303527832031e-01
5.330214500427246094e-01
6.626517772674560547e-01
7.007010579109191895e-01
6.010531187057495117e-01
5.414132475852966309e-01
7.282106876373291016e-01
6.631275415420532227e-01
5.464061498641967773e-01
5.872473716735839844e-01
5.378880500793457031e-01
6.075106859207153320e-01
5.800204873085021973e-01
4.917487204074859619e-01
6.750431656837463379e-01
5.603646039962768555e-01
6.350780129432678223e-01
6.490637063980102539e-01
5.941426753997802734e-01
5.456485748291015625e-01
5.745112299919128418e-01
6.012545824050903320e-01
5.768931508064270020e-01
5.356846451759338379e-01
6.061369776725769043e-01
5.764264464378356934e-01
6.786471605300903320e-01
6.228082180023193359e-01
6.316016912460327148e-01
5.897595882415771484e-01
6.810985803604125977e-01
6.703162193298339844e-01
5.857393145561218262e-01
6.361667513847351074e-01
6.980300545692443848e-01
6.524620056152343750e-01
7.225667238235473633e-01
6.382157802581787109e-01
5.178307294845581055e-01
6.372517347335815430e-01
6.227455735206604004e-01
6.536481380462646484e-01
6.056372523307800293e-01
6.521435379981994629e-01
6.091668605804443359e-01
6.658677458763122559e-01
6.162616014480590820e-01
6.283757090568542480e-01
7.280946373939514160e-01
6.723234653472900391e-01
6.486308574676513672e-01
6.281253099441528320e-01
5.521638393402099609e-01
4.918193817138671875e-01
6.427109241485595703e-01
6.621529459953308105e-01
6.727452278137207031e-01
6.148149967193603516e-01
5.455235838890075684e-01
5.654263496398925781e-01
7.627667784690856934e-01
6.581717133522033691e-01
8.024038076400756836e-01
7.449647784233093262e-01
6.824042797088623047e-01
5.189229249954223633e-01
6.880837678909301758e-01
6.856087446212768555e-01
6.247129440307617188e-01
5.310901403427124023e-01
5.962419509887695312e-01
6.594924926757812500e-01
7.343578338623046875e-01
6.899442672729492188e-01
7.925357818603515625e-01
6.104992628097534180e-01
6.586091518402099609e-01
6.294077634811401367e-01
5.950706005096435547e-01
6.424262523651123047e-01
6.078671216964721680e-01
5.521057844161987305e-01
6.824259757995605469e-01
5.497167110443115234e-01
6.791725754737854004e-01
5.929025411605834961e-01
6.175304055213928223e-01
5.461637973785400391e-01
5.719050168991088867e-01
5.442320108413696289e-01
6.178237199783325195e-01
5.995460152626037598e-01
4.976060986518859863e-01
7.123590707778930664e-01
6.376185417175292969e-01
5.751328468322753906e-01
6.039457321166992188e-01
5.061238408088684082e-01
7.075812816619873047e-01
5.559341907501220703e-01
6.725252866744995117e-01
5.866529345512390137e-01
6.223453879356384277e-01
6.027218103408813477e-01
4.828163981437683105e-01
5.141901969909667969e-01
5.530291795730590820e-01
4.926071465015411377e-01
7.092217206954956055e-01
5.808066725730895996e-01
6.211214661598205566e-01
6.328582763671875000e-01
5.833469629287719727e-01
6.996955871582031250e-01
6.684883236885070801e-01
6.096390485763549805e-01
5.693951845169067383e-01
6.390517950057983398e-01
7.128916978836059570e-01
5.253646373748779297e-01
5.443103313446044922e-01
6.068550348281860352e-01
5.574457645416259766e-01
5.478789806365966797e-01
7.265387773513793945e-01
6.445349454879760742e-01
5.041506886482238770e-01
5.875419378280639648e-01
5.601495504379272461e-01
5.439047813415527344e-01
7.501488924026489258e-01
6.778148412704467773e-01
6.313629150390625000e-01
5.859059095382690430e-01
5.868821740150451660e-01
6.695267558097839355e-01
5.560685396194458008e-01
6.605859994888305664e-01
6.035411357879638672e-01
5.815426707267761230e-01
6.543440818786621094e-01
4.853298664093017578e-01
7.225016355514526367e-01
7.189987897872924805e-01
6.546027660369873047e-01
5.124210119247436523e-01
6.126706600189208984e-01
6.533091068267822266e-01
6.253303289413452148e-01
6.372691392898559570e-01
8.024766445159912109e-01
5.377157330513000488e-01
6.274412870407104492e-01
6.278861761093139648e-01
6.501468420028686523e-01
6.948820948600769043e-01
6.473737359046936035e-01
6.340711116790771484e-01
6.002589464187622070e-01
7.154155969619750977e-01
5.741446614265441895e-01
5.410691499710083008e-01
5.743313431739807129e-01
5.569061040878295898e-01
5.162923336029052734e-01
5.236091613769531250e-01
5.220867395401000977e-01
5.661953687667846680e-01
4.919207692146301270e-01
5.317023992538452148e-01
6.895241141319274902e-01
5.785728096961975098e-01
5.082181692123413086e-01
5.098647475242614746e-01
5.163253545761108398e-01
5.552141070365905762e-01
5.001844167709350586e-01
6.530273556709289551e-01
5.060968995094299316e-01
4.847419857978820801e-01
9.486940503120422363e-01
7.294762134552001953e-01
7.081248760223388672e-01
4.929693043231964111e-01
5.582767724990844727e-01
5.380659103393554688e-01
6.120753884315490723e-01
5.811161994934082031e-01
5.365453958511352539e-01
6.109012961387634277e-01
6.270775794982910156e-01
5.379455685615539551e-01
5.475929379463195801e-01
5.670703053474426270e-01
4.665720462799072266e-01
6.563792228698730469e-01
6.013077497482299805e-01
5.396557450294494629e-01
5.335351228713989258e-01
5.724486112594604492e-01
5.626063942909240723e-01
6.221266984939575195e-01
5.772013664245605469e-01
4.372572302818298340e-01
5.339350104331970215e-01
5.401403903961181641e-01
5.519664287567138672e-01
5.773056745529174805e-01
6.097837090492248535e-01
6.360528469085693359e-01
4.993422031402587891e-01
5.777685642242431641e-01
5.670293569564819336e-01
5.863198041915893555e-01
5.697616338729858398e-01
5.907457470893859863e-01
6.286831498146057129e-01
5.628523230552673340e-01
4.569745659828186035e-01
6.486759185791015625e-01
6.715018153190612793e-01
5.792593359947204590e-01
5.138444304466247559e-01
6.924221515655517578e-01
5.737080574035644531e-01
6.018939018249511719e-01
5.380322933197021484e-01
5.277968049049377441e-01
5.434774756431579590e-01
6.217782497406005859e-01
6.028431653976440430e-01
6.163282394409179688e-01
6.192119717597961426e-01
6.023416519165039062e-01
4.980031549930572510e-01
5.229976773262023926e-01
5.040645599365234375e-01
5.917766690254211426e-01
5.443143248558044434e-01
6.675935983657836914e-01
6.003240346908569336e-01
5.454058051109313965e-01
6.703661084175109863e-01
4.817380309104919434e-01
5.660800933837890625e-01
5.617543458938598633e-01
6.798950433731079102e-01
6.378562450408935547e-01
6.500647664070129395e-01
5.375865697860717773e-01
6.441208720207214355e-01
6.186705827713012695e-01
5.792733430862426758e-01
5.393491983413696289e-01
7.090811729431152344e-01
5.963943004608154297e-01
4.643934369087219238e-01
7.294925451278686523e-01
6.443873047828674316e-01
5.920649766921997070e-01
7.628588080406188965e-01
5.040903091430664062e-01
5.648509860038757324e-01
5.884491205215454102e-01
5.551667213439941406e-01
5.948494076728820801e-01
5.976921319961547852e-01
5.773447751998901367e-01
5.113316774368286133e-01
5.459887981414794922e-01
5.928338766098022461e-01
5.053121447563171387e-01
5.240398645401000977e-01
5.800062417984008789e-01
4.789511263370513916e-01
5.732494592666625977e-01
6.624851822853088379e-01
4.883293509483337402e-01
5.423578619956970215e-01
6.539218425750732422e-01
4.648216366767883301e-01
4.891566932201385498e-01
5.932835340499877930e-01
6.319798827171325684e-01
6.289150714874267578e-01
4.595945477485656738e-01
4.179643988609313965e-01
5.795372724533081055e-01
5.562887191772460938e-01
5.914692878723144531e-01
6.376147270202636719e-01
4.951070845127105713e-01
5.713769793510437012e-01
5.265156626701354980e-01
6.520192623138427734e-01
5.807166695594787598e-01
5.356894731521606445e-01
4.751504063606262207e-01
5.818454027175903320e-01
6.558656692504882812e-01
5.896279811859130859e-01
6.446776986122131348e-01
7.145967483520507812e-01
8.055559396743774414e-01
6.049536466598510742e-01
5.842936635017395020e-01
5.865215063095092773e-01
7.221179008483886719e-01
6.346869468688964844e-01
5.563548207283020020e-01
5.220760107040405273e-01
6.784213781356811523e-01
7.448571324348449707e-01
5.913746356964111328e-01
6.967319846153259277e-01
6.087341308593750000e-01
6.749690175056457520e-01
5.298362970352172852e-01
6.733568310737609863e-01
7.041091918945312500e-01
7.791178226470947266e-01
6.515769958496093750e-01
5.143868923187255859e-01
6.351616382598876953e-01
6.292222142219543457e-01
6.025781035423278809e-01
5.292038917541503906e-01
5.393930673599243164e-01
5.498850345611572266e-01
5.837857127189636230e-01
7.266576886177062988e-01
5.888869762420654297e-01
7.832485437393188477e-01
5.066819190979003906e-01
5.014302730560302734e-01
5.484680533409118652e-01
6.403285264968872070e-01
5.851855278015136719e-01
5.001994371414184570e-01
6.556713581085205078e-01
5.168216228485107422e-01
5.880396366119384766e-01
6.283299922943115234e-01
6.228110790252685547e-01
4.824653565883636475e-01
6.828250885009765625e-01
5.853462815284729004e-01
5.306924581527709961e-01
6.641558408737182617e-01
6.601490974426269531e-01
6.642938852310180664e-01
6.699348688125610352e-01
7.104253768920898438e-01
6.741954088211059570e-01
6.958266496658325195e-01
5.553631186485290527e-01
6.285258531570434570e-01
6.961919069290161133e-01
6.626901626586914062e-01
6.620299220085144043e-01
6.227906346321105957e-01
6.107093095779418945e-01
6.268129348754882812e-01
6.543049812316894531e-01
6.739146113395690918e-01
4.769135415554046631e-01
5.410276055335998535e-01
5.535619258880615234e-01
6.061696410179138184e-01
5.713495612144470215e-01
6.110424995422363281e-01
5.105245113372802734e-01
6.015446186065673828e-01
5.795816183090209961e-01
4.762378334999084473e-01
5.333687663078308105e-01
5.797052383422851562e-01
7.659258842468261719e-01
5.583673715591430664e-01
5.540455579757690430e-01
5.244025588035583496e-01
6.051126718521118164e-01
5.987319350242614746e-01
6.524034738540649414e-01
4.473440945148468018e-01
5.607798099517822266e-01
5.816481113433837891e-01
5.428578257560729980e-01
5.762110948562622070e-01
6.832645535469055176e-01
6.298418045043945312e-01
6.068442463874816895e-01
6.430293321609497070e-01
6.275949478149414062e-01
4.772568941116333008e-01
5.795606374740600586e-01
6.834906339645385742e-01
6.105215549468994141e-01
5.544266700744628906e-01
5.931159257888793945e-01
6.435137391090393066e-01
6.179786920547485352e-01
6.959040760993957520e-01
6.809030771255493164e-01
6.515337228775024414e-01
6.831270456314086914e-01
6.264277696609497070e-01
6.397256851196289062e-01
6.099134683609008789e-01
5.133145451545715332e-01
6.872562170028686523e-01
7.167335748672485352e-01
5.484673976898193359e-01
6.183118820190429688e-01
5.338402986526489258e-01
6.133478879928588867e-01
5.282860994338989258e-01
6.169188618659973145e-01
5.539739131927490234e-01
6.091364622116088867e-01
6.487890481948852539e-01
6.550267934799194336e-01
5.503810644149780273e-01
6.719315052032470703e-01
6.101845502853393555e-01
7.191517949104309082e-01
5.947587490081787109e-01
5.524832606315612793e-01
6.873301267623901367e-01
5.148274302482604980e-01
5.779954791069030762e-01
6.543074250221252441e-01
4.470470547676086426e-01
5.548140406608581543e-01
5.543793439865112305e-01
5.898643732070922852e-01
6.298235654830932617e-01
6.213575005531311035e-01
6.694140434265136719e-01
6.432734131813049316e-01
6.096409559249877930e-01
5.425644516944885254e-01
5.250103473663330078e-01
5.877320766448974609e-01
5.743955969810485840e-01
5.413371324539184570e-01
6.536694169044494629e-01
6.734135150909423828e-01
5.938634872436523438e-01
5.082632303237915039e-01
5.818536877632141113e-01
7.468332648277282715e-01
6.179436445236206055e-01
6.352765560150146484e-01
5.866792201995849609e-01
4.366478919982910156e-01
5.982851386070251465e-01
6.474955677986145020e-01
5.252394676208496094e-01
6.258431673049926758e-01
7.122396230697631836e-01
6.465062499046325684e-01
5.109488368034362793e-01
6.245107054710388184e-01
5.825883746147155762e-01
5.568199157714843750e-01
6.720887422561645508e-01
5.140106081962585449e-01
6.065319776535034180e-01
7.572792172431945801e-01
5.190999507904052734e-01
6.961035728454589844e-01
6.711764335632324219e-01
5.195126533508300781e-01
7.513379454612731934e-01
5.770338773727416992e-01
5.894736051559448242e-01
6.480416059494018555e-01
6.240028142929077148e-01
5.877914428710937500e-01
5.278192758560180664e-01
5.885841846466064453e-01
6.054680347442626953e-01
6.195037961006164551e-01
5.874929428100585938e-01
5.054270029067993164e-01
4.880693852901458740e-01
6.900565624237060547e-01
6.257785558700561523e-01
5.231510996818542480e-01
5.682221651077270508e-01
7.614119052886962891e-01
6.114513874053955078e-01
6.237593889236450195e-01
7.183240652084350586e-01
5.734553337097167969e-01
5.230807065963745117e-01
5.604086518287658691e-01
5.785320997238159180e-01
5.459394454956054688e-01
5.654399394989013672e-01
6.814451217651367188e-01
5.627875328063964844e-01
5.696933269500732422e-01
6.167429089546203613e-01
5.441527366638183594e-01
6.630967855453491211e-01
5.491396784782409668e-01
6.196968555450439453e-01
6.464074850082397461e-01
5.139202475547790527e-01
6.743056774139404297e-01
5.672253370285034180e-01
5.250702500343322754e-01
6.255313158035278320e-01
5.077810287475585938e-01
5.397269129753112793e-01
5.481340885162353516e-01
5.388847589492797852e-01
4.640257954597473145e-01
6.753665208816528320e-01
5.299260616302490234e-01
4.528895616531372070e-01
5.549327731132507324e-01
6.628025770187377930e-01
6.025480628013610840e-01
5.602576732635498047e-01
5.812268257141113281e-01
4.947684109210968018e-01
5.723981261253356934e-01
5.933002233505249023e-01
4.875947833061218262e-01
5.090803503990173340e-01
6.288599371910095215e-01
4.700128734111785889e-01
6.374107003211975098e-01
5.572910308837890625e-01
6.376638412475585938e-01
5.377719998359680176e-01
5.425415039062500000e-01
6.474379897117614746e-01
5.299302935600280762e-01
5.700303316116333008e-01
5.091906189918518066e-01
5.474630594253540039e-01
5.669612884521484375e-01
6.070216894149780273e-01
6.396816968917846680e-01
5.476964116096496582e-01
6.218529939651489258e-01
5.461828708648681641e-01
5.906274318695068359e-01
6.573266983032226562e-01
5.769428014755249023e-01
5.027225017547607422e-01
4.951981008052825928e-01
5.451841354370117188e-01
6.073935031890869141e-01
5.486548542976379395e-01
5.017941594123840332e-01
5.640245676040649414e-01
5.971029996871948242e-01
5.569058656692504883e-01
5.374220013618469238e-01
5.235464572906494141e-01
5.217692852020263672e-01
5.742509365081787109e-01
5.511250495910644531e-01
6.555800437927246094e-01
5.465859174728393555e-01
4.698427617549896240e-01
5.543006062507629395e-01
5.553600788116455078e-01
6.747223734855651855e-01
5.540820956230163574e-01
5.149570703506469727e-01
5.659202337265014648e-01
4.893384873867034912e-01
5.557440519332885742e-01
5.119169950485229492e-01
5.836800336837768555e-01
5.688714385032653809e-01
6.170101165771484375e-01
5.129603147506713867e-01
5.628496408462524414e-01
5.937411785125732422e-01
4.520862102508544922e-01
6.728510856628417969e-01
4.766908586025238037e-01
5.442666411399841309e-01
5.600144863128662109e-01
6.125050187110900879e-01
5.006824731826782227e-01
5.386192798614501953e-01
5.307769179344177246e-01
5.568352341651916504e-01
6.268922090530395508e-01
5.620567798614501953e-01
5.835990309715270996e-01
6.483252644538879395e-01
4.664822816848754883e-01
5.581725835800170898e-01
5.568978190422058105e-01
6.019378900527954102e-01
6.016690731048583984e-01
5.656519532203674316e-01
5.400330424308776855e-01
5.878126621246337891e-01
4.755624532699584961e-01
5.633533000946044922e-01
6.141841411590576172e-01
6.147084832191467285e-01
6.499885916709899902e-01
6.071102619171142578e-01
4.660730659961700439e-01
5.135340094566345215e-01
6.664831638336181641e-01
5.070627927780151367e-01
5.663356781005859375e-01
7.349972724914550781e-01
6.328189969062805176e-01
6.128101348876953125e-01
6.402423381805419922e-01
5.612259507179260254e-01
5.215066671371459961e-01
5.304375886917114258e-01
6.332704424858093262e-01
5.215183496475219727e-01
5.033299922943115234e-01
5.767037868499755859e-01
5.247570276260375977e-01
5.671695470809936523e-01
4.723690152168273926e-01
6.525570154190063477e-01
5.863949060440063477e-01
6.701269745826721191e-01
6.301600933074951172e-01
5.519351363182067871e-01
6.251100897789001465e-01
5.002619624137878418e-01
5.698088407516479492e-01
5.744360685348510742e-01
5.613108873367309570e-01
6.595047116279602051e-01
5.907361507415771484e-01
5.644763112068176270e-01
6.204988956451416016e-01
5.132193565368652344e-01
6.833097934722900391e-01
6.739729642868041992e-01
6.122006177902221680e-01
6.367894411087036133e-01
5.550224781036376953e-01
6.507732868194580078e-01
6.903100609779357910e-01
6.110740303993225098e-01
4.560011923313140869e-01
6.282600164413452148e-01
6.052786111831665039e-01
5.170648097991943359e-01
5.720462799072265625e-01
5.417761802673339844e-01
4.886010885238647461e-01
5.524106621742248535e-01
5.232410430908203125e-01
5.114310979843139648e-01
5.951571464538574219e-01
5.617584586143493652e-01
5.267132520675659180e-01
5.336041450500488281e-01
6.318821907043457031e-01
5.337067246437072754e-01
5.991670489311218262e-01
4.662491679191589355e-01
4.803310632705688477e-01
5.095930695533752441e-01
5.728085637092590332e-01
5.440580844879150391e-01
4.363520145416259766e-01
5.504804849624633789e-01
5.824731588363647461e-01
5.973200798034667969e-01
5.919184684753417969e-01
5.179860591888427734e-01
5.614542961120605469e-01
5.968924760818481445e-01
4.967395067214965820e-01
5.556302070617675781e-01
5.386803150177001953e-01
5.752249956130981445e-01
5.519345998764038086e-01
6.350504159927368164e-01
6.559840440750122070e-01
5.169558525085449219e-01
4.966204762458801270e-01
5.987395644187927246e-01
6.317760944366455078e-01
5.870984792709350586e-01
6.461683511734008789e-01
6.578378081321716309e-01
5.649275779724121094e-01
5.326029658317565918e-01
7.067723870277404785e-01
5.416498184204101562e-01
6.245880126953125000e-01
6.394054889678955078e-01
5.801637768745422363e-01
5.548760890960693359e-01
5.636401176452636719e-01
6.194343566894531250e-01
6.320852637290954590e-01
7.019609808921813965e-01
5.826476812362670898e-01
6.616837382316589355e-01
5.795658826828002930e-01
6.130938529968261719e-01
5.307989120483398438e-01
5.883473157882690430e-01
6.610428690910339355e-01
6.499866843223571777e-01
4.828834533691406250e-01
6.091383695602416992e-01
6.943186521530151367e-01
5.478057265281677246e-01
5.488635897636413574e-01
6.064317226409912109e-01
6.070674657821655273e-01
5.813521742820739746e-01
4.659579992294311523e-01
5.122340917587280273e-01
5.788975954055786133e-01
4.865590929985046387e-01
6.523038148880004883e-01
6.982786655426025391e-01
5.410966277122497559e-01
5.988389253616333008e-01
6.446404457092285156e-01
6.552476286888122559e-01
6.727063059806823730e-01
4.789726138114929199e-01
5.703588128089904785e-01
6.187936067581176758e-01
5.224924087524414062e-01
6.851400136947631836e-01
5.703179836273193359e-01
5.617958307266235352e-01
6.438022851943969727e-01
5.747882127761840820e-01
4.766451716423034668e-01
5.586687326431274414e-01
6.523091197013854980e-01
6.997457742691040039e-01
6.299323439598083496e-01
5.468827486038208008e-01
7.550175189971923828e-01
5.879240036010742188e-01
6.188792586326599121e-01
6.806378364562988281e-01
5.696685314178466797e-01
6.792709827423095703e-01
5.867822766304016113e-01
6.812852621078491211e-01
5.492148399353027344e-01
5.527029633522033691e-01
5.568647980690002441e-01
5.800288915634155273e-01
6.302354335784912109e-01
5.199060440063476562e-01
4.989746809005737305e-01
6.012344360351562500e-01
5.523250102996826172e-01
5.711426734924316406e-01
5.599777698516845703e-01
7.590602636337280273e-01
5.644401907920837402e-01
7.234668731689453125e-01
5.619647502899169922e-01
5.881620645523071289e-01
5.146422982215881348e-01
5.399420857429504395e-01
5.534439086914062500e-01
7.626041769981384277e-01
5.453784465789794922e-01
6.743658781051635742e-01
5.474571585655212402e-01
5.061082839965820312e-01
6.394255161285400391e-01
6.216008663177490234e-01
5.884501934051513672e-01
5.759925842285156250e-01
6.663788557052612305e-01
5.770199298858642578e-01
5.913563966751098633e-01
6.094365715980529785e-01
5.852916240692138672e-01
6.059365272521972656e-01
5.859699249267578125e-01
6.130045056343078613e-01
6.197084188461303711e-01
5.219317674636840820e-01
5.657928586006164551e-01
4.765844345092773438e-01
6.227898001670837402e-01
5.960473418235778809e-01
5.574008226394653320e-01
6.635682582855224609e-01
5.635824203491210938e-01
5.812854766845703125e-01
6.145130991935729980e-01
6.137468218803405762e-01
6.007932424545288086e-01
5.707644224166870117e-01
6.157993674278259277e-01
6.050516963005065918e-01
5.535784959793090820e-01
7.482443451881408691e-01
5.291893482208251953e-01
5.575191378593444824e-01
5.399642586708068848e-01
4.578156173229217529e-01
5.972486734390258789e-01
6.019447445869445801e-01
5.067150592803955078e-01
7.195076942443847656e-01
6.460599899291992188e-01
5.720844268798828125e-01
7.617403268814086914e-01
6.702783107757568359e-01
5.690398216247558594e-01
5.686161518096923828e-01
4.811412990093231201e-01
4.650227427482604980e-01
5.777882337570190430e-01
5.848447680473327637e-01
6.643822193145751953e-01
6.094461083412170410e-01
5.951940417289733887e-01
7.030062675476074219e-01
6.575173139572143555e-01
5.766442418098449707e-01
5.579394102096557617e-01
5.902963876724243164e-01
6.454019546508789062e-01
5.516747236251831055e-01
6.204974651336669922e-01
5.373015403747558594e-01
6.119685769081115723e-01
6.157283186912536621e-01
5.422956347465515137e-01
5.809221267700195312e-01
6.620805263519287109e-01
6.147603988647460938e-01
6.152771711349487305e-01
6.115472316741943359e-01
5.336716771125793457e-01
5.950236320495605469e-01
6.309642791748046875e-01
4.550525546073913574e-01
5.176901817321777344e-01
6.858649253845214844e-01
5.968703627586364746e-01
7.600096464157104492e-01
6.389181613922119141e-01
5.934173464775085449e-01
5.171154737472534180e-01
5.539439320564270020e-01
5.751982927322387695e-01
5.512574315071105957e-01
5.861409902572631836e-01
5.794379115104675293e-01
5.975158214569091797e-01
4.982013702392578125e-01
5.243562459945678711e-01
4.320273399353027344e-01
5.920286178588867188e-01
4.513511955738067627e-01
5.705748200416564941e-01
6.639802455902099609e-01
5.343942642211914062e-01
4.708988666534423828e-01
4.712206125259399414e-01
6.294400691986083984e-01
5.092670321464538574e-01
6.718089580535888672e-01
5.876588821411132812e-01
4.450064897537231445e-01
6.072098612785339355e-01
4.727578759193420410e-01
5.249416828155517578e-01
5.017200708389282227e-01
5.182682275772094727e-01
6.576169133186340332e-01
5.212001204490661621e-01
5.854127407073974609e-01
5.737996101379394531e-01
4.640477299690246582e-01
5.066953897476196289e-01
5.327550172805786133e-01
5.483807325363159180e-01
5.386797189712524414e-01
4.360993504524230957e-01
5.218228697776794434e-01
5.742650032043457031e-01
5.475530624389648438e-01
5.540910959243774414e-01
6.050105094909667969e-01
4.596382379531860352e-01
4.814976453781127930e-01
6.034575700759887695e-01
5.045555233955383301e-01
5.408419370651245117e-01
5.404496192932128906e-01
5.053478479385375977e-01
5.893830657005310059e-01
5.871546268463134766e-01
5.459729433059692383e-01
4.759336709976196289e-01
6.185681223869323730e-01
5.116989612579345703e-01
5.150201320648193359e-01
6.196098327636718750e-01
5.846804380416870117e-01
5.514639616012573242e-01
6.019771099090576172e-01
5.089622735977172852e-01
5.194323658943176270e-01
5.003651380538940430e-01
5.267577767372131348e-01
6.265960335731506348e-01
5.471640229225158691e-01
5.631311535835266113e-01
4.737044274806976318e-01
5.435963869094848633e-01
6.335933208465576172e-01
5.427616834640502930e-01
6.088057756423950195e-01
5.424717664718627930e-01
4.399045407772064209e-01
4.735408425331115723e-01
4.860292077064514160e-01
5.113764405250549316e-01
5.321431159973144531e-01
5.338751077651977539e-01
5.069015622138977051e-01
5.584154129028320312e-01
5.195080041885375977e-01
5.833330154418945312e-01
5.750554203987121582e-01
5.010519623756408691e-01
6.369662880897521973e-01
5.469781160354614258e-01
4.874857664108276367e-01
5.303883552551269531e-01
4.799608588218688965e-01
6.298205852508544922e-01
6.183342933654785156e-01
5.878878831863403320e-01
4.963031411170959473e-01
5.511509180068969727e-01
4.924314916133880615e-01
5.608279705047607422e-01
5.039032697677612305e-01
5.719231963157653809e-01
6.653233766555786133e-01
5.598217844963073730e-01
6.251382827758789062e-01
4.866027832031250000e-01
5.165748596191406250e-01
5.282195806503295898e-01
7.106881737709045410e-01
5.371535420417785645e-01
5.243501663208007812e-01
5.903028845787048340e-01
6.388776898384094238e-01
5.555791258811950684e-01
5.336201190948486328e-01
4.952828884124755859e-01
4.866505265235900879e-01
5.035012960433959961e-01
5.053375363349914551e-01
4.120209813117980957e-01
5.519842505455017090e-01
5.981115102767944336e-01
4.774483144283294678e-01
5.318423509597778320e-01
5.567628741264343262e-01
4.961806535720825195e-01
5.130698680877685547e-01
4.932875931262969971e-01
6.249376535415649414e-01
6.158515214920043945e-01
4.611930251121520996e-01
4.659198224544525146e-01
5.694692134857177734e-01
6.947786808013916016e-01
5.795643329620361328e-01
5.801867842674255371e-01
5.598951578140258789e-01
6.097978353500366211e-01
6.605376005172729492e-01
5.768477916717529297e-01
7.244964838027954102e-01
6.852446794509887695e-01
5.294479131698608398e-01
5.012114048004150391e-01
6.309638023376464844e-01
4.562839567661285400e-01
5.816937685012817383e-01
5.754421949386596680e-01
6.298410296440124512e-01
5.135155916213989258e-01
4.987478256225585938e-01
6.007553935050964355e-01
6.339573264122009277e-01
5.725492238998413086e-01
5.359942913055419922e-01
5.488522052764892578e-01
5.800132751464843750e-01
5.700861215591430664e-01
5.250517129898071289e-01
4.931264817714691162e-01
5.654072761535644531e-01
6.017546057701110840e-01
5.720248818397521973e-01
5.245292186737060547e-01
6.092013120651245117e-01
5.933439731597900391e-01
6.529678702354431152e-01
5.656671524047851562e-01
5.383183360099792480e-01
6.289017200469970703e-01
5.777862071990966797e-01
5.387805700302124023e-01
5.417807698249816895e-01
6.406437158584594727e-01
5.531823635101318359e-01
5.265026688575744629e-01
4.763244986534118652e-01
4.758911132812500000e-01
5.365729331970214844e-01
5.924584269523620605e-01
6.377701759338378906e-01
6.393050551414489746e-01
6.017936468124389648e-01
5.993347167968750000e-01
5.702294111251831055e-01
6.544768214225769043e-01
5.603699684143066406e-01
5.529389381408691406e-01
5.516585707664489746e-01
5.611863732337951660e-01
5.304493904113769531e-01
4.136548638343811035e-01
6.288393735885620117e-01
7.337015867233276367e-01
5.839110612869262695e-01
6.745438575744628906e-01
5.414627790451049805e-01
5.952308177947998047e-01
5.792289972305297852e-01
5.541202425956726074e-01
5.791277885437011719e-01
5.153277516365051270e-01
5.646028518676757812e-01
6.034660339355468750e-01
5.424301624298095703e-01
5.559499263763427734e-01
6.408340334892272949e-01
5.773394107818603516e-01
6.214067935943603516e-01
5.961704850196838379e-01
5.334544777870178223e-01
5.158898830413818359e-01
5.732789635658264160e-01
4.930139482021331787e-01
5.691044330596923828e-01
5.734040737152099609e-01
6.610157489776611328e-01
5.660345554351806641e-01
4.580125212669372559e-01
4.367431104183197021e-01
5.538930892944335938e-01
5.982622504234313965e-01
6.881748437881469727e-01
6.546369791030883789e-01
5.360252857208251953e-01
5.218168497085571289e-01
5.511742830276489258e-01
5.747535228729248047e-01
5.477799177169799805e-01
7.228021621704101562e-01
5.645483732223510742e-01
4.658266603946685791e-01
4.913928508758544922e-01
5.399435758590698242e-01
5.418391823768615723e-01
4.977266788482666016e-01
7.439216971397399902e-01
5.595397949218750000e-01
5.336667299270629883e-01
6.214381456375122070e-01
5.123802423477172852e-01
5.765461921691894531e-01
5.811803340911865234e-01
7.532461285591125488e-01
6.396613121032714844e-01
5.700015425682067871e-01
5.206292271614074707e-01
5.665462613105773926e-01
5.737471580505371094e-01
5.636719465255737305e-01
6.345221400260925293e-01
5.152135491371154785e-01
4.431381523609161377e-01
6.322780847549438477e-01
5.529980659484863281e-01
6.411218643188476562e-01
4.694681167602539062e-01
6.187012195587158203e-01
6.141747236251831055e-01
5.579021573066711426e-01
6.489063501358032227e-01
5.323295593261718750e-01
4.627052247524261475e-01
5.106414556503295898e-01
5.984245538711547852e-01
5.706031918525695801e-01
5.977344512939453125e-01
5.221132636070251465e-01
5.711963176727294922e-01
6.005489826202392578e-01
6.508310437202453613e-01
6.316790580749511719e-01
5.751157999038696289e-01
5.682733058929443359e-01
5.911735892295837402e-01
5.453388690948486328e-01
6.271097064018249512e-01
5.633609890937805176e-01
5.686773657798767090e-01
5.808717012405395508e-01
5.926983356475830078e-01
5.397567152976989746e-01
6.353595852851867676e-01
6.356337070465087891e-01
6.412556171417236328e-01
5.243464708328247070e-01
5.716889500617980957e-01
4.948736429214477539e-01
6.517990827560424805e-01
6.135324239730834961e-01
4.797075390815734863e-01
5.325629711151123047e-01
5.759243369102478027e-01
6.283333897590637207e-01
5.121904611587524414e-01
5.229247808456420898e-01
8.406511545181274414e-01
5.680652260780334473e-01
6.828359365463256836e-01
5.853339433670043945e-01
6.366025209426879883e-01
6.206784844398498535e-01
5.838133096694946289e-01
5.730171203613281250e-01
4.801757335662841797e-01
5.918787717819213867e-01
5.776670575141906738e-01
6.018794775009155273e-01
6.827421188354492188e-01
6.176338195800781250e-01
6.488364934921264648e-01
5.547728538513183594e-01
5.751914978027343750e-01
6.883983612060546875e-01
6.501928567886352539e-01
5.389326214790344238e-01
5.794366598129272461e-01
6.272643804550170898e-01
5.997057557106018066e-01
5.846346020698547363e-01
5.627623796463012695e-01
6.853129267692565918e-01
5.555839538574218750e-01
5.687656998634338379e-01
4.681887030601501465e-01
6.848022937774658203e-01
5.682080984115600586e-01
5.949382781982421875e-01
6.704580187797546387e-01
6.287373304367065430e-01
4.872416853904724121e-01
5.885845422744750977e-01
7.772967815399169922e-01
5.762345790863037109e-01
5.796784162521362305e-01
5.400411486625671387e-01
5.742421746253967285e-01
7.064093351364135742e-01
5.544757843017578125e-01
5.978630781173706055e-01
6.781654357910156250e-01
5.955281853675842285e-01
6.551164984703063965e-01
6.339100003242492676e-01
5.578160881996154785e-01
5.278258323669433594e-01
5.006698369979858398e-01
5.145879387855529785e-01
5.688393115997314453e-01
5.379995107650756836e-01
5.663278102874755859e-01
4.842791557312011719e-01
5.632631778717041016e-01
5.755650997161865234e-01
5.630990862846374512e-01
6.073180437088012695e-01
6.505626440048217773e-01
5.795208215713500977e-01
4.651658833026885986e-01
5.170033574104309082e-01
5.698877573013305664e-01
6.483365297317504883e-01
6.517720222473144531e-01
6.827373504638671875e-01
7.429903149604797363e-01
5.131549835205078125e-01
5.755773782730102539e-01
5.549377799034118652e-01
5.669745206832885742e-01
5.952799916267395020e-01
5.480155944824218750e-01
5.196558833122253418e-01
4.295577406883239746e-01
4.432747960090637207e-01
5.278337597846984863e-01
5.278326869010925293e-01
5.378349423408508301e-01
4.721474349498748779e-01
5.440065860748291016e-01
5.145308971405029297e-01
4.580845534801483154e-01
4.918760061264038086e-01
4.719819426536560059e-01
7.453982830047607422e-01
4.856220185756683350e-01
5.574775934219360352e-01
4.461213946342468262e-01
4.185180962085723877e-01
6.500197052955627441e-01
4.346798062324523926e-01
5.186983942985534668e-01
5.520837306976318359e-01
4.472458958625793457e-01
5.861673355102539062e-01
4.940654039382934570e-01
5.119390487670898438e-01
4.818276762962341309e-01
5.177063941955566406e-01
5.613495111465454102e-01
4.309979081153869629e-01
4.823064804077148438e-01
5.954878926277160645e-01
4.661745429039001465e-01
5.083228349685668945e-01
4.995873570442199707e-01
4.828526973724365234e-01
4.711690545082092285e-01
4.076601564884185791e-01
5.075911879539489746e-01
5.873802900314331055e-01
3.964014053344726562e-01
4.489167928695678711e-01
5.793975591659545898e-01
5.925304889678955078e-01
5.057482123374938965e-01
6.080371141433715820e-01
5.827446579933166504e-01
5.912639498710632324e-01
5.079970955848693848e-01
4.790024161338806152e-01
6.305409669876098633e-01
4.874774813652038574e-01
5.081047415733337402e-01
5.610998868942260742e-01
5.554435253143310547e-01
5.047026872634887695e-01
5.646640062332153320e-01
5.377472639083862305e-01
5.488731861114501953e-01
5.144901871681213379e-01
5.497271418571472168e-01
5.655947923660278320e-01
6.446307301521301270e-01
5.237545967102050781e-01
5.649048089981079102e-01
5.639401674270629883e-01
5.481452941894531250e-01
5.493485927581787109e-01
5.504841208457946777e-01
4.687568545341491699e-01
4.403482377529144287e-01
5.808604955673217773e-01
4.656989574432373047e-01
6.129359602928161621e-01
5.683796405792236328e-01
5.597201585769653320e-01
6.119008064270019531e-01
5.808269977569580078e-01
4.050669670104980469e-01
4.958297908306121826e-01
6.905127763748168945e-01
5.891873836517333984e-01
6.211907863616943359e-01
4.774796366691589355e-01
6.117238998413085938e-01
5.400746464729309082e-01
5.444920063018798828e-01
6.134334206581115723e-01
5.223426818847656250e-01
5.389253497123718262e-01
6.359533071517944336e-01
5.816299915313720703e-01
5.228512883186340332e-01
5.192412734031677246e-01
5.640401840209960938e-01
5.510588884353637695e-01
6.056220531463623047e-01
5.514321327209472656e-01
5.099762082099914551e-01
4.385094940662384033e-01
5.038732886314392090e-01
5.663704872131347656e-01
5.222919583320617676e-01
5.739008784294128418e-01
6.130542755126953125e-01
5.645186901092529297e-01
5.901712775230407715e-01
6.896357536315917969e-01
5.492389202117919922e-01
5.306591391563415527e-01
4.911635220050811768e-01
4.334763884544372559e-01
4.939891099929809570e-01
5.588162541389465332e-01
6.134147644042968750e-01
4.860187172889709473e-01
6.057009100914001465e-01
4.858976602554321289e-01
5.644249320030212402e-01
5.944598317146301270e-01
5.556757450103759766e-01
5.742990970611572266e-01
5.573456883430480957e-01
5.973527431488037109e-01
4.867491722106933594e-01
4.303881227970123291e-01
5.310927629470825195e-01
5.254102945327758789e-01
4.989188313484191895e-01
5.785128474235534668e-01
6.093107461929321289e-01
6.151163578033447266e-01
5.717667341232299805e-01
5.509928464889526367e-01
4.693542718887329102e-01
5.640514492988586426e-01
5.869665145874023438e-01
4.815629124641418457e-01
6.316084861755371094e-01
5.708718299865722656e-01
6.114006042480468750e-01
5.222917795181274414e-01
5.774537324905395508e-01
5.568406581878662109e-01
5.122139453887939453e-01
6.371763944625854492e-01
4.515231847763061523e-01
5.528398752212524414e-01
5.225491523742675781e-01
5.022615194320678711e-01
5.294399857521057129e-01
6.390845775604248047e-01
4.572409689426422119e-01
4.580501317977905273e-01
5.536097288131713867e-01
5.021429061889648438e-01
6.255733966827392578e-01
5.207367539405822754e-01
5.221813321113586426e-01
5.601605772972106934e-01
5.618520975112915039e-01
5.979142189025878906e-01
5.397095680236816406e-01
6.013558506965637207e-01
5.550660490989685059e-01
4.953797161579132080e-01
4.467456340789794922e-01
5.137283205986022949e-01
5.140480995178222656e-01
5.412430763244628906e-01
5.434544682502746582e-01
5.423063039779663086e-01
5.875278115272521973e-01
4.364178776741027832e-01
6.083059310913085938e-01
5.446594953536987305e-01
4.829194545745849609e-01
6.168460249900817871e-01
6.872215270996093750e-01
4.606952667236328125e-01
5.999577045440673828e-01
5.916872024536132812e-01
6.073347926139831543e-01
5.681216120719909668e-01
5.025070905685424805e-01
4.696087837219238281e-01
5.819352865219116211e-01
6.324863433837890625e-01
4.759477376937866211e-01
4.589166343212127686e-01
5.680081844329833984e-01
5.685703158378601074e-01
4.885053932666778564e-01
4.857817292213439941e-01
5.642973780632019043e-01
5.151858329772949219e-01
6.549680233001708984e-01
4.985975921154022217e-01
5.481724143028259277e-01
4.721437394618988037e-01
4.798684120178222656e-01
5.908788442611694336e-01
5.688343644142150879e-01
6.647732257843017578e-01
5.925220251083374023e-01
5.225075483322143555e-01
6.124018430709838867e-01
5.456221699714660645e-01
5.308781862258911133e-01
4.778058826923370361e-01
6.748889088630676270e-01
5.146105885505676270e-01
6.177922487258911133e-01
5.797002911567687988e-01
5.706999301910400391e-01
5.618082880973815918e-01
6.828863620758056641e-01
6.395540237426757812e-01
5.764939188957214355e-01
4.717552661895751953e-01
4.274924993515014648e-01
5.084142088890075684e-01
5.980445146560668945e-01
5.313785672187805176e-01
5.978605747222900391e-01
6.144871711730957031e-01
5.660986900329589844e-01
5.574854016304016113e-01
6.477735042572021484e-01
4.989570677280426025e-01
5.483590364456176758e-01
5.987771153450012207e-01
6.295042037963867188e-01
4.894187748432159424e-01
5.776846408843994141e-01
5.828762054443359375e-01
5.231615304946899414e-01
5.913262963294982910e-01
4.991312026977539062e-01
7.218639850616455078e-01
5.792149305343627930e-01
5.246052742004394531e-01
6.370366215705871582e-01
5.089768171310424805e-01
6.098881959915161133e-01
6.160572767257690430e-01
5.002931356430053711e-01
5.672938823699951172e-01
7.608727216720581055e-01
4.766239225864410400e-01
6.237695813179016113e-01
5.585719943046569824e-01
6.657333374023437500e-01
5.477282404899597168e-01
5.424365997314453125e-01
4.894924759864807129e-01
5.325376987457275391e-01
6.465729475021362305e-01
5.118544697761535645e-01
5.734192728996276855e-01
6.002486944198608398e-01
6.127423048019409180e-01
6.971721649169921875e-01
4.529358744621276855e-01
5.577745437622070312e-01
4.121236801147460938e-01
5.881733298301696777e-01
5.384279489517211914e-01
5.427554249763488770e-01
5.202054977416992188e-01
5.279004573822021484e-01
4.845008254051208496e-01
6.304608583450317383e-01
6.613507270812988281e-01
4.837091863155364990e-01
6.885240077972412109e-01
4.393612742424011230e-01
5.578982830047607422e-01
4.698611199855804443e-01
5.292029380798339844e-01
5.786396265029907227e-01
7.034591436386108398e-01
5.530754923820495605e-01
5.243456363677978516e-01
4.918603301048278809e-01
5.183032751083374023e-01
5.425994396209716797e-01
5.541975498199462891e-01
7.214448451995849609e-01
4.701275229454040527e-01
5.404311418533325195e-01
5.068138241767883301e-01
5.876979827880859375e-01
6.778615117073059082e-01
6.216537952423095703e-01
4.804090261459350586e-01
6.167969107627868652e-01
5.363970398902893066e-01
5.453766584396362305e-01
5.920854210853576660e-01
6.122618913650512695e-01
5.418636798858642578e-01
4.946644604206085205e-01
5.556323528289794922e-01
5.425919294357299805e-01
7.010198235511779785e-01
4.948418736457824707e-01
4.649142622947692871e-01
5.364741086959838867e-01
5.469680428504943848e-01
6.129006147384643555e-01
6.605433821678161621e-01
6.009219288825988770e-01
7.458363771438598633e-01
4.681400060653686523e-01
5.347107648849487305e-01
5.823014378547668457e-01
5.770644545555114746e-01
6.838785409927368164e-01
5.127168297767639160e-01
7.218869924545288086e-01
4.483281970024108887e-01
6.664296388626098633e-01
5.881320238113403320e-01
5.569625496864318848e-01
5.483261942863464355e-01
6.331410408020019531e-01
6.367329359054565430e-01
5.723532438278198242e-01
6.341911554336547852e-01
5.920884609222412109e-01
6.022405624389648438e-01
6.948245763778686523e-01
6.691560745239257812e-01
5.231215357780456543e-01
5.324236750602722168e-01
6.337598562240600586e-01
5.106705427169799805e-01
5.551459789276123047e-01
5.835089683532714844e-01
4.556738734245300293e-01
5.989570617675781250e-01
6.043313741683959961e-01
6.654718518257141113e-01
5.043979287147521973e-01
6.256116032600402832e-01
5.236040949821472168e-01
5.531209707260131836e-01
5.566420555114746094e-01
5.817036628723144531e-01
