1.360245132446289062e+01
1.412524509429931641e+01
1.378110980987548828e+01
1.340476417541503906e+01
1.405393600463867188e+01
1.329613685607910156e+01
1.321195030212402344e+01
1.326518821716308594e+01
1.175513076782226562e+01
1.242489051818847656e+01
1.254378509521484375e+01
1.253629684448242188e+01
1.222843933105468750e+01
1.190259742736816406e+01
1.116505241394042969e+01
1.199747276306152344e+01
1.154447555541992188e+01
1.120196914672851562e+01
1.119679260253906250e+01
1.150199890136718750e+01
9.984586715698242188e+00
1.023123741149902344e+01
9.622388839721679688e+00
9.011037826538085938e+00
8.463143348693847656e+00
7.898856163024902344e+00
7.906404972076416016e+00
7.637631893157958984e+00
6.326251029968261719e+00
6.332957267761230469e+00
6.428588390350341797e+00
4.738298892974853516e+00
4.552147865295410156e+00
4.209809303283691406e+00
3.538205146789550781e+00
2.840658187866210938e+00
2.575380325317382812e+00
1.975853919982910156e+00
2.098400592803955078e+00
2.047902584075927734e+00
1.879744052886962891e+00
1.550678253173828125e+00
1.552984714508056641e+00
1.516695022583007812e+00
1.937619805335998535e+00
2.265826702117919922e+00
2.149734735488891602e+00
2.024242877960205078e+00
1.964864492416381836e+00
1.766012310981750488e+00
1.576270222663879395e+00
1.624841213226318359e+00
1.486590862274169922e+00
1.401676416397094727e+00
1.320190548896789551e+00
1.133347034454345703e+00
1.350786447525024414e+00
1.148219108581542969e+00
1.163771390914916992e+00
1.382637739181518555e+00
1.253360152244567871e+00
1.231666564941406250e+00
1.088955521583557129e+00
1.169162750244140625e+00
1.061786174774169922e+00
1.227819681167602539e+00
1.193694829940795898e+00
1.310669302940368652e+00
1.299373388290405273e+00
1.186227679252624512e+00
1.223856687545776367e+00
1.061408877372741699e+00
9.294773340225219727e-01
1.042691707611083984e+00
8.659155368804931641e-01
1.050977230072021484e+00
1.126226782798767090e+00
9.443801641464233398e-01
1.055986046791076660e+00
1.036922812461853027e+00
7.279706597328186035e-01
1.096758008003234863e+00
1.105152249336242676e+00
1.040241718292236328e+00
9.535843133926391602e-01
9.546416997909545898e-01
1.044846177101135254e+00
1.226481199264526367e+00
1.127266168594360352e+00
8.658249378204345703e-01
1.072699427604675293e+00
8.549354076385498047e-01
1.142598628997802734e+00
9.720450043678283691e-01
9.752720594406127930e-01
9.976306557655334473e-01
8.865596652030944824e-01
9.170577526092529297e-01
8.376014232635498047e-01
9.165849089622497559e-01
9.469537734985351562e-01
8.401169776916503906e-01
1.076668381690979004e+00
1.037058591842651367e+00
8.581044673919677734e-01
1.007099270820617676e+00
9.383111596107482910e-01
9.772956967353820801e-01
8.713515996932983398e-01
9.678117036819458008e-01
1.006641864776611328e+00
9.518237113952636719e-01
8.607674241065979004e-01
9.255654811859130859e-01
8.194163441658020020e-01
8.625715970993041992e-01
8.377823829650878906e-01
8.967772126197814941e-01
9.117590188980102539e-01
9.617424011230468750e-01
9.968510866165161133e-01
8.605465292930603027e-01
8.771690726280212402e-01
8.223036527633666992e-01
8.940944671630859375e-01
9.084640741348266602e-01
8.802911043167114258e-01
8.014452457427978516e-01
9.200042486190795898e-01
7.580430507659912109e-01
9.670859575271606445e-01
8.643525838851928711e-01
1.010307431221008301e+00
9.117543101310729980e-01
9.279068708419799805e-01
9.519263505935668945e-01
8.547767996788024902e-01
9.995236396789550781e-01
9.472539424896240234e-01
9.277561902999877930e-01
9.411367774009704590e-01
8.611129522323608398e-01
8.748847842216491699e-01
9.967516660690307617e-01
9.239041805267333984e-01
8.380342125892639160e-01
7.996192574501037598e-01
1.044728517532348633e+00
9.251129031181335449e-01
9.282816052436828613e-01
7.718852758407592773e-01
8.182190060615539551e-01
8.068640232086181641e-01
8.621648550033569336e-01
8.536577820777893066e-01
8.346797227859497070e-01
8.245544433593750000e-01
9.150335788726806641e-01
8.675596714019775391e-01
7.088712453842163086e-01
8.373197913169860840e-01
8.156818151473999023e-01
8.863186836242675781e-01
9.140927791595458984e-01
8.465002775192260742e-01
8.064671158790588379e-01
7.696122527122497559e-01
8.493007421493530273e-01
7.987079024314880371e-01
8.780955672264099121e-01
8.484780788421630859e-01
7.058280706405639648e-01
8.271183371543884277e-01
7.840786576271057129e-01
6.742687225341796875e-01
9.781357049942016602e-01
8.447453975677490234e-01
8.246632814407348633e-01
9.299032688140869141e-01
8.712148666381835938e-01
6.817729473114013672e-01
7.716561555862426758e-01
7.202820777893066406e-01
6.735301613807678223e-01
7.745626568794250488e-01
7.455407977104187012e-01
8.484936952590942383e-01
9.350771903991699219e-01
7.726606726646423340e-01
8.748947381973266602e-01
7.622265815734863281e-01
9.330701231956481934e-01
6.955487728118896484e-01
8.069523572921752930e-01
9.125238060951232910e-01
7.917977571487426758e-01
9.124404191970825195e-01
7.773590087890625000e-01
7.729550600051879883e-01
8.589837551116943359e-01
7.582471370697021484e-01
9.525041580200195312e-01
8.456159830093383789e-01
7.131450772285461426e-01
8.668460845947265625e-01
8.633818030357360840e-01
9.017430543899536133e-01
7.887283563613891602e-01
8.033539056777954102e-01
8.556984663009643555e-01
7.208713293075561523e-01
8.873242139816284180e-01
8.036144375801086426e-01
8.665019273757934570e-01
8.793386816978454590e-01
9.546607136726379395e-01
8.151450157165527344e-01
9.064399003982543945e-01
9.496656060218811035e-01
9.039040803909301758e-01
7.931925058364868164e-01
8.365830183029174805e-01
8.950872421264648438e-01
7.823826670646667480e-01
7.444947957992553711e-01
7.992151975631713867e-01
8.001397848129272461e-01
8.792769908905029297e-01
7.886768579483032227e-01
9.153871536254882812e-01
8.406918048858642578e-01
7.858749628067016602e-01
8.399335145950317383e-01
9.676696062088012695e-01
9.597576856613159180e-01
7.843855619430541992e-01
8.772554397583007812e-01
9.513524770736694336e-01
7.753200531005859375e-01
1.018996238708496094e+00
6.589011549949645996e-01
8.926256895065307617e-01
9.228709936141967773e-01
7.418137788772583008e-01
7.912642955780029297e-01
7.351137399673461914e-01
7.827770709991455078e-01
9.592201113700866699e-01
7.960145473480224609e-01
8.243619203567504883e-01
8.024107813835144043e-01
8.565503358840942383e-01
8.544214963912963867e-01
6.807596683502197266e-01
7.795933485031127930e-01
7.518393397331237793e-01
8.916282653808593750e-01
9.676794409751892090e-01
7.819008827209472656e-01
7.472053766250610352e-01
9.343029856681823730e-01
8.462232351303100586e-01
8.423581719398498535e-01
9.268686175346374512e-01
7.981767058372497559e-01
7.850230932235717773e-01
8.518598079681396484e-01
8.138254880905151367e-01
8.871689438819885254e-01
8.012620210647583008e-01
1.048216223716735840e+00
8.068268299102783203e-01
9.690886735916137695e-01
8.191145658493041992e-01
7.500005960464477539e-01
8.322658538818359375e-01
8.144734501838684082e-01
7.766917943954467773e-01
8.235212564468383789e-01
8.912870287895202637e-01
7.245739102363586426e-01
8.244832754135131836e-01
8.509910106658935547e-01
8.882369399070739746e-01
8.441550135612487793e-01
8.662933707237243652e-01
1.040580749511718750e+00
1.001899957656860352e+00
7.972890138626098633e-01
7.489598393440246582e-01
7.517049312591552734e-01
9.209663867950439453e-01
6.565661430358886719e-01
8.246164917945861816e-01
8.816514015197753906e-01
8.263415098190307617e-01
6.954125165939331055e-01
7.397857904434204102e-01
9.335842728614807129e-01
7.796040773391723633e-01
6.891720294952392578e-01
8.016948699951171875e-01
7.654141187667846680e-01
8.345558643341064453e-01
7.106291651725769043e-01
7.666651010513305664e-01
7.449379563331604004e-01
8.262432217597961426e-01
8.740493059158325195e-01
9.508842229843139648e-01
8.875328302383422852e-01
9.009429216384887695e-01
8.431136608123779297e-01
7.713423371315002441e-01
8.462603688240051270e-01
8.693084716796875000e-01
7.127820253372192383e-01
8.244242668151855469e-01
9.339976310729980469e-01
1.007436513900756836e+00
7.916231751441955566e-01
8.280174732208251953e-01
8.407222032546997070e-01
8.835591673851013184e-01
7.484772205352783203e-01
7.521582245826721191e-01
8.999928236007690430e-01
8.579921722412109375e-01
8.982948064804077148e-01
9.357915520668029785e-01
9.262843728065490723e-01
7.330163121223449707e-01
8.017638921737670898e-01
7.122223973274230957e-01
7.705138921737670898e-01
8.869107961654663086e-01
6.775258779525756836e-01
8.748891949653625488e-01
7.599741220474243164e-01
7.024722099304199219e-01
7.772445678710937500e-01
7.709522843360900879e-01
8.677225112915039062e-01
8.072543144226074219e-01
9.797444939613342285e-01
7.122051715850830078e-01
7.912079095840454102e-01
8.983606100082397461e-01
8.143475055694580078e-01
8.563526272773742676e-01
1.047892212867736816e+00
8.433288335800170898e-01
8.367625474929809570e-01
8.412461280822753906e-01
6.419528126716613770e-01
6.584953069686889648e-01
6.431117057800292969e-01
7.493467330932617188e-01
7.747164964675903320e-01
7.511583566665649414e-01
8.149263858795166016e-01
6.557523608207702637e-01
6.897740960121154785e-01
6.902611255645751953e-01
7.399808764457702637e-01
7.816026210784912109e-01
6.229358315467834473e-01
5.775477886199951172e-01
7.039943933486938477e-01
6.947018504142761230e-01
7.458938360214233398e-01
6.913006305694580078e-01
8.441488742828369141e-01
7.543790340423583984e-01
8.390223979949951172e-01
6.468667984008789062e-01
6.822513341903686523e-01
8.441880941390991211e-01
5.980707406997680664e-01
7.910476922988891602e-01
6.608160734176635742e-01
4.827356338500976562e-01
8.697705864906311035e-01
8.637921810150146484e-01
6.871185898780822754e-01
5.876813530921936035e-01
7.023013830184936523e-01
7.314958572387695312e-01
8.360724449157714844e-01
8.302525281906127930e-01
6.714172363281250000e-01
6.787327527999877930e-01
8.602612018585205078e-01
6.996396780014038086e-01
7.679821252822875977e-01
8.266932964324951172e-01
8.714523315429687500e-01
9.219841361045837402e-01
6.862032413482666016e-01
6.793082952499389648e-01
6.812192201614379883e-01
6.598744988441467285e-01
7.525510787963867188e-01
7.561571002006530762e-01
7.676477432250976562e-01
6.747037172317504883e-01
7.508525848388671875e-01
6.387755870819091797e-01
7.307687997817993164e-01
6.842226982116699219e-01
7.462874650955200195e-01
6.310486197471618652e-01
6.773068904876708984e-01
8.451435565948486328e-01
8.331218957901000977e-01
8.166869878768920898e-01
7.681897878646850586e-01
6.200288534164428711e-01
7.270610332489013672e-01
8.132451176643371582e-01
7.741529941558837891e-01
7.197699546813964844e-01
6.684306859970092773e-01
7.752255797386169434e-01
8.427137732505798340e-01
8.299924135208129883e-01
8.000140190124511719e-01
6.795625090599060059e-01
6.239545345306396484e-01
7.513852715492248535e-01
8.377588987350463867e-01
8.800269961357116699e-01
7.305958271026611328e-01
7.544289827346801758e-01
6.470036506652832031e-01
8.730415701866149902e-01
7.566132545471191406e-01
6.709837913513183594e-01
7.607541084289550781e-01
7.701013684272766113e-01
5.674784183502197266e-01
8.192003369331359863e-01
6.955524086952209473e-01
7.954607009887695312e-01
7.692571878433227539e-01
8.371421098709106445e-01
8.229914903640747070e-01
8.419500589370727539e-01
7.948157191276550293e-01
6.562272906303405762e-01
7.047603130340576172e-01
8.325104713439941406e-01
6.828985214233398438e-01
7.362995147705078125e-01
7.312943935394287109e-01
5.858181118965148926e-01
6.851127147674560547e-01
8.702545762062072754e-01
6.516268253326416016e-01
6.665498018264770508e-01
8.938088417053222656e-01
6.649005413055419922e-01
6.774135828018188477e-01
9.121822118759155273e-01
7.043315172195434570e-01
7.058562040328979492e-01
6.478549242019653320e-01
7.643321752548217773e-01
7.580239772796630859e-01
7.067498564720153809e-01
7.858387231826782227e-01
7.738591432571411133e-01
6.463589668273925781e-01
8.437722325325012207e-01
5.796048641204833984e-01
8.325917124748229980e-01
6.772225499153137207e-01
7.771269679069519043e-01
7.458672523498535156e-01
8.319725990295410156e-01
8.157279491424560547e-01
6.947062015533447266e-01
7.105617523193359375e-01
5.680272579193115234e-01
7.799998521804809570e-01
7.945170998573303223e-01
8.142448663711547852e-01
7.402096390724182129e-01
8.641870617866516113e-01
6.793454885482788086e-01
7.265019416809082031e-01
6.773813962936401367e-01
8.938153982162475586e-01
7.500810623168945312e-01
7.752299308776855469e-01
7.768123149871826172e-01
7.332747578620910645e-01
6.859512329101562500e-01
6.530548334121704102e-01
7.407843470573425293e-01
8.337579369544982910e-01
7.268762588500976562e-01
7.209353446960449219e-01
8.058340549468994141e-01
8.485867381095886230e-01
7.679837346076965332e-01
7.632031440734863281e-01
7.548029422760009766e-01
7.473595142364501953e-01
8.115871548652648926e-01
7.236951589584350586e-01
8.989992141723632812e-01
8.775061368942260742e-01
8.234286904335021973e-01
6.634721755981445312e-01
7.268195152282714844e-01
8.514928817749023438e-01
8.067674636840820312e-01
7.422082424163818359e-01
7.574394345283508301e-01
7.354092597961425781e-01
8.205696344375610352e-01
6.508129835128784180e-01
7.620869278907775879e-01
6.862525939941406250e-01
6.901061534881591797e-01
7.099385261535644531e-01
8.016439676284790039e-01
7.417113780975341797e-01
8.082399964332580566e-01
7.340232133865356445e-01
7.460175156593322754e-01
7.308665513992309570e-01
6.678202152252197266e-01
7.585878372192382812e-01
7.903809547424316406e-01
6.117099523544311523e-01
8.199113607406616211e-01
7.353585362434387207e-01
7.432494759559631348e-01
8.489589691162109375e-01
7.799916863441467285e-01
7.812518477439880371e-01
9.370377063751220703e-01
8.522270917892456055e-01
7.951632738113403320e-01
7.485476732254028320e-01
8.688118457794189453e-01
8.166631460189819336e-01
6.588858962059020996e-01
7.606946825981140137e-01
7.350348234176635742e-01
6.985498666763305664e-01
8.075518012046813965e-01
6.836003065109252930e-01
6.627668142318725586e-01
5.736039876937866211e-01
1.049222826957702637e+00
9.268585443496704102e-01
6.802661418914794922e-01
7.414329051971435547e-01
7.052394747734069824e-01
7.339329719543457031e-01
6.817628741264343262e-01
7.723089456558227539e-01
7.739113569259643555e-01
8.148235678672790527e-01
8.380988836288452148e-01
7.728436589241027832e-01
7.042530775070190430e-01
7.502412796020507812e-01
6.241344809532165527e-01
7.719808220863342285e-01
8.066889047622680664e-01
9.016123414039611816e-01
6.601256132125854492e-01
7.912413477897644043e-01
7.080379724502563477e-01
8.699740171432495117e-01
8.314073085784912109e-01
6.873116493225097656e-01
6.742063164710998535e-01
8.170993328094482422e-01
7.350822687149047852e-01
6.606498360633850098e-01
6.579345464706420898e-01
7.845144271850585938e-01
7.117083072662353516e-01
6.391416788101196289e-01
8.800474405288696289e-01
6.937316656112670898e-01
7.493120431900024414e-01
7.658095955848693848e-01
6.554525494575500488e-01
8.531572818756103516e-01
7.792947888374328613e-01
8.575726747512817383e-01
7.645149230957031250e-01
7.519487142562866211e-01
8.861271739006042480e-01
7.067921757698059082e-01
7.153382897377014160e-01
8.371211886405944824e-01
9.651982784271240234e-01
8.478232026100158691e-01
8.998341560363769531e-01
7.354623675346374512e-01
7.915762066841125488e-01
7.176417112350463867e-01
7.784932851791381836e-01
7.631527185440063477e-01
7.179611921310424805e-01
8.365836143493652344e-01
8.485786914825439453e-01
8.983727693557739258e-01
6.733686327934265137e-01
7.041887044906616211e-01
7.660074830055236816e-01
8.042061328887939453e-01
9.176819324493408203e-01
8.013136982917785645e-01
8.327032327651977539e-01
6.669311523437500000e-01
7.351286411285400391e-01
8.826534748077392578e-01
8.551821708679199219e-01
8.496012687683105469e-01
8.089913129806518555e-01
7.310091257095336914e-01
7.274328470230102539e-01
5.669482350349426270e-01
7.889225482940673828e-01
7.468892931938171387e-01
9.442338943481445312e-01
8.296223878860473633e-01
7.204066514968872070e-01
6.832276582717895508e-01
8.034632802009582520e-01
7.944590449333190918e-01
8.494265675544738770e-01
1.000496506690979004e+00
7.621424198150634766e-01
7.819325327873229980e-01
8.033735752105712891e-01
7.767486572265625000e-01
8.728861212730407715e-01
8.283175826072692871e-01
7.613338232040405273e-01
7.687900066375732422e-01
7.130596637725830078e-01
8.349548578262329102e-01
7.435377240180969238e-01
7.938112616539001465e-01
7.489370107650756836e-01
8.161848187446594238e-01
7.551788091659545898e-01
8.115152716636657715e-01
7.084655165672302246e-01
7.528601288795471191e-01
8.609791398048400879e-01
7.933973073959350586e-01
7.554184198379516602e-01
8.492745161056518555e-01
6.483263969421386719e-01
8.079346418380737305e-01
8.606478571891784668e-01
8.756194710731506348e-01
8.513028621673583984e-01
8.023000359535217285e-01
7.807002663612365723e-01
8.115870952606201172e-01
7.112567424774169922e-01
9.111508131027221680e-01
8.442588448524475098e-01
6.599299311637878418e-01
8.142607808113098145e-01
9.408283829689025879e-01
7.489148974418640137e-01
7.961466908454895020e-01
7.948838472366333008e-01
9.208646416664123535e-01
5.792193412780761719e-01
5.858514308929443359e-01
7.311779260635375977e-01
8.047593235969543457e-01
8.961464166641235352e-01
8.574393987655639648e-01
6.813578605651855469e-01
7.209265232086181641e-01
7.273957729339599609e-01
7.569985389709472656e-01
7.088683247566223145e-01
7.020415067672729492e-01
8.450624942779541016e-01
8.153920173645019531e-01
8.448168039321899414e-01
7.567671537399291992e-01
7.458598017692565918e-01
8.202335834503173828e-01
7.897456288337707520e-01
7.043073773384094238e-01
6.853256225585937500e-01
7.765481472015380859e-01
8.346445560455322266e-01
6.738336086273193359e-01
8.382836580276489258e-01
9.944413900375366211e-01
6.800333261489868164e-01
7.894649505615234375e-01
8.267934322357177734e-01
6.796557903289794922e-01
5.657283067703247070e-01
7.286083698272705078e-01
6.773998141288757324e-01
6.456619501113891602e-01
7.240383625030517578e-01
5.904122591018676758e-01
7.684654593467712402e-01
6.944988369941711426e-01
5.409933328628540039e-01
6.147016286849975586e-01
5.491710901260375977e-01
7.594799399375915527e-01
7.275947332382202148e-01
6.410583853721618652e-01
5.803111791610717773e-01
6.935812234878540039e-01
7.626318931579589844e-01
6.501718163490295410e-01
7.186893820762634277e-01
6.067879199981689453e-01
5.486475229263305664e-01
6.435358524322509766e-01
7.389322519302368164e-01
6.692097783088684082e-01
8.033796548843383789e-01
7.445554137229919434e-01
7.109746932983398438e-01
6.487953662872314453e-01
6.582183241844177246e-01
5.865834951400756836e-01
7.170513868331909180e-01
6.760163307189941406e-01
7.430194616317749023e-01
7.152576446533203125e-01
6.689822673797607422e-01
7.687062621116638184e-01
7.494872212409973145e-01
7.060551047325134277e-01
8.349153995513916016e-01
6.998221874237060547e-01
6.110959053039550781e-01
8.445091247558593750e-01
7.174623012542724609e-01
7.478700876235961914e-01
7.179998159408569336e-01
7.401921153068542480e-01
7.336863875389099121e-01
8.381006717681884766e-01
7.216732501983642578e-01
8.172518014907836914e-01
7.229246497154235840e-01
7.481445670127868652e-01
5.523871779441833496e-01
8.739332556724548340e-01
6.864857077598571777e-01
9.038147330284118652e-01
7.885395288467407227e-01
6.497080326080322266e-01
6.981472373008728027e-01
7.387133240699768066e-01
6.762790679931640625e-01
9.499850273132324219e-01
6.808750033378601074e-01
7.858616113662719727e-01
6.550856828689575195e-01
6.403843164443969727e-01
6.447223424911499023e-01
6.388774514198303223e-01
6.854292750358581543e-01
7.307485342025756836e-01
7.201153635978698730e-01
8.666513562202453613e-01
6.507840752601623535e-01
6.709474921226501465e-01
7.325472831726074219e-01
7.104873061180114746e-01
7.458655834197998047e-01
7.194924354553222656e-01
6.878476142883300781e-01
7.199555635452270508e-01
7.402865886688232422e-01
5.925096273422241211e-01
6.226522922515869141e-01
6.244493126869201660e-01
7.241058349609375000e-01
6.256396770477294922e-01
8.378792405128479004e-01
7.177047729492187500e-01
6.478561162948608398e-01
7.168903350830078125e-01
6.410330533981323242e-01
8.020862936973571777e-01
8.200013637542724609e-01
7.028861641883850098e-01
7.628677487373352051e-01
6.771864295005798340e-01
7.686054110527038574e-01
5.840977430343627930e-01
7.057360410690307617e-01
7.451740503311157227e-01
8.384898304939270020e-01
8.393053412437438965e-01
8.429849147796630859e-01
6.394674777984619141e-01
6.275050640106201172e-01
7.191177606582641602e-01
6.683991551399230957e-01
8.342616558074951172e-01
6.645353436470031738e-01
7.477487325668334961e-01
7.567535638809204102e-01
6.623967289924621582e-01
7.314410209655761719e-01
8.235532641410827637e-01
7.029654979705810547e-01
7.715081572532653809e-01
8.083587884902954102e-01
8.718830347061157227e-01
7.551626563072204590e-01
7.810423970222473145e-01
9.019504189491271973e-01
5.911747217178344727e-01
6.608513593673706055e-01
7.006000876426696777e-01
7.333971261978149414e-01
5.663892626762390137e-01
6.473956108093261719e-01
5.830858945846557617e-01
8.637965917587280273e-01
6.379523277282714844e-01
7.419685125350952148e-01
6.418957710266113281e-01
7.163857817649841309e-01
7.715840339660644531e-01
6.757935881614685059e-01
6.902000904083251953e-01
6.621217131614685059e-01
7.062155008316040039e-01
7.433171272277832031e-01
8.487412929534912109e-01
7.430026531219482422e-01
8.773330450057983398e-01
9.167071580886840820e-01
7.174531221389770508e-01
6.983141303062438965e-01
7.837872505187988281e-01
5.914433002471923828e-01
7.474350929260253906e-01
6.983270049095153809e-01
6.383821964263916016e-01
6.591725349426269531e-01
8.677763342857360840e-01
8.407102227210998535e-01
9.231276512145996094e-01
7.758944630622863770e-01
7.131789922714233398e-01
8.401132822036743164e-01
6.069790124893188477e-01
8.547813892364501953e-01
6.442024111747741699e-01
7.494947910308837891e-01
7.691138386726379395e-01
7.336068153381347656e-01
9.225906133651733398e-01
6.105644106864929199e-01
8.571960330009460449e-01
6.855229735374450684e-01
8.008358478546142578e-01
7.628626823425292969e-01
8.245230913162231445e-01
8.615313768386840820e-01
6.662175655364990234e-01
8.392816185951232910e-01
7.534169554710388184e-01
7.771476507186889648e-01
7.180299162864685059e-01
6.914974451065063477e-01
5.968103408813476562e-01
8.824029564857482910e-01
7.608704566955566406e-01
7.771067619323730469e-01
6.495478153228759766e-01
6.994733810424804688e-01
8.042232990264892578e-01
7.806141376495361328e-01
8.216155767440795898e-01
6.687558889389038086e-01
6.967042684555053711e-01
6.552740335464477539e-01
6.566997170448303223e-01
7.134955525398254395e-01
8.516365885734558105e-01
8.222892284393310547e-01
8.756803274154663086e-01
7.274438142776489258e-01
6.227464675903320312e-01
6.597911715507507324e-01
7.484441995620727539e-01
7.573475241661071777e-01
7.167353034019470215e-01
7.770232558250427246e-01
6.274460554122924805e-01
6.493120193481445312e-01
7.117530107498168945e-01
7.499536275863647461e-01
8.412019014358520508e-01
6.938071250915527344e-01
7.833266258239746094e-01
7.355010509490966797e-01
6.724780797958374023e-01
7.752909660339355469e-01
7.170116901397705078e-01
7.274833917617797852e-01
7.311801314353942871e-01
6.296485066413879395e-01
6.476164460182189941e-01
7.065461874008178711e-01
7.997411489486694336e-01
6.123591065406799316e-01
8.225449323654174805e-01
7.405564785003662109e-01
7.058303356170654297e-01
7.844225168228149414e-01
8.058521151542663574e-01
8.010379076004028320e-01
7.854731082916259766e-01
9.249612092971801758e-01
7.881567478179931641e-01
6.789422035217285156e-01
7.894594669342041016e-01
7.672622203826904297e-01
6.741116046905517578e-01
6.490403413772583008e-01
7.783324718475341797e-01
6.861153244972229004e-01
5.974149703979492188e-01
7.505915164947509766e-01
7.186895608901977539e-01
6.598442792892456055e-01
7.337915897369384766e-01
8.616260290145874023e-01
6.556459665298461914e-01
7.287325263023376465e-01
8.466284275054931641e-01
7.528032660484313965e-01
6.384381055831909180e-01
8.567130565643310547e-01
9.304649829864501953e-01
6.665315032005310059e-01
8.256098628044128418e-01
6.162275075912475586e-01
6.212243437767028809e-01
6.831675767898559570e-01
6.874858140945434570e-01
6.573700308799743652e-01
7.127097249031066895e-01
7.385550141334533691e-01
8.779332637786865234e-01
7.123501300811767578e-01
8.708965778350830078e-01
6.003086566925048828e-01
7.399891614913940430e-01
7.149421572685241699e-01
8.105115890502929688e-01
6.068229675292968750e-01
7.175385951995849609e-01
7.588792443275451660e-01
8.708747625350952148e-01
7.467379570007324219e-01
9.306859970092773438e-01
5.782175660133361816e-01
7.921581864356994629e-01
7.372285127639770508e-01
8.946093320846557617e-01
6.603459119796752930e-01
7.784858345985412598e-01
7.882797122001647949e-01
8.441725969314575195e-01
7.897927165031433105e-01
8.413460254669189453e-01
6.984089612960815430e-01
7.669129371643066406e-01
6.847562789916992188e-01
6.893895864486694336e-01
7.682541608810424805e-01
8.645336627960205078e-01
6.301588416099548340e-01
7.652033567428588867e-01
7.128350138664245605e-01
7.533913850784301758e-01
9.933332204818725586e-01
6.305109858512878418e-01
7.338656187057495117e-01
6.722784042358398438e-01
9.382604360580444336e-01
8.917012810707092285e-01
8.065234422683715820e-01
5.897969007492065430e-01
7.019147872924804688e-01
6.063890457153320312e-01
7.120954394340515137e-01
7.343849539756774902e-01
6.979337334632873535e-01
6.990402936935424805e-01
6.789960861206054688e-01
6.804347038269042969e-01
7.952383756637573242e-01
6.810383796691894531e-01
8.689680695533752441e-01
7.307665348052978516e-01
6.567605733871459961e-01
8.403940200805664062e-01
6.843881607055664062e-01
8.138023614883422852e-01
7.481948137283325195e-01
6.789802908897399902e-01
7.821337580680847168e-01
7.747638821601867676e-01
6.570974588394165039e-01
7.559954524040222168e-01
7.609442472457885742e-01
7.887153625488281250e-01
6.126907467842102051e-01
8.102555871009826660e-01
6.411987543106079102e-01
7.446140050888061523e-01
7.729094624519348145e-01
7.157498598098754883e-01
7.576255798339843750e-01
7.224849462509155273e-01
5.625432729721069336e-01
7.024869918823242188e-01
7.386727333068847656e-01
6.827436685562133789e-01
6.875928640365600586e-01
8.419710397720336914e-01
6.560536623001098633e-01
7.504052519798278809e-01
7.860018610954284668e-01
8.076387643814086914e-01
7.456306219100952148e-01
7.729412913322448730e-01
7.186175584793090820e-01
5.825191736221313477e-01
7.285293340682983398e-01
6.911987066268920898e-01
8.177151679992675781e-01
8.227270245552062988e-01
8.194612264633178711e-01
6.886214017868041992e-01
6.665797233581542969e-01
8.392060995101928711e-01
7.395125627517700195e-01
6.291164159774780273e-01
7.469282150268554688e-01
6.312661170959472656e-01
7.041149139404296875e-01
6.318050026893615723e-01
7.579933404922485352e-01
6.723579168319702148e-01
6.689075827598571777e-01
6.959370374679565430e-01
6.300681829452514648e-01
6.098250746726989746e-01
5.603317022323608398e-01
6.491961479187011719e-01
7.839868068695068359e-01
6.453829407691955566e-01
6.563715338706970215e-01
6.964149475097656250e-01
6.997677683830261230e-01
6.509078145027160645e-01
6.026842594146728516e-01
6.465153098106384277e-01
6.278830170631408691e-01
5.761278867721557617e-01
7.787253856658935547e-01
6.777197122573852539e-01
6.008535623550415039e-01
6.719780564308166504e-01
6.761482954025268555e-01
6.060740351676940918e-01
6.395293474197387695e-01
6.778687834739685059e-01
6.484524011611938477e-01
5.805562138557434082e-01
6.659175157546997070e-01
6.226916313171386719e-01
7.579973936080932617e-01
6.527482271194458008e-01
6.738598346710205078e-01
6.698393225669860840e-01
6.143498420715332031e-01
5.999537706375122070e-01
6.676180362701416016e-01
5.840873718261718750e-01
5.602468252182006836e-01
6.338047981262207031e-01
8.331128954887390137e-01
7.082720398902893066e-01
6.275436878204345703e-01
6.604267358779907227e-01
5.815389752388000488e-01
6.263556480407714844e-01
8.476819992065429688e-01
6.906270980834960938e-01
7.003506422042846680e-01
6.666000485420227051e-01
6.443665027618408203e-01
6.138168573379516602e-01
7.098872065544128418e-01
7.487221956253051758e-01
6.387010812759399414e-01
7.246030569076538086e-01
6.831387281417846680e-01
6.830141544342041016e-01
6.453434228897094727e-01
6.859916448593139648e-01
5.828174948692321777e-01
7.336204648017883301e-01
7.751370668411254883e-01
6.475708484649658203e-01
6.944040060043334961e-01
8.675162792205810547e-01
5.450086593627929688e-01
6.448619365692138672e-01
8.172119259834289551e-01
8.560239076614379883e-01
5.620222687721252441e-01
6.952915191650390625e-01
6.587778329849243164e-01
6.620858907699584961e-01
6.328834295272827148e-01
7.375592589378356934e-01
6.331423521041870117e-01
7.704918384552001953e-01
8.362401127815246582e-01
7.011169195175170898e-01
7.215316891670227051e-01
6.691911220550537109e-01
6.446661949157714844e-01
8.426943421363830566e-01
6.896898150444030762e-01
7.675169706344604492e-01
8.123965263366699219e-01
6.449609994888305664e-01
6.006643176078796387e-01
7.590198516845703125e-01
6.491327285766601562e-01
7.930673360824584961e-01
7.325497865676879883e-01
7.458980083465576172e-01
6.833647489547729492e-01
7.296280264854431152e-01
7.344287633895874023e-01
7.141079902648925781e-01
6.526734828948974609e-01
7.458057403564453125e-01
7.257404923439025879e-01
7.577284574508666992e-01
7.047016620635986328e-01
5.500378012657165527e-01
8.451161384582519531e-01
7.231799960136413574e-01
7.343711256980895996e-01
6.204487085342407227e-01
8.119585514068603516e-01
7.209555506706237793e-01
8.042103052139282227e-01
7.026112079620361328e-01
7.025230526924133301e-01
5.735681056976318359e-01
7.391469478607177734e-01
5.591602325439453125e-01
7.061102986335754395e-01
6.591098308563232422e-01
7.575448751449584961e-01
6.731451749801635742e-01
7.300765514373779297e-01
6.595090627670288086e-01
6.958557963371276855e-01
6.040579080581665039e-01
7.455043792724609375e-01
7.683199644088745117e-01
7.013865709304809570e-01
8.152087926864624023e-01
7.847313880920410156e-01
6.562085151672363281e-01
6.620596051216125488e-01
6.646082401275634766e-01
7.862288951873779297e-01
6.248614788055419922e-01
7.364100813865661621e-01
7.989546060562133789e-01
6.625859737396240234e-01
6.565907001495361328e-01
6.858405470848083496e-01
1.067725539207458496e+00
7.137556076049804688e-01
7.475849986076354980e-01
6.824995279312133789e-01
7.762408256530761719e-01
8.359497785568237305e-01
6.977502107620239258e-01
7.429160475730895996e-01
5.123847723007202148e-01
7.817774415016174316e-01
7.282516956329345703e-01
6.197626590728759766e-01
7.295065522193908691e-01
8.095268011093139648e-01
8.208302259445190430e-01
8.858768343925476074e-01
8.130445480346679688e-01
5.815806388854980469e-01
6.723082661628723145e-01
6.885879635810852051e-01
6.880601644515991211e-01
7.591370344161987305e-01
6.383003592491149902e-01
7.929500341415405273e-01
7.543251514434814453e-01
8.251940011978149414e-01
8.257002830505371094e-01
7.197639942169189453e-01
7.345010042190551758e-01
6.624355316162109375e-01
7.592467665672302246e-01
7.342638969421386719e-01
7.417740225791931152e-01
6.978871226310729980e-01
6.666163206100463867e-01
7.643444538116455078e-01
7.196393013000488281e-01
8.068649768829345703e-01
7.742504477500915527e-01
7.728475332260131836e-01
5.667304992675781250e-01
7.764758467674255371e-01
7.786986827850341797e-01
6.524111628532409668e-01
7.224203944206237793e-01
6.499103903770446777e-01
7.180538177490234375e-01
7.037698030471801758e-01
6.669209599494934082e-01
7.083281874656677246e-01
6.985027790069580078e-01
7.281653285026550293e-01
5.993537902832031250e-01
6.729252934455871582e-01
7.676295638084411621e-01
7.988519668579101562e-01
8.909122347831726074e-01
5.956833362579345703e-01
8.431297540664672852e-01
7.046589851379394531e-01
6.670910716056823730e-01
6.519395112991333008e-01
7.159101963043212891e-01
7.509919404983520508e-01
6.486907005310058594e-01
7.681236863136291504e-01
8.172960281372070312e-01
6.941341161727905273e-01
8.251916170120239258e-01
7.949445843696594238e-01
6.937288045883178711e-01
6.565282344818115234e-01
7.169733643531799316e-01
7.148905992507934570e-01
6.897728443145751953e-01
5.924863219261169434e-01
7.607011795043945312e-01
7.019029259681701660e-01
6.354076862335205078e-01
7.091488838195800781e-01
9.246552586555480957e-01
8.054258823394775391e-01
7.858425378799438477e-01
6.810624599456787109e-01
6.681414246559143066e-01
7.528230547904968262e-01
8.029074072837829590e-01
7.611243724822998047e-01
6.696348190307617188e-01
7.172108888626098633e-01
7.064603567123413086e-01
7.066068649291992188e-01
6.486763954162597656e-01
7.255361676216125488e-01
6.753756403923034668e-01
6.186562776565551758e-01
6.800031661987304688e-01
7.705433368682861328e-01
7.630702853202819824e-01
7.954851388931274414e-01
7.544052004814147949e-01
7.462362051010131836e-01
7.070940732955932617e-01
6.525719165802001953e-01
5.356534719467163086e-01
6.455506682395935059e-01
7.914093732833862305e-01
6.792855858802795410e-01
7.254201173782348633e-01
6.591960191726684570e-01
7.547951340675354004e-01
6.595779061317443848e-01
8.618426322937011719e-01
6.751854419708251953e-01
7.668554782867431641e-01
6.615770459175109863e-01
7.628372907638549805e-01
7.596359252929687500e-01
8.023484349250793457e-01
6.849753260612487793e-01
8.845002651214599609e-01
7.284092307090759277e-01
7.462484836578369141e-01
8.107526302337646484e-01
6.839517354965209961e-01
6.538437008857727051e-01
8.795129060745239258e-01
7.663820981979370117e-01
7.348188757896423340e-01
8.655188083648681641e-01
7.427396178245544434e-01
5.781310796737670898e-01
7.455193996429443359e-01
7.328116893768310547e-01
6.585680246353149414e-01
7.477713823318481445e-01
7.882825136184692383e-01
8.435431122779846191e-01
5.835940837860107422e-01
7.587063312530517578e-01
7.298171520233154297e-01
6.932405233383178711e-01
6.656931638717651367e-01
8.364192843437194824e-01
7.683801651000976562e-01
6.388687491416931152e-01
6.563812494277954102e-01
8.002333641052246094e-01
5.364801883697509766e-01
7.484977245330810547e-01
5.872843861579895020e-01
8.186174631118774414e-01
7.129331231117248535e-01
6.795172691345214844e-01
8.147197365760803223e-01
6.205080747604370117e-01
6.655419468879699707e-01
8.376021385192871094e-01
6.905880570411682129e-01
7.245461344718933105e-01
6.993920207023620605e-01
8.602639436721801758e-01
5.730350017547607422e-01
6.432601213455200195e-01
8.065497279167175293e-01
8.222292661666870117e-01
8.085088729858398438e-01
6.526272296905517578e-01
7.328956127166748047e-01
6.370896697044372559e-01
7.506029605865478516e-01
7.181789278984069824e-01
6.620343923568725586e-01
6.863135099411010742e-01
6.986426115036010742e-01
6.906140446662902832e-01
8.350241780281066895e-01
8.054075241088867188e-01
8.092601299285888672e-01
8.319132328033447266e-01
7.723799943923950195e-01
6.613394021987915039e-01
6.591963768005371094e-01
7.393723726272583008e-01
5.944001674652099609e-01
6.424399614334106445e-01
7.379257678985595703e-01
6.854324340820312500e-01
7.137315869331359863e-01
6.291236877441406250e-01
8.714590072631835938e-01
6.563946008682250977e-01
7.081162929534912109e-01
7.988921999931335449e-01
7.944753170013427734e-01
6.277713179588317871e-01
7.292000055313110352e-01
7.737550735473632812e-01
7.574788928031921387e-01
7.120698690414428711e-01
7.601610422134399414e-01
8.079771995544433594e-01
7.055185437202453613e-01
6.970338821411132812e-01
6.488484740257263184e-01
7.429925203323364258e-01
6.783806085586547852e-01
7.179477214813232422e-01
6.889855265617370605e-01
6.923112869262695312e-01
6.887226700782775879e-01
5.274963974952697754e-01
6.600880622863769531e-01
5.810440778732299805e-01
6.950800418853759766e-01
6.982147693634033203e-01
5.629737973213195801e-01
6.530061960220336914e-01
6.374333500862121582e-01
6.044559478759765625e-01
6.456276178359985352e-01
6.135764122009277344e-01
5.760084986686706543e-01
5.984137058258056641e-01
5.365178585052490234e-01
6.849644780158996582e-01
5.771586894989013672e-01
7.680497169494628906e-01
6.442886590957641602e-01
7.449592351913452148e-01
8.080685734748840332e-01
5.729660391807556152e-01
8.674340248107910156e-01
7.660413980484008789e-01
6.603699922561645508e-01
6.579885482788085938e-01
8.837487697601318359e-01
6.461515426635742188e-01
6.600179672241210938e-01
5.961984395980834961e-01
8.316094279289245605e-01
7.973117828369140625e-01
6.831657290458679199e-01
7.021993994712829590e-01
6.075602769851684570e-01
7.262620329856872559e-01
6.151474118232727051e-01
6.401041746139526367e-01
5.943052768707275391e-01
5.404903888702392578e-01
6.580570936203002930e-01
6.148435473442077637e-01
6.874401569366455078e-01
6.894479990005493164e-01
8.049551248550415039e-01
7.015230059623718262e-01
6.877454519271850586e-01
7.737832069396972656e-01
6.590439081192016602e-01
6.660817265510559082e-01
6.175765991210937500e-01
6.666837930679321289e-01
7.183279395103454590e-01
6.119666099548339844e-01
7.186579704284667969e-01
6.521600484848022461e-01
7.622036933898925781e-01
6.722097396850585938e-01
6.477789878845214844e-01
6.085234880447387695e-01
6.776306033134460449e-01
6.005543470382690430e-01
5.978064537048339844e-01
8.065116405487060547e-01
7.310951948165893555e-01
5.953172445297241211e-01
6.164731383323669434e-01
6.434119343757629395e-01
5.482218265533447266e-01
7.130925655364990234e-01
6.375330686569213867e-01
6.580163240432739258e-01
7.565312385559082031e-01
6.838612556457519531e-01
6.142694950103759766e-01
6.870260238647460938e-01
7.178251743316650391e-01
6.648190617561340332e-01
5.340940356254577637e-01
7.040439844131469727e-01
6.549160480499267578e-01
8.236868977546691895e-01
7.048230171203613281e-01
7.307052612304687500e-01
7.457488775253295898e-01
6.225722432136535645e-01
7.314972877502441406e-01
6.223536729812622070e-01
6.583726406097412109e-01
8.010234236717224121e-01
6.452382802963256836e-01
7.277278900146484375e-01
7.249978780746459961e-01
7.283701896667480469e-01
6.626439094543457031e-01
7.582569122314453125e-01
6.953305006027221680e-01
6.192557811737060547e-01
7.141450643539428711e-01
7.267519235610961914e-01
7.297322750091552734e-01
6.369528770446777344e-01
6.874466538429260254e-01
6.858984231948852539e-01
7.357087135314941406e-01
7.472951412200927734e-01
6.986919641494750977e-01
5.560224056243896484e-01
6.626105308532714844e-01
6.372539997100830078e-01
6.795842647552490234e-01
7.554886341094970703e-01
7.929616570472717285e-01
6.386297941207885742e-01
6.504474878311157227e-01
7.069486379623413086e-01
7.979596853256225586e-01
6.447942852973937988e-01
6.197102665901184082e-01
6.458559036254882812e-01
5.893632769584655762e-01
7.904958724975585938e-01
5.814779996871948242e-01
6.373236179351806641e-01
7.137294411659240723e-01
7.221260070800781250e-01
6.739758253097534180e-01
6.817989945411682129e-01
6.790896654129028320e-01
7.213919162750244141e-01
6.496852040290832520e-01
6.629755496978759766e-01
5.689377784729003906e-01
7.014427185058593750e-01
6.074335575103759766e-01
6.369143724441528320e-01
7.966309785842895508e-01
5.462026596069335938e-01
7.403452396392822266e-01
8.072079420089721680e-01
6.100264191627502441e-01
6.267590522766113281e-01
6.493641138076782227e-01
7.484680414199829102e-01
7.313115000724792480e-01
5.626749992370605469e-01
6.992877721786499023e-01
7.381834983825683594e-01
7.360226511955261230e-01
5.633848905563354492e-01
5.982146859169006348e-01
6.389940977096557617e-01
8.033936023712158203e-01
7.475442886352539062e-01
7.435899972915649414e-01
6.371877193450927734e-01
7.315928936004638672e-01
5.968483090400695801e-01
6.076572537422180176e-01
7.072197198867797852e-01
6.740480661392211914e-01
7.030211687088012695e-01
6.480420231819152832e-01
6.491295099258422852e-01
8.145177960395812988e-01
6.907619237899780273e-01
6.755638718605041504e-01
6.463683843612670898e-01
6.804280281066894531e-01
7.119696140289306641e-01
6.558270454406738281e-01
6.151816844940185547e-01
7.566719651222229004e-01
6.331595778465270996e-01
5.949371457099914551e-01
6.964349746704101562e-01
6.448658704757690430e-01
5.768274664878845215e-01
6.220554113388061523e-01
5.450062155723571777e-01
6.551780700683593750e-01
5.780804753303527832e-01
6.787933111190795898e-01
7.128443717956542969e-01
6.962233781814575195e-01
5.421823859214782715e-01
7.219749093055725098e-01
6.787247061729431152e-01
5.842852592468261719e-01
7.559231519699096680e-01
5.505328178405761719e-01
7.792990803718566895e-01
6.493242979049682617e-01
7.396136522293090820e-01
6.689718961715698242e-01
7.320365905761718750e-01
5.414916276931762695e-01
6.285157203674316406e-01
6.473149061203002930e-01
6.543396711349487305e-01
6.680023670196533203e-01
7.761135101318359375e-01
6.829092502593994141e-01
6.579593420028686523e-01
6.206338405609130859e-01
6.441036462783813477e-01
6.588611602783203125e-01
7.208483815193176270e-01
6.823531985282897949e-01
7.410199642181396484e-01
6.818619966506958008e-01
6.417381763458251953e-01
8.645366430282592773e-01
6.735721826553344727e-01
7.367964386940002441e-01
6.757835149765014648e-01
7.309541702270507812e-01
8.542456626892089844e-01
8.013972640037536621e-01
7.596588730812072754e-01
6.701555252075195312e-01
8.066388368606567383e-01
8.654959201812744141e-01
6.718936562538146973e-01
6.902499198913574219e-01
7.479406595230102539e-01
7.264846563339233398e-01
8.393856287002563477e-01
8.091021180152893066e-01
5.831587314605712891e-01
7.082406282424926758e-01
5.469822287559509277e-01
7.510459423065185547e-01
7.714958190917968750e-01
7.605595588684082031e-01
6.613800525665283203e-01
5.566412210464477539e-01
7.820101976394653320e-01
7.410489320755004883e-01
7.331241965293884277e-01
6.804250478744506836e-01
6.487826108932495117e-01
7.697007656097412109e-01
6.579476594924926758e-01
7.291525006294250488e-01
6.757582426071166992e-01
6.842314004898071289e-01
5.438014268875122070e-01
6.839579343795776367e-01
6.551479101181030273e-01
6.789460182189941406e-01
7.208560109138488770e-01
6.408952474594116211e-01
7.495521306991577148e-01
6.469408273696899414e-01
6.443743705749511719e-01
6.773701310157775879e-01
6.653258800506591797e-01
7.194645404815673828e-01
7.236225605010986328e-01
7.411489486694335938e-01
7.739639878273010254e-01
7.083933353424072266e-01
7.489955425262451172e-01
7.026206851005554199e-01
6.713429689407348633e-01
6.281288266181945801e-01
5.918176174163818359e-01
6.547669172286987305e-01
5.596430301666259766e-01
7.226291894912719727e-01
8.113796710968017578e-01
6.498798131942749023e-01
7.461436390876770020e-01
6.673007011413574219e-01
8.007001876831054688e-01
7.265397310256958008e-01
6.961960792541503906e-01
8.038123846054077148e-01
7.436628341674804688e-01
7.993291616439819336e-01
7.492127418518066406e-01
9.264320731163024902e-01
6.816997528076171875e-01
7.067036032676696777e-01
5.895570516586303711e-01
6.616929769515991211e-01
7.287999391555786133e-01
6.131407618522644043e-01
5.368199348449707031e-01
5.303274393081665039e-01
8.655821084976196289e-01
8.200446367263793945e-01
6.573598384857177734e-01
7.788595557212829590e-01
6.272957324981689453e-01
6.465393900871276855e-01
6.763582825660705566e-01
7.454490661621093750e-01
8.010955452919006348e-01
6.634175777435302734e-01
7.631619572639465332e-01
8.558738231658935547e-01
6.935246586799621582e-01
6.875149011611938477e-01
7.332722544670104980e-01
6.565941572189331055e-01
7.898659706115722656e-01
7.382916212081909180e-01
7.621455788612365723e-01
6.843487024307250977e-01
6.548359394073486328e-01
7.880262136459350586e-01
6.947098970413208008e-01
8.078467845916748047e-01
6.464844942092895508e-01
6.916975975036621094e-01
7.154789566993713379e-01
6.729961633682250977e-01
6.743853688240051270e-01
7.136884927749633789e-01
6.553280949592590332e-01
7.227171659469604492e-01
7.047111392021179199e-01
6.720310449600219727e-01
6.522420644760131836e-01
6.348865032196044922e-01
6.710382699966430664e-01
7.454243898391723633e-01
8.706229925155639648e-01
7.288770079612731934e-01
6.952402591705322266e-01
6.856797933578491211e-01
8.718115091323852539e-01
7.235631346702575684e-01
6.474239826202392578e-01
6.242631077766418457e-01
7.741408348083496094e-01
6.831645965576171875e-01
8.104763627052307129e-01
5.527487993240356445e-01
6.794476509094238281e-01
7.565951347351074219e-01
7.206361889839172363e-01
6.369988918304443359e-01
8.100551962852478027e-01
7.983648777008056641e-01
7.224493026733398438e-01
6.785519719123840332e-01
6.765691637992858887e-01
6.164177656173706055e-01
6.443638205528259277e-01
7.233566045761108398e-01
7.444306612014770508e-01
7.257056236267089844e-01
6.049776077270507812e-01
8.096821308135986328e-01
6.281294822692871094e-01
7.171828746795654297e-01
6.437537074089050293e-01
5.234836339950561523e-01
6.467599868774414062e-01
7.017339468002319336e-01
6.302399039268493652e-01
6.606938838958740234e-01
6.413110494613647461e-01
5.800322294235229492e-01
6.740344762802124023e-01
6.518237590789794922e-01
5.963443517684936523e-01
5.415083169937133789e-01
6.300148963928222656e-01
6.697514653205871582e-01
6.125790476799011230e-01
7.251968383789062500e-01
7.020325660705566406e-01
7.107117772102355957e-01
6.305340528488159180e-01
7.001142501831054688e-01
6.325212121009826660e-01
6.732215881347656250e-01
5.128314495086669922e-01
8.035245537757873535e-01
7.859840393066406250e-01
7.181780338287353516e-01
7.609971761703491211e-01
6.707913875579833984e-01
6.605982780456542969e-01
9.168483018875122070e-01
5.764159560203552246e-01
7.970043420791625977e-01
6.006362438201904297e-01
6.324857473373413086e-01
6.566725969314575195e-01
7.029866576194763184e-01
6.657021045684814453e-01
7.658040523529052734e-01
7.646988630294799805e-01
6.729938983917236328e-01
6.266877651214599609e-01
6.614005565643310547e-01
6.485509872436523438e-01
7.233065366744995117e-01
5.811609029769897461e-01
5.740646123886108398e-01
7.599525451660156250e-01
7.293908596038818359e-01
5.723925828933715820e-01
7.096885442733764648e-01
6.194930672645568848e-01
7.771929502487182617e-01
6.835563778877258301e-01
6.880457401275634766e-01
6.753683686256408691e-01
5.241515636444091797e-01
6.601632833480834961e-01
5.710304379463195801e-01
6.821070909500122070e-01
6.260303258895874023e-01
5.998810529708862305e-01
6.400420665740966797e-01
6.342747807502746582e-01
6.685701012611389160e-01
6.594647169113159180e-01
6.450247764587402344e-01
6.579220294952392578e-01
7.798101902008056641e-01
6.935920715332031250e-01
5.921989679336547852e-01
6.257890462875366211e-01
6.941214799880981445e-01
6.469835042953491211e-01
5.503655672073364258e-01
6.766538619995117188e-01
6.677219867706298828e-01
5.873058438301086426e-01
5.179237127304077148e-01
5.674416422843933105e-01
5.854489803314208984e-01
6.191215515136718750e-01
5.542734861373901367e-01
7.308351993560791016e-01
6.218966841697692871e-01
7.319234609603881836e-01
6.767213940620422363e-01
5.278741717338562012e-01
6.823234558105468750e-01
5.939718484878540039e-01
6.460576057434082031e-01
6.722885966300964355e-01
6.215496659278869629e-01
6.559442281723022461e-01
8.483449220657348633e-01
7.985935807228088379e-01
6.726677417755126953e-01
7.043101787567138672e-01
5.819214582443237305e-01
7.136893868446350098e-01
7.383409738540649414e-01
6.831095218658447266e-01
5.297967791557312012e-01
6.047657132148742676e-01
6.478472948074340820e-01
6.470793485641479492e-01
7.134471535682678223e-01
7.010754346847534180e-01
7.685223817825317383e-01
7.431610822677612305e-01
6.041390299797058105e-01
6.556367874145507812e-01
6.899920105934143066e-01
6.206623315811157227e-01
6.657481193542480469e-01
5.694464445114135742e-01
6.391274929046630859e-01
6.139355897903442383e-01
6.269422769546508789e-01
5.715023279190063477e-01
6.269061565399169922e-01
6.616935729980468750e-01
5.690109729766845703e-01
7.045342922210693359e-01
5.292937755584716797e-01
6.470698714256286621e-01
7.387883663177490234e-01
6.566144227981567383e-01
6.100341081619262695e-01
6.388658881187438965e-01
6.513437628746032715e-01
6.977385282516479492e-01
6.381084918975830078e-01
7.341486215591430664e-01
7.043836712837219238e-01
6.302189826965332031e-01
6.940233707427978516e-01
5.965003371238708496e-01
7.304728031158447266e-01
7.960103750228881836e-01
5.853080749511718750e-01
5.851616859436035156e-01
6.933618783950805664e-01
6.884713172912597656e-01
7.062633037567138672e-01
7.105057239532470703e-01
5.070285797119140625e-01
6.754291057586669922e-01
6.847388744354248047e-01
6.087603569030761719e-01
5.321641564369201660e-01
6.922371387481689453e-01
6.695187687873840332e-01
5.872354507446289062e-01
5.722268819808959961e-01
7.625121474266052246e-01
6.399741172790527344e-01
5.740565061569213867e-01
7.390024065971374512e-01
6.612392663955688477e-01
7.148089408874511719e-01
7.352376580238342285e-01
7.136179208755493164e-01
6.363896727561950684e-01
5.042201280593872070e-01
7.360389232635498047e-01
7.081620097160339355e-01
5.621544122695922852e-01
7.646250724792480469e-01
7.396968007087707520e-01
6.211367845535278320e-01
5.315984487533569336e-01
7.327513694763183594e-01
5.454106926918029785e-01
6.915813088417053223e-01
6.026561260223388672e-01
7.381258010864257812e-01
5.954594016075134277e-01
7.045813798904418945e-01
7.214238643646240234e-01
7.043761014938354492e-01
6.857259869575500488e-01
6.777703762054443359e-01
7.255983948707580566e-01
6.468959450721740723e-01
7.009309530258178711e-01
7.541447877883911133e-01
7.064141631126403809e-01
6.451245546340942383e-01
7.286932468414306641e-01
6.600195169448852539e-01
6.502516865730285645e-01
7.703264355659484863e-01
5.885197520256042480e-01
8.477340936660766602e-01
7.544510364532470703e-01
6.226782798767089844e-01
7.036686539649963379e-01
7.542305588722229004e-01
7.784680724143981934e-01
7.889124155044555664e-01
4.561973214149475098e-01
6.504372358322143555e-01
5.410300493240356445e-01
6.274928450584411621e-01
8.595492243766784668e-01
5.848426818847656250e-01
5.879253149032592773e-01
6.039385795593261719e-01
7.297452688217163086e-01
6.737705469131469727e-01
6.039739847183227539e-01
6.437885165214538574e-01
5.640168786048889160e-01
7.458625435829162598e-01
6.508395671844482422e-01
6.217714548110961914e-01
7.147657871246337891e-01
6.257854700088500977e-01
7.305634021759033203e-01
6.202241182327270508e-01
7.007167339324951172e-01
7.753209471702575684e-01
5.683195590972900391e-01
6.925066113471984863e-01
5.101456642150878906e-01
5.551151037216186523e-01
6.920164823532104492e-01
7.775344848632812500e-01
7.796023488044738770e-01
6.218966245651245117e-01
8.380206823348999023e-01
5.704773664474487305e-01
6.600835323333740234e-01
7.102231979370117188e-01
6.089685559272766113e-01
8.173878192901611328e-01
7.037884593009948730e-01
6.026765108108520508e-01
8.164136409759521484e-01
5.056301951408386230e-01
6.969056129455566406e-01
6.675128936767578125e-01
5.848364233970642090e-01
7.028027772903442383e-01
6.340217590332031250e-01
6.933137774467468262e-01
5.626635551452636719e-01
7.677775621414184570e-01
8.850795030593872070e-01
8.026272058486938477e-01
6.795730590820312500e-01
5.979105234146118164e-01
7.181859016418457031e-01
6.630806326866149902e-01
7.853178977966308594e-01
5.860351324081420898e-01
6.683124303817749023e-01
6.938666105270385742e-01
8.598847389221191406e-01
7.272302508354187012e-01
5.785993337631225586e-01
5.955066680908203125e-01
5.919569134712219238e-01
7.388215661048889160e-01
6.695966124534606934e-01
7.525460720062255859e-01
7.752894163131713867e-01
6.813257932662963867e-01
6.148203611373901367e-01
6.738122701644897461e-01
5.636732578277587891e-01
5.222567319869995117e-01
6.588538885116577148e-01
6.637737751007080078e-01
5.867085456848144531e-01
6.339757442474365234e-01
6.138236522674560547e-01
8.096300363540649414e-01
7.188447713851928711e-01
8.681991100311279297e-01
7.240688204765319824e-01
7.592411041259765625e-01
7.956033945083618164e-01
6.930468082427978516e-01
8.005459904670715332e-01
5.541765093803405762e-01
7.021631002426147461e-01
5.706179141998291016e-01
6.090751886367797852e-01
6.750934123992919922e-01
6.206107735633850098e-01
7.110036611557006836e-01
7.246813774108886719e-01
7.482689619064331055e-01
6.738153100013732910e-01
7.030756473541259766e-01
6.542897224426269531e-01
7.288756966590881348e-01
7.236162424087524414e-01
6.001082658767700195e-01
5.780537128448486328e-01
7.792299985885620117e-01
6.979309320449829102e-01
5.501131415367126465e-01
6.315761804580688477e-01
6.446804404258728027e-01
7.066439390182495117e-01
6.239396333694458008e-01
6.780529022216796875e-01
7.350914478302001953e-01
8.053200244903564453e-01
7.283037900924682617e-01
8.328076601028442383e-01
7.397599220275878906e-01
7.087653875350952148e-01
6.582945585250854492e-01
7.541944980621337891e-01
7.594720125198364258e-01
5.447410345077514648e-01
7.549026608467102051e-01
7.625597715377807617e-01
6.791193485260009766e-01
7.260575294494628906e-01
5.256514549255371094e-01
5.813223719596862793e-01
5.962310433387756348e-01
6.048896312713623047e-01
8.197156190872192383e-01
7.031562328338623047e-01
6.866801977157592773e-01
6.371861100196838379e-01
8.309081792831420898e-01
5.825990438461303711e-01
5.913691520690917969e-01
7.958034276962280273e-01
7.113111019134521484e-01
6.149142980575561523e-01
7.062052488327026367e-01
5.290175676345825195e-01
6.381070613861083984e-01
7.204512357711791992e-01
6.833813190460205078e-01
6.444730758666992188e-01
6.527756452560424805e-01
7.588320374488830566e-01
6.624196767807006836e-01
6.224005222320556641e-01
8.427122235298156738e-01
7.827432155609130859e-01
7.156161665916442871e-01
6.960906386375427246e-01
6.701192855834960938e-01
8.089847564697265625e-01
5.596116781234741211e-01
6.278970241546630859e-01
6.310640573501586914e-01
6.507216095924377441e-01
6.430098414421081543e-01
6.108267307281494141e-01
4.977854490280151367e-01
6.273576021194458008e-01
5.755345821380615234e-01
6.994223594665527344e-01
6.430689096450805664e-01
5.507439374923706055e-01
7.402355670928955078e-01
5.488903522491455078e-01
5.975524783134460449e-01
4.887348413467407227e-01
6.675395369529724121e-01
7.106612920761108398e-01
6.893910765647888184e-01
6.190048456192016602e-01
5.056806802749633789e-01
6.571977138519287109e-01
6.871105432510375977e-01
5.680782794952392578e-01
5.505719184875488281e-01
7.125868797302246094e-01
5.513189435005187988e-01
6.742106676101684570e-01
7.982484102249145508e-01
5.297706127166748047e-01
5.853961706161499023e-01
5.537949800491333008e-01
5.914801359176635742e-01
7.118329405784606934e-01
6.581667661666870117e-01
6.042295098304748535e-01
6.186333894729614258e-01
5.580940842628479004e-01
6.295369863510131836e-01
5.428118705749511719e-01
6.273800134658813477e-01
6.008892655372619629e-01
5.939923524856567383e-01
6.452585458755493164e-01
5.572478175163269043e-01
6.119555234909057617e-01
6.260339617729187012e-01
6.249580383300781250e-01
5.461246967315673828e-01
5.813395977020263672e-01
5.527233481407165527e-01
6.390460729598999023e-01
4.901757836341857910e-01
5.721004009246826172e-01
7.100584506988525391e-01
6.568150520324707031e-01
5.513571500778198242e-01
7.539901733398437500e-01
5.573928356170654297e-01
6.995355486869812012e-01
5.609702467918395996e-01
6.238486766815185547e-01
6.866197586059570312e-01
6.291456222534179688e-01
6.881662607192993164e-01
5.682893991470336914e-01
5.632536411285400391e-01
5.376518368721008301e-01
7.525258064270019531e-01
6.890182495117187500e-01
7.094172239303588867e-01
7.034204006195068359e-01
8.251715898513793945e-01
6.559802293777465820e-01
5.717474222183227539e-01
5.829480886459350586e-01
7.444186806678771973e-01
6.348593831062316895e-01
5.702782869338989258e-01
4.909829199314117432e-01
6.638600230216979980e-01
7.287087440490722656e-01
6.149895191192626953e-01
6.605546474456787109e-01
5.977280139923095703e-01
6.400375366210937500e-01
7.200479507446289062e-01
5.942331552505493164e-01
6.971292495727539062e-01
5.241980552673339844e-01
6.687307953834533691e-01
6.311824917793273926e-01
6.143469810485839844e-01
5.994240045547485352e-01
5.966826081275939941e-01
5.678537487983703613e-01
5.329782366752624512e-01
7.035914659500122070e-01
6.803981065750122070e-01
6.090722084045410156e-01
7.081263065338134766e-01
5.830229520797729492e-01
5.764508247375488281e-01
6.876731514930725098e-01
5.032107830047607422e-01
5.753087401390075684e-01
6.788911819458007812e-01
7.287581562995910645e-01
4.572912156581878662e-01
6.776895523071289062e-01
7.379845380783081055e-01
5.435098409652709961e-01
5.716428756713867188e-01
7.699370384216308594e-01
5.913668870925903320e-01
6.061061620712280273e-01
5.634605884552001953e-01
6.054344177246093750e-01
5.721586346626281738e-01
6.622576713562011719e-01
6.274541616439819336e-01
6.451061367988586426e-01
6.766870021820068359e-01
6.066881418228149414e-01
6.705636382102966309e-01
5.722944736480712891e-01
7.187258005142211914e-01
6.715804338455200195e-01
6.897100210189819336e-01
7.183010578155517578e-01
6.480908393859863281e-01
6.086829900741577148e-01
6.507252454757690430e-01
5.872001051902770996e-01
6.248171925544738770e-01
6.832760572433471680e-01
6.209315061569213867e-01
6.681447029113769531e-01
6.420137882232666016e-01
5.988552570343017578e-01
5.281069874763488770e-01
6.085327863693237305e-01
6.779431104660034180e-01
6.166430711746215820e-01
7.206870317459106445e-01
6.759132146835327148e-01
5.743179321289062500e-01
6.798601150512695312e-01
6.401180028915405273e-01
6.190968751907348633e-01
6.222004294395446777e-01
5.728850960731506348e-01
7.387291193008422852e-01
8.183053731918334961e-01
6.755669713020324707e-01
7.282647490501403809e-01
6.435673236846923828e-01
6.880558729171752930e-01
7.009839415550231934e-01
7.254235744476318359e-01
6.337435245513916016e-01
6.573766469955444336e-01
7.290548086166381836e-01
5.943160057067871094e-01
6.499165296554565430e-01
7.489256858825683594e-01
6.072666645050048828e-01
6.911348104476928711e-01
5.741790533065795898e-01
7.169333696365356445e-01
6.815940141677856445e-01
6.242223978042602539e-01
6.162428855895996094e-01
5.580268502235412598e-01
8.126072883605957031e-01
6.042578220367431641e-01
7.323354482650756836e-01
6.878588795661926270e-01
7.402746677398681641e-01
6.193615198135375977e-01
7.481304407119750977e-01
7.866492271423339844e-01
7.428298592567443848e-01
6.712605953216552734e-01
6.074221134185791016e-01
5.879539251327514648e-01
5.403021574020385742e-01
7.525954246520996094e-01
6.246462464332580566e-01
4.905308485031127930e-01
6.861974596977233887e-01
7.427131533622741699e-01
6.041544675827026367e-01
6.739822626113891602e-01
5.974598526954650879e-01
6.729630231857299805e-01
6.571551561355590820e-01
7.077260017395019531e-01
7.206425666809082031e-01
6.128957867622375488e-01
5.883517265319824219e-01
6.095327138900756836e-01
5.404835939407348633e-01
6.737176179885864258e-01
6.356424689292907715e-01
6.396465897560119629e-01
7.569288015365600586e-01
7.128673791885375977e-01
7.663769721984863281e-01
5.641874074935913086e-01
7.976812720298767090e-01
7.137674093246459961e-01
8.775462508201599121e-01
7.325592041015625000e-01
6.073352694511413574e-01
5.479239821434020996e-01
6.848788857460021973e-01
6.302258968353271484e-01
8.236654996871948242e-01
7.673792839050292969e-01
6.484372615814208984e-01
5.592401027679443359e-01
5.920442342758178711e-01
7.490805387496948242e-01
6.000611782073974609e-01
7.033394575119018555e-01
7.075399756431579590e-01
6.524589061737060547e-01
5.936003923416137695e-01
7.177728414535522461e-01
6.303838491439819336e-01
6.469402313232421875e-01
5.130721330642700195e-01
6.427526473999023438e-01
6.141406893730163574e-01
6.276421546936035156e-01
5.778418183326721191e-01
6.428655982017517090e-01
8.039483428001403809e-01
6.428588032722473145e-01
7.329000234603881836e-01
8.318001031875610352e-01
5.126084685325622559e-01
7.661933898925781250e-01
6.391453742980957031e-01
7.520067095756530762e-01
7.767828702926635742e-01
6.393858194351196289e-01
6.389099359512329102e-01
6.352330446243286133e-01
6.907169818878173828e-01
5.688787698745727539e-01
6.562589406967163086e-01
7.363672256469726562e-01
6.511425971984863281e-01
5.730308294296264648e-01
5.814714431762695312e-01
6.389380693435668945e-01
6.057161092758178711e-01
7.696256637573242188e-01
6.319399476051330566e-01
7.700098156929016113e-01
6.313971877098083496e-01
7.489510774612426758e-01
5.329002141952514648e-01
5.615936517715454102e-01
6.791902184486389160e-01
7.979949712753295898e-01
4.482271671295166016e-01
5.730917453765869141e-01
6.051681041717529297e-01
6.681227087974548340e-01
6.688358187675476074e-01
5.976604223251342773e-01
8.195104598999023438e-01
5.999023318290710449e-01
6.070386767387390137e-01
5.846477746963500977e-01
7.286941409111022949e-01
6.603283882141113281e-01
7.784807085990905762e-01
6.438874602317810059e-01
7.594569921493530273e-01
7.312606573104858398e-01
6.438037157058715820e-01
8.090958595275878906e-01
7.341440916061401367e-01
6.089896559715270996e-01
7.041547298431396484e-01
6.678434610366821289e-01
8.041454553604125977e-01
6.995756626129150391e-01
5.990549325942993164e-01
5.439918041229248047e-01
5.798726677894592285e-01
7.796208858489990234e-01
7.060005664825439453e-01
7.273808121681213379e-01
6.927281618118286133e-01
7.347139716148376465e-01
7.083621025085449219e-01
6.274486780166625977e-01
7.017135620117187500e-01
5.643496513366699219e-01
7.255754470825195312e-01
5.359150171279907227e-01
6.152998805046081543e-01
5.479209423065185547e-01
6.157484650611877441e-01
8.161624073982238770e-01
7.129043340682983398e-01
6.584349274635314941e-01
6.239578127861022949e-01
7.403427362442016602e-01
7.386902570724487305e-01
5.702416896820068359e-01
7.397255897521972656e-01
6.607757210731506348e-01
4.898925125598907471e-01
6.337423324584960938e-01
5.829563140869140625e-01
6.369572877883911133e-01
6.794177889823913574e-01
5.196317434310913086e-01
5.947641134262084961e-01
6.416585445404052734e-01
6.340644359588623047e-01
6.838167905807495117e-01
6.861904859542846680e-01
6.859567165374755859e-01
6.405769586563110352e-01
7.367861270904541016e-01
7.757430672645568848e-01
7.606727480888366699e-01
5.429092645645141602e-01
6.113975048065185547e-01
6.788187623023986816e-01
8.356747627258300781e-01
6.753035187721252441e-01
6.638622283935546875e-01
6.853085756301879883e-01
7.532345056533813477e-01
5.804466009140014648e-01
7.290149927139282227e-01
8.587025403976440430e-01
5.997630357742309570e-01
6.195938587188720703e-01
6.187885999679565430e-01
6.446377038955688477e-01
6.730806827545166016e-01
7.191852927207946777e-01
7.684695124626159668e-01
6.780385971069335938e-01
7.470517754554748535e-01
6.847989559173583984e-01
5.176378488540649414e-01
6.399807333946228027e-01
6.383463144302368164e-01
5.590145587921142578e-01
5.520739555358886719e-01
6.037889122962951660e-01
6.316174268722534180e-01
6.563777923583984375e-01
6.948093175888061523e-01
5.055562853813171387e-01
5.289949178695678711e-01
5.162330269813537598e-01
5.905392169952392578e-01
6.788527965545654297e-01
5.962634682655334473e-01
5.152713656425476074e-01
5.250419974327087402e-01
5.998061895370483398e-01
5.712491273880004883e-01
6.388490200042724609e-01
5.311701297760009766e-01
6.858639121055603027e-01
4.853654205799102783e-01
6.654682159423828125e-01
5.707614421844482422e-01
4.201017618179321289e-01
5.169178247451782227e-01
5.841555595397949219e-01
5.700834393501281738e-01
5.714529752731323242e-01
6.566423177719116211e-01
7.180150747299194336e-01
5.943253040313720703e-01
6.348855495452880859e-01
5.850171446800231934e-01
6.867830753326416016e-01
6.466848254203796387e-01
5.522949695587158203e-01
5.170487165451049805e-01
6.295377016067504883e-01
6.824718713760375977e-01
6.033443808555603027e-01
5.455781221389770508e-01
6.266798973083496094e-01
6.599371433258056641e-01
6.828872561454772949e-01
6.669568419456481934e-01
6.275537014007568359e-01
5.377679467201232910e-01
6.246433854103088379e-01
5.593599677085876465e-01
6.072298288345336914e-01
6.785117387771606445e-01
6.511495709419250488e-01
6.096504926681518555e-01
7.026923894882202148e-01
6.684874892234802246e-01
6.876516342163085938e-01
5.860860943794250488e-01
5.889939069747924805e-01
5.246552228927612305e-01
5.370194911956787109e-01
5.317355394363403320e-01
6.730880737304687500e-01
5.722247362136840820e-01
7.711212038993835449e-01
6.599408388137817383e-01
5.554062724113464355e-01
6.279174089431762695e-01
5.990453958511352539e-01
6.938055753707885742e-01
6.037380695343017578e-01
6.482049226760864258e-01
6.139229536056518555e-01
6.767636537551879883e-01
6.186542510986328125e-01
6.808326840400695801e-01
7.140756845474243164e-01
6.440379023551940918e-01
5.728631019592285156e-01
6.677005290985107422e-01
6.316429376602172852e-01
6.275575160980224609e-01
5.752910375595092773e-01
5.560381412506103516e-01
6.000280976295471191e-01
7.199887037277221680e-01
5.813345909118652344e-01
6.390382647514343262e-01
5.986663103103637695e-01
5.360234975814819336e-01
5.919585227966308594e-01
6.500072479248046875e-01
6.941219568252563477e-01
7.107283473014831543e-01
5.490265488624572754e-01
5.557198524475097656e-01
6.151096820831298828e-01
5.771478414535522461e-01
5.143475532531738281e-01
6.169801950454711914e-01
5.796356797218322754e-01
6.630606651306152344e-01
7.327257394790649414e-01
6.522432565689086914e-01
6.102406978607177734e-01
6.627446413040161133e-01
6.388355493545532227e-01
5.872061252593994141e-01
5.953112840652465820e-01
6.750885844230651855e-01
6.253194808959960938e-01
5.523489117622375488e-01
5.827246308326721191e-01
5.596805810928344727e-01
6.384969353675842285e-01
6.639939546585083008e-01
6.328849792480468750e-01
6.560854911804199219e-01
6.582399606704711914e-01
7.569630146026611328e-01
6.347932219505310059e-01
6.169961690902709961e-01
5.780898928642272949e-01
5.543180108070373535e-01
7.748911380767822266e-01
7.024927139282226562e-01
6.051447391510009766e-01
6.593124866485595703e-01
6.519390344619750977e-01
5.922020673751831055e-01
5.716037750244140625e-01
5.320758819580078125e-01
7.970047593116760254e-01
6.787823438644409180e-01
6.916524171829223633e-01
6.680654287338256836e-01
5.074612498283386230e-01
6.902116537094116211e-01
7.102051377296447754e-01
5.906550288200378418e-01
7.493229508399963379e-01
6.423057317733764648e-01
6.670758724212646484e-01
5.996867418289184570e-01
6.061635017395019531e-01
4.987004399299621582e-01
7.509397268295288086e-01
7.435220479965209961e-01
6.152065396308898926e-01
5.583109855651855469e-01
5.225778222084045410e-01
7.921468019485473633e-01
6.432423591613769531e-01
5.869115591049194336e-01
6.862314939498901367e-01
7.793515920639038086e-01
6.973093748092651367e-01
6.551632285118103027e-01
5.352784395217895508e-01
6.906167268753051758e-01
7.225367426872253418e-01
6.419717073440551758e-01
6.813067197799682617e-01
5.103161334991455078e-01
5.887656211853027344e-01
7.014050483703613281e-01
7.212485074996948242e-01
5.693988800048828125e-01
5.957004427909851074e-01
7.242112159729003906e-01
6.038851737976074219e-01
7.893725633621215820e-01
7.138423919677734375e-01
5.087869167327880859e-01
7.085751295089721680e-01
6.207718849182128906e-01
7.546789646148681641e-01
5.969896316528320312e-01
7.095469236373901367e-01
5.955313444137573242e-01
6.216151714324951172e-01
5.896911621093750000e-01
6.261687874794006348e-01
6.055557727813720703e-01
7.507878541946411133e-01
6.119241118431091309e-01
6.401370763778686523e-01
6.520612239837646484e-01
7.007673978805541992e-01
6.768384575843811035e-01
6.601289510726928711e-01
6.139134168624877930e-01
6.236120462417602539e-01
6.326903104782104492e-01
6.531099081039428711e-01
6.252400875091552734e-01
7.646242380142211914e-01
5.929589271545410156e-01
6.646975278854370117e-01
5.992219448089599609e-01
6.304064989089965820e-01
7.615463733673095703e-01
6.795257329940795898e-01
6.720092296600341797e-01
6.089481115341186523e-01
5.071808099746704102e-01
5.479279756546020508e-01
6.072112917900085449e-01
7.223888635635375977e-01
6.445504426956176758e-01
5.779020786285400391e-01
7.459158897399902344e-01
6.365545988082885742e-01
7.585422992706298828e-01
6.638671159744262695e-01
5.425927639007568359e-01
6.343298554420471191e-01
6.492242813110351562e-01
5.693343877792358398e-01
7.106117010116577148e-01
6.099997758865356445e-01
6.882829666137695312e-01
5.219943523406982422e-01
7.268549203872680664e-01
6.497133374214172363e-01
7.146641016006469727e-01
5.550498962402343750e-01
6.513946056365966797e-01
6.387910842895507812e-01
7.310801744461059570e-01
5.784837603569030762e-01
7.775904536247253418e-01
5.869523286819458008e-01
5.962383747100830078e-01
5.796037912368774414e-01
5.228747129440307617e-01
6.428297758102416992e-01
6.083561778068542480e-01
6.493866443634033203e-01
7.030776143074035645e-01
5.203901529312133789e-01
7.295622825622558594e-01
6.231628656387329102e-01
6.907152533531188965e-01
5.832875967025756836e-01
6.209664344787597656e-01
5.771257281303405762e-01
5.681008100509643555e-01
5.983711481094360352e-01
5.519040822982788086e-01
6.359384655952453613e-01
6.199305653572082520e-01
6.444391012191772461e-01
5.363359451293945312e-01
6.540246009826660156e-01
6.031002998352050781e-01
5.623213648796081543e-01
6.538174152374267578e-01
6.320879459381103516e-01
8.072372078895568848e-01
7.683182954788208008e-01
6.533794999122619629e-01
6.010650992393493652e-01
7.160088419914245605e-01
6.819931268692016602e-01
6.784930229187011719e-01
6.295058727264404297e-01
6.792654395103454590e-01
4.834298491477966309e-01
5.870463848114013672e-01
6.406866312026977539e-01
5.874474644660949707e-01
5.869562029838562012e-01
6.508545875549316406e-01
6.909089088439941406e-01
6.248318552970886230e-01
7.943411469459533691e-01
5.289008021354675293e-01
7.570424675941467285e-01
7.150658369064331055e-01
6.279504299163818359e-01
6.526205539703369141e-01
6.144821643829345703e-01
7.894070148468017578e-01
5.144112706184387207e-01
6.775199770927429199e-01
6.670255661010742188e-01
6.696332097053527832e-01
5.796897411346435547e-01
7.088223695755004883e-01
7.838994264602661133e-01
7.161394357681274414e-01
7.076816558837890625e-01
5.900280475616455078e-01
7.724468708038330078e-01
6.967877149581909180e-01
5.772156715393066406e-01
6.891950368881225586e-01
7.515689730644226074e-01
5.715472698211669922e-01
6.953942775726318359e-01
5.925813913345336914e-01
6.511259078979492188e-01
7.167757749557495117e-01
7.418255209922790527e-01
6.934647560119628906e-01
6.990185379981994629e-01
7.174582481384277344e-01
6.250919103622436523e-01
6.828998327255249023e-01
7.338120341300964355e-01
7.568550109863281250e-01
6.083079576492309570e-01
6.813961267471313477e-01
7.164859771728515625e-01
7.410931587219238281e-01
5.797629356384277344e-01
5.743649005889892578e-01
6.361616253852844238e-01
6.182825565338134766e-01
6.389507651329040527e-01
6.345782279968261719e-01
5.821219682693481445e-01
6.733480691909790039e-01
6.861423254013061523e-01
6.542171835899353027e-01
7.698197364807128906e-01
6.531550884246826172e-01
6.193452477455139160e-01
7.311902046203613281e-01
6.403200626373291016e-01
5.671240687370300293e-01
6.318916082382202148e-01
6.516051888465881348e-01
6.142285466194152832e-01
7.490093111991882324e-01
5.573807358741760254e-01
7.223647832870483398e-01
6.162794828414916992e-01
6.108980774879455566e-01
5.321127772331237793e-01
6.774033308029174805e-01
6.212884187698364258e-01
5.932911634445190430e-01
5.914216637611389160e-01
7.180270552635192871e-01
6.158779859542846680e-01
5.704988241195678711e-01
6.402214765548706055e-01
5.606423616409301758e-01
6.514880657196044922e-01
8.044704794883728027e-01
7.057481408119201660e-01
8.139085769653320312e-01
6.422862410545349121e-01
5.279453396797180176e-01
6.464829444885253906e-01
4.820229411125183105e-01
5.772948265075683594e-01
5.162737369537353516e-01
6.193144321441650391e-01
4.736784100532531738e-01
6.132522225379943848e-01
5.382090806961059570e-01
6.081405878067016602e-01
5.118418931961059570e-01
5.235438942909240723e-01
7.077577710151672363e-01
6.146792769432067871e-01
7.186965346336364746e-01
6.285567879676818848e-01
6.607420444488525391e-01
7.164813280105590820e-01
4.801221191883087158e-01
5.930462479591369629e-01
5.840428471565246582e-01
6.162173748016357422e-01
6.766691207885742188e-01
6.789976358413696289e-01
5.260945558547973633e-01
6.444700360298156738e-01
5.640290975570678711e-01
5.682374238967895508e-01
6.162305474281311035e-01
7.131341695785522461e-01
6.761680841445922852e-01
6.091627478599548340e-01
5.551720857620239258e-01
4.824776053428649902e-01
6.046690940856933594e-01
5.911407470703125000e-01
5.599257349967956543e-01
6.343773603439331055e-01
7.691931724548339844e-01
5.817186236381530762e-01
5.706983804702758789e-01
5.469546318054199219e-01
5.878224968910217285e-01
6.541158556938171387e-01
7.379963994026184082e-01
6.602929830551147461e-01
5.623190999031066895e-01
5.603217482566833496e-01
6.809035539627075195e-01
5.829507112503051758e-01
6.096894741058349609e-01
5.795741081237792969e-01
5.891231298446655273e-01
5.743706822395324707e-01
6.142207384109497070e-01
6.637758016586303711e-01
5.555372238159179688e-01
6.328704357147216797e-01
5.788243412971496582e-01
5.465763211250305176e-01
6.325538754463195801e-01
5.813287496566772461e-01
5.855101346969604492e-01
7.831463813781738281e-01
6.183003187179565430e-01
6.192951798439025879e-01
5.628003478050231934e-01
5.860682725906372070e-01
6.773098707199096680e-01
5.423630475997924805e-01
6.724509596824645996e-01
6.352900862693786621e-01
6.346366405487060547e-01
5.490899085998535156e-01
6.276016235351562500e-01
6.065856218338012695e-01
6.013788580894470215e-01
6.409872770309448242e-01
7.362307906150817871e-01
7.060198783874511719e-01
6.347957849502563477e-01
7.742905616760253906e-01
5.328744649887084961e-01
7.008882761001586914e-01
5.339846611022949219e-01
5.951591730117797852e-01
6.252988576889038086e-01
5.603560209274291992e-01
6.481978297233581543e-01
6.054125428199768066e-01
5.943169593811035156e-01
6.699137687683105469e-01
5.573464632034301758e-01
6.454263925552368164e-01
6.201395988464355469e-01
6.382372379302978516e-01
5.554281473159790039e-01
5.012786388397216797e-01
6.362659931182861328e-01
6.149305701255798340e-01
5.423253178596496582e-01
4.708579778671264648e-01
5.437794327735900879e-01
6.134932041168212891e-01
6.169389486312866211e-01
6.204398870468139648e-01
5.583985447883605957e-01
6.026037931442260742e-01
6.894264221191406250e-01
5.755240917205810547e-01
6.438232660293579102e-01
7.309728860855102539e-01
6.004993319511413574e-01
5.700597763061523438e-01
5.314192771911621094e-01
6.242628097534179688e-01
7.045183181762695312e-01
6.532260179519653320e-01
6.255087852478027344e-01
5.958974957466125488e-01
7.475679516792297363e-01
6.324267387390136719e-01
5.920022726058959961e-01
5.671542882919311523e-01
5.274430513381958008e-01
6.775617599487304688e-01
6.840564012527465820e-01
5.648023486137390137e-01
7.712551355361938477e-01
6.823083758354187012e-01
6.014240384101867676e-01
5.502510070800781250e-01
4.901412725448608398e-01
7.812778949737548828e-01
5.206822752952575684e-01
6.509848833084106445e-01
5.701985359191894531e-01
5.549117326736450195e-01
6.953338384628295898e-01
7.250711321830749512e-01
5.783205032348632812e-01
6.099441051483154297e-01
6.726840734481811523e-01
6.829368472099304199e-01
5.776264667510986328e-01
6.442536711692810059e-01
6.097022294998168945e-01
6.460199356079101562e-01
6.549551486968994141e-01
6.055087447166442871e-01
6.732568740844726562e-01
6.482573747634887695e-01
5.604777336120605469e-01
5.511540770530700684e-01
7.525705099105834961e-01
5.519528388977050781e-01
5.923709869384765625e-01
7.122518420219421387e-01
5.531034469604492188e-01
6.114308834075927734e-01
5.909461975097656250e-01
6.689462661743164062e-01
7.214405536651611328e-01
6.216921210289001465e-01
7.065739035606384277e-01
7.338957190513610840e-01
6.226934790611267090e-01
5.844647884368896484e-01
5.622231960296630859e-01
7.026058435440063477e-01
6.870406866073608398e-01
5.636277198791503906e-01
6.477530002593994141e-01
5.450347661972045898e-01
6.487162113189697266e-01
5.509114861488342285e-01
5.254563093185424805e-01
5.036078691482543945e-01
5.708817243576049805e-01
6.262138485908508301e-01
7.801359891891479492e-01
8.133229017257690430e-01
7.409938573837280273e-01
6.606796979904174805e-01
5.941708087921142578e-01
5.740143060684204102e-01
6.167501807212829590e-01
6.602158546447753906e-01
5.845471024513244629e-01
7.303900718688964844e-01
5.324611663818359375e-01
7.208753824234008789e-01
6.388579607009887695e-01
5.708572268486022949e-01
6.686156988143920898e-01
6.423145532608032227e-01
6.068061590194702148e-01
5.864367485046386719e-01
5.510817766189575195e-01
6.495106220245361328e-01
5.203662514686584473e-01
6.962273120880126953e-01
6.255636215209960938e-01
5.821643471717834473e-01
6.706480979919433594e-01
5.967602729797363281e-01
6.594541668891906738e-01
6.600687503814697266e-01
6.622416973114013672e-01
4.822055697441101074e-01
6.968463063240051270e-01
5.516855120658874512e-01
6.502805948257446289e-01
5.642690658569335938e-01
6.802518963813781738e-01
5.236185193061828613e-01
6.859679222106933594e-01
5.909515619277954102e-01
6.089034676551818848e-01
5.477101206779479980e-01
6.879487037658691406e-01
5.898872017860412598e-01
6.526855230331420898e-01
7.405915260314941406e-01
6.807390451431274414e-01
6.582512855529785156e-01
7.643647789955139160e-01
6.573214530944824219e-01
5.237021446228027344e-01
5.812770724296569824e-01
5.963364839553833008e-01
6.418967843055725098e-01
5.240082740783691406e-01
5.826647281646728516e-01
6.380290389060974121e-01
5.286492109298706055e-01
6.775518655776977539e-01
5.905544161796569824e-01
5.397375226020812988e-01
5.787456035614013672e-01
5.705254077911376953e-01
6.217406988143920898e-01
6.550191044807434082e-01
6.711119413375854492e-01
6.111670732498168945e-01
5.978517532348632812e-01
6.973132491111755371e-01
5.942181348800659180e-01
5.699117779731750488e-01
6.272380352020263672e-01
6.090030074119567871e-01
5.350518226623535156e-01
7.461817860603332520e-01
6.555974483489990234e-01
6.406193375587463379e-01
6.590811610221862793e-01
5.952942967414855957e-01
7.210868597030639648e-01
5.803543329238891602e-01
6.880989670753479004e-01
6.589203476905822754e-01
5.483047962188720703e-01
5.885468721389770508e-01
8.284450769424438477e-01
6.772408485412597656e-01
6.379733681678771973e-01
8.678665757179260254e-01
6.082332134246826172e-01
6.487082242965698242e-01
6.726621389389038086e-01
7.416611313819885254e-01
5.542922019958496094e-01
6.032470464706420898e-01
6.896934509277343750e-01
4.952103793621063232e-01
6.676998138427734375e-01
6.054907441139221191e-01
5.813326835632324219e-01
6.787822246551513672e-01
5.989380478858947754e-01
5.651950240135192871e-01
5.449082851409912109e-01
5.506246089935302734e-01
6.249836683273315430e-01
6.828232407569885254e-01
4.762969315052032471e-01
6.630392074584960938e-01
5.449967384338378906e-01
7.100297212600708008e-01
6.239680051803588867e-01
5.660703182220458984e-01
5.885783433914184570e-01
5.298568010330200195e-01
6.505491137504577637e-01
6.030009984970092773e-01
5.743878483772277832e-01
6.334389448165893555e-01
5.917533636093139648e-01
5.052911043167114258e-01
6.070403456687927246e-01
6.648350358009338379e-01
7.321761846542358398e-01
5.431940555572509766e-01
7.387795448303222656e-01
6.281991600990295410e-01
7.484583854675292969e-01
6.350616216659545898e-01
6.176339387893676758e-01
5.354331731796264648e-01
6.144427657127380371e-01
6.272463202476501465e-01
7.129393219947814941e-01
6.330049037933349609e-01
5.589052438735961914e-01
7.738017439842224121e-01
5.931315422058105469e-01
6.576209068298339844e-01
6.914299726486206055e-01
5.493960976600646973e-01
6.569563746452331543e-01
6.609103679656982422e-01
7.401472926139831543e-01
5.819267034530639648e-01
6.314461827278137207e-01
7.150675058364868164e-01
6.947628259658813477e-01
5.893094539642333984e-01
6.656355261802673340e-01
5.632925033569335938e-01
6.879297494888305664e-01
6.389031410217285156e-01
5.186394453048706055e-01
5.588257908821105957e-01
6.293876171112060547e-01
6.511341333389282227e-01
7.568500041961669922e-01
5.801479220390319824e-01
6.095428466796875000e-01
6.964171528816223145e-01
6.702419519424438477e-01
6.947106122970581055e-01
5.616386532783508301e-01
7.476395964622497559e-01
5.533848404884338379e-01
6.422393321990966797e-01
5.275798439979553223e-01
6.124320030212402344e-01
6.450487375259399414e-01
6.575358510017395020e-01
7.097884416580200195e-01
6.850717663764953613e-01
5.761935710906982422e-01
8.552390336990356445e-01
8.632000088691711426e-01
6.554707288742065430e-01
6.178418397903442383e-01
7.018930315971374512e-01
6.102561354637145996e-01
5.002754926681518555e-01
5.177214741706848145e-01
5.979575514793395996e-01
6.074080467224121094e-01
5.674887299537658691e-01
6.065356731414794922e-01
5.767942667007446289e-01
5.423902869224548340e-01
7.188382148742675781e-01
5.514551997184753418e-01
5.895983576774597168e-01
6.255012154579162598e-01
5.287079811096191406e-01
6.073170900344848633e-01
6.597568392753601074e-01
6.404461860656738281e-01
5.982553362846374512e-01
7.015362381935119629e-01
6.150746941566467285e-01
5.133333802223205566e-01
5.391722917556762695e-01
4.994163513183593750e-01
5.237596035003662109e-01
5.003309845924377441e-01
5.756574869155883789e-01
5.501115322113037109e-01
5.417355298995971680e-01
4.884372055530548096e-01
5.122128725051879883e-01
6.284635066986083984e-01
5.433083176612854004e-01
4.422353804111480713e-01
6.277403831481933594e-01
6.275527477264404297e-01
4.843846559524536133e-01
5.377391576766967773e-01
6.001207828521728516e-01
5.443872809410095215e-01
5.756775736808776855e-01
6.541279554367065430e-01
5.466118454933166504e-01
6.188913583755493164e-01
6.456961631774902344e-01
5.128384828567504883e-01
5.666109323501586914e-01
5.728790760040283203e-01
5.939357280731201172e-01
5.565210580825805664e-01
5.423030853271484375e-01
6.468040347099304199e-01
5.505765676498413086e-01
5.971834659576416016e-01
4.865312576293945312e-01
6.312006711959838867e-01
6.193685531616210938e-01
5.710519552230834961e-01
5.672152638435363770e-01
5.796127915382385254e-01
5.512347221374511719e-01
7.180482149124145508e-01
5.156757831573486328e-01
4.938431978225708008e-01
5.482814908027648926e-01
5.866498947143554688e-01
6.366560459136962891e-01
6.125110387802124023e-01
6.259052753448486328e-01
6.628085374832153320e-01
5.338349938392639160e-01
5.426111221313476562e-01
5.956925749778747559e-01
7.154133915901184082e-01
5.836210250854492188e-01
6.156509518623352051e-01
5.586876273155212402e-01
6.335309147834777832e-01
5.412902832031250000e-01
6.274604201316833496e-01
5.499330759048461914e-01
6.065381765365600586e-01
5.222434401512145996e-01
5.081571340560913086e-01
6.340018510818481445e-01
6.178916692733764648e-01
5.762317180633544922e-01
6.109384894371032715e-01
5.565294027328491211e-01
5.715732574462890625e-01
5.566183328628540039e-01
6.426216959953308105e-01
5.895193219184875488e-01
6.629362702369689941e-01
6.633075475692749023e-01
5.991271734237670898e-01
4.848027229309082031e-01
4.996617436408996582e-01
7.302616238594055176e-01
6.596374511718750000e-01
5.866261720657348633e-01
6.936891078948974609e-01
6.061936616897583008e-01
7.487114667892456055e-01
5.447583794593811035e-01
5.195336341857910156e-01
5.702640414237976074e-01
6.000945568084716797e-01
5.727208852767944336e-01
6.597772836685180664e-01
5.677058696746826172e-01
5.794991254806518555e-01
6.650806665420532227e-01
6.789873838424682617e-01
5.106660127639770508e-01
6.076011657714843750e-01
6.021194458007812500e-01
5.599706172943115234e-01
5.899721980094909668e-01
5.159463882446289062e-01
6.005195379257202148e-01
6.831725835800170898e-01
7.002784013748168945e-01
6.697856187820434570e-01
6.638489365577697754e-01
6.556586027145385742e-01
5.264531373977661133e-01
6.152945756912231445e-01
6.228392124176025391e-01
5.683822631835937500e-01
5.566338300704956055e-01
7.211341261863708496e-01
6.568723917007446289e-01
6.355561614036560059e-01
5.806820392608642578e-01
5.858650803565979004e-01
6.114464998245239258e-01
8.186292648315429688e-01
6.526967287063598633e-01
5.715286135673522949e-01
6.306293606758117676e-01
6.129173636436462402e-01
5.287852287292480469e-01
6.029899716377258301e-01
6.974112391471862793e-01
5.535427331924438477e-01
7.537984848022460938e-01
5.420439243316650391e-01
7.051771283149719238e-01
5.750416517257690430e-01
6.115997433662414551e-01
6.019399166107177734e-01
6.541836261749267578e-01
6.743890643119812012e-01
6.140316724777221680e-01
5.878228545188903809e-01
7.125608921051025391e-01
6.695560812950134277e-01
6.755464673042297363e-01
7.261661291122436523e-01
5.688431262969970703e-01
6.265212297439575195e-01
7.348031997680664062e-01
6.679707765579223633e-01
5.351346731185913086e-01
6.345309615135192871e-01
5.165449976921081543e-01
6.384495496749877930e-01
7.234968543052673340e-01
5.588458776473999023e-01
6.794010400772094727e-01
7.003364562988281250e-01
6.386135816574096680e-01
6.450349688529968262e-01
6.474823951721191406e-01
5.957492589950561523e-01
5.875123739242553711e-01
5.857556462287902832e-01
6.346290111541748047e-01
5.304598212242126465e-01
5.489857196807861328e-01
7.370427250862121582e-01
6.953414082527160645e-01
6.509481668472290039e-01
5.383915901184082031e-01
6.284430027008056641e-01
5.464860200881958008e-01
5.801167488098144531e-01
6.696960926055908203e-01
6.377137899398803711e-01
5.755318403244018555e-01
6.130895614624023438e-01
6.597217321395874023e-01
7.298889756202697754e-01
5.214679241180419922e-01
7.152444124221801758e-01
4.990295469760894775e-01
6.990933418273925781e-01
6.543446779251098633e-01
6.198912858963012695e-01
7.005839347839355469e-01
8.217281699180603027e-01
7.081353664398193359e-01
5.687253475189208984e-01
6.396484375000000000e-01
6.283301115036010742e-01
6.595268249511718750e-01
4.414795339107513428e-01
5.981810092926025391e-01
5.810036659240722656e-01
5.426259040832519531e-01
4.725564122200012207e-01
6.630418300628662109e-01
5.773512125015258789e-01
7.267935276031494141e-01
5.434135198593139648e-01
5.739786624908447266e-01
6.502985358238220215e-01
5.462495684623718262e-01
6.923719644546508789e-01
5.872055292129516602e-01
6.265375614166259766e-01
5.197482109069824219e-01
7.147518396377563477e-01
5.704720020294189453e-01
6.224101781845092773e-01
5.511854887008666992e-01
5.834758877754211426e-01
6.212784051895141602e-01
5.933096408843994141e-01
5.383282303810119629e-01
7.103761434555053711e-01
6.956041455268859863e-01
5.289314389228820801e-01
5.095607638359069824e-01
7.156371474266052246e-01
5.548350811004638672e-01
7.065994143486022949e-01
5.937033891677856445e-01
5.527697801589965820e-01
6.528584957122802734e-01
6.292983293533325195e-01
5.598266124725341797e-01
7.043254375457763672e-01
5.562933683395385742e-01
6.378376483917236328e-01
5.754175186157226562e-01
6.066808700561523438e-01
5.649048089981079102e-01
8.078373074531555176e-01
7.680467367172241211e-01
6.780567169189453125e-01
5.754072070121765137e-01
6.175659894943237305e-01
4.913613498210906982e-01
6.731120347976684570e-01
6.681334972381591797e-01
5.962187647819519043e-01
5.532272458076477051e-01
5.184889435768127441e-01
4.969944357872009277e-01
6.597638130187988281e-01
6.701916456222534180e-01
6.583237648010253906e-01
5.385011434555053711e-01
5.495559573173522949e-01
5.712785720825195312e-01
6.451410055160522461e-01
7.303619384765625000e-01
7.185948491096496582e-01
6.310760974884033203e-01
6.061258912086486816e-01
5.643035769462585449e-01
7.233619689941406250e-01
4.408002793788909912e-01
7.326163053512573242e-01
5.777411460876464844e-01
6.207705736160278320e-01
5.855978131294250488e-01
6.293233633041381836e-01
6.050110459327697754e-01
6.445934176445007324e-01
5.846581459045410156e-01
5.815278887748718262e-01
6.194753050804138184e-01
6.982500553131103516e-01
6.956225633621215820e-01
5.909496545791625977e-01
6.220651865005493164e-01
6.380954980850219727e-01
6.418008208274841309e-01
5.994889736175537109e-01
5.263438820838928223e-01
6.263127326965332031e-01
5.270309448242187500e-01
6.444541215896606445e-01
5.725965499877929688e-01
6.217553019523620605e-01
5.897899270057678223e-01
6.285058259963989258e-01
5.561119318008422852e-01
5.562211275100708008e-01
6.079709529876708984e-01
6.386010050773620605e-01
6.104806661605834961e-01
6.369731426239013672e-01
6.010459661483764648e-01
6.427034735679626465e-01
6.675499677658081055e-01
5.849157571792602539e-01
5.576934814453125000e-01
8.607204556465148926e-01
5.934733152389526367e-01
6.755787134170532227e-01
6.613447070121765137e-01
5.787124633789062500e-01
6.216153502464294434e-01
5.276427268981933594e-01
7.422721982002258301e-01
7.007853388786315918e-01
5.503693819046020508e-01
5.481390357017517090e-01
5.771274566650390625e-01
6.438100337982177734e-01
6.794602274894714355e-01
7.812699079513549805e-01
6.494562625885009766e-01
6.241967678070068359e-01
6.492418646812438965e-01
6.837671995162963867e-01
6.660465598106384277e-01
5.710978507995605469e-01
6.264207363128662109e-01
4.661771655082702637e-01
7.418786287307739258e-01
6.628028154373168945e-01
6.203825473785400391e-01
5.992467403411865234e-01
5.819053053855895996e-01
5.983357429504394531e-01
7.487406134605407715e-01
7.281253933906555176e-01
6.193091869354248047e-01
5.560998916625976562e-01
5.825197696685791016e-01
6.944523453712463379e-01
6.456459760665893555e-01
6.544672250747680664e-01
5.731555223464965820e-01
6.749258637428283691e-01
5.822096467018127441e-01
6.536338329315185547e-01
5.752328634262084961e-01
4.624376893043518066e-01
4.613723754882812500e-01
5.504617691040039062e-01
6.120893955230712891e-01
5.487418174743652344e-01
6.087822914123535156e-01
5.533790588378906250e-01
5.337294340133666992e-01
6.293264627456665039e-01
5.010524392127990723e-01
4.718171954154968262e-01
5.614016056060791016e-01
5.357769131660461426e-01
5.643418431282043457e-01
4.975856244564056396e-01
4.956301450729370117e-01
4.674913287162780762e-01
6.270063519477844238e-01
7.349017858505249023e-01
5.377086400985717773e-01
6.924889087677001953e-01
6.214641332626342773e-01
5.651812553405761719e-01
6.302555203437805176e-01
4.818478226661682129e-01
5.738176703453063965e-01
5.939458608627319336e-01
5.216894149780273438e-01
5.535702705383300781e-01
5.211610794067382812e-01
5.914372205734252930e-01
5.193812251091003418e-01
4.844782650470733643e-01
4.886232912540435791e-01
5.532387495040893555e-01
6.333452463150024414e-01
5.972499847412109375e-01
7.147340774536132812e-01
6.660854816436767578e-01
5.806052684783935547e-01
6.325652599334716797e-01
5.409876704216003418e-01
5.175932645797729492e-01
5.062196850776672363e-01
4.567740261554718018e-01
6.741744279861450195e-01
6.505815982818603516e-01
5.420946478843688965e-01
6.018002629280090332e-01
6.165841817855834961e-01
4.862807095050811768e-01
5.744699835777282715e-01
6.555964946746826172e-01
5.514072179794311523e-01
6.379487514495849609e-01
5.246633291244506836e-01
5.318832397460937500e-01
6.286869049072265625e-01
5.361418128013610840e-01
5.484997034072875977e-01
5.021513104438781738e-01
5.508195161819458008e-01
5.588152408599853516e-01
5.808582305908203125e-01
5.754060745239257812e-01
5.808289051055908203e-01
6.405780315399169922e-01
6.305357217788696289e-01
5.933572053909301758e-01
5.181847810745239258e-01
5.962090492248535156e-01
6.590654850006103516e-01
6.588940620422363281e-01
4.363328218460083008e-01
5.788885354995727539e-01
6.530737876892089844e-01
5.555419921875000000e-01
4.965648055076599121e-01
6.437245607376098633e-01
6.344097852706909180e-01
5.520000457763671875e-01
5.078607797622680664e-01
5.848538279533386230e-01
4.927328526973724365e-01
5.654504299163818359e-01
4.968910813331604004e-01
5.626761913299560547e-01
5.443543195724487305e-01
6.070245504379272461e-01
5.966920852661132812e-01
6.918183565139770508e-01
5.939639806747436523e-01
4.856656491756439209e-01
4.583747982978820801e-01
6.934323906898498535e-01
5.652693510055541992e-01
5.922598242759704590e-01
7.437250018119812012e-01
5.252001881599426270e-01
5.970468521118164062e-01
7.004321813583374023e-01
6.010184288024902344e-01
5.588369369506835938e-01
6.935384273529052734e-01
5.451163649559020996e-01
5.039725303649902344e-01
6.350127458572387695e-01
6.623542308807373047e-01
6.044182181358337402e-01
5.357546210289001465e-01
5.454320907592773438e-01
5.825536847114562988e-01
5.147646069526672363e-01
5.871397852897644043e-01
5.521695613861083984e-01
6.208407878875732422e-01
6.927761435508728027e-01
5.118159651756286621e-01
5.911613106727600098e-01
5.775321722030639648e-01
6.116057038307189941e-01
6.468982696533203125e-01
5.063686966896057129e-01
6.438089609146118164e-01
6.622099876403808594e-01
5.078487396240234375e-01
4.105327725410461426e-01
4.613504707813262939e-01
6.694515943527221680e-01
6.547238826751708984e-01
5.821799039840698242e-01
5.952116847038269043e-01
5.350435972213745117e-01
7.090572714805603027e-01
5.664316415786743164e-01
6.040704846382141113e-01
6.522480249404907227e-01
5.026904344558715820e-01
5.893069505691528320e-01
5.824456810951232910e-01
6.760831475257873535e-01
4.685803651809692383e-01
5.701812505722045898e-01
6.214126348495483398e-01
6.744101643562316895e-01
6.876773238182067871e-01
5.428459048271179199e-01
5.904887914657592773e-01
5.913628339767456055e-01
5.735348463058471680e-01
6.459001302719116211e-01
6.309772729873657227e-01
5.781172513961791992e-01
5.637765526771545410e-01
6.385442018508911133e-01
6.093077063560485840e-01
5.861335396766662598e-01
6.832426786422729492e-01
5.988386869430541992e-01
6.336011886596679688e-01
5.738986730575561523e-01
5.962516069412231445e-01
7.625186443328857422e-01
6.763350963592529297e-01
6.963863372802734375e-01
7.032910585403442383e-01
5.579926371574401855e-01
5.977391600608825684e-01
7.168675065040588379e-01
6.131321191787719727e-01
7.343457937240600586e-01
4.694975912570953369e-01
5.118992924690246582e-01
6.458538174629211426e-01
5.276117324829101562e-01
5.935539007186889648e-01
5.857567787170410156e-01
5.558277964591979980e-01
5.765409469604492188e-01
5.920912027359008789e-01
6.558334827423095703e-01
5.832524895668029785e-01
6.181743741035461426e-01
5.937860012054443359e-01
6.762850880622863770e-01
6.198723316192626953e-01
5.928638577461242676e-01
5.869867801666259766e-01
5.800202488899230957e-01
5.160654187202453613e-01
5.212228298187255859e-01
6.064234972000122070e-01
6.634576320648193359e-01
6.364352703094482422e-01
6.688560843467712402e-01
6.774166822433471680e-01
6.392030119895935059e-01
4.680921733379364014e-01
6.410297155380249023e-01
5.693640708923339844e-01
6.632748842239379883e-01
5.579013824462890625e-01
6.319994926452636719e-01
4.519236087799072266e-01
6.331331729888916016e-01
6.299737691879272461e-01
6.098355054855346680e-01
5.047818422317504883e-01
5.992964506149291992e-01
7.081356644630432129e-01
4.924402832984924316e-01
5.099153518676757812e-01
6.299477815628051758e-01
5.986884832382202148e-01
6.161097288131713867e-01
7.901650667190551758e-01
6.059510111808776855e-01
6.221285462379455566e-01
5.799698829650878906e-01
6.120229959487915039e-01
5.070950388908386230e-01
5.393161773681640625e-01
5.647400617599487305e-01
6.094164252281188965e-01
4.474692642688751221e-01
6.056347489356994629e-01
4.458537399768829346e-01
5.093284845352172852e-01
4.950355589389801025e-01
6.479622125625610352e-01
5.138458013534545898e-01
6.424267292022705078e-01
5.669141411781311035e-01
6.354495286941528320e-01
5.920133590698242188e-01
5.898194909095764160e-01
6.814870834350585938e-01
6.620417833328247070e-01
7.432031035423278809e-01
5.421493053436279297e-01
6.478207111358642578e-01
4.570190012454986572e-01
6.593859195709228516e-01
6.983076930046081543e-01
6.760594248771667480e-01
5.557214617729187012e-01
4.735024869441986084e-01
5.573533773422241211e-01
6.474138498306274414e-01
5.040813684463500977e-01
5.775625109672546387e-01
6.396301984786987305e-01
7.024903297424316406e-01
5.500476360321044922e-01
5.961439609527587891e-01
6.746986508369445801e-01
5.332585573196411133e-01
5.769445300102233887e-01
6.158527135848999023e-01
6.509581804275512695e-01
5.235183238983154297e-01
6.302824616432189941e-01
6.813671588897705078e-01
5.810204148292541504e-01
5.841420292854309082e-01
5.359570384025573730e-01
5.748174190521240234e-01
6.227353811264038086e-01
7.675429582595825195e-01
5.863375067710876465e-01
6.179342269897460938e-01
6.550158262252807617e-01
5.118514299392700195e-01
4.731175303459167480e-01
5.805115699768066406e-01
6.299999952316284180e-01
6.507138013839721680e-01
6.474362611770629883e-01
6.234083175659179688e-01
5.428045988082885742e-01
6.293277144432067871e-01
6.507107019424438477e-01
7.113943099975585938e-01
4.861915111541748047e-01
4.859884381294250488e-01
6.664781570434570312e-01
5.326861143112182617e-01
6.247490644454956055e-01
6.176247000694274902e-01
7.106639146804809570e-01
6.243837475776672363e-01
5.547552704811096191e-01
5.070008635520935059e-01
6.832141876220703125e-01
5.679720640182495117e-01
7.684891223907470703e-01
5.962457656860351562e-01
4.601888060569763184e-01
5.481024980545043945e-01
5.775775909423828125e-01
6.039102077484130859e-01
6.688638925552368164e-01
5.814778208732604980e-01
5.630898475646972656e-01
4.956815838813781738e-01
5.607977509498596191e-01
6.143622398376464844e-01
5.707732439041137695e-01
6.227762699127197266e-01
7.560244798660278320e-01
5.015012621879577637e-01
6.658344268798828125e-01
5.803848505020141602e-01
6.483329534530639648e-01
6.002185344696044922e-01
7.233155965805053711e-01
6.636565327644348145e-01
6.238599419593811035e-01
6.431834697723388672e-01
6.019561290740966797e-01
5.333551168441772461e-01
5.636745691299438477e-01
5.731948614120483398e-01
5.204516649246215820e-01
6.121917963027954102e-01
5.577499866485595703e-01
6.904318332672119141e-01
7.058217525482177734e-01
6.737663149833679199e-01
4.756987690925598145e-01
6.465858817100524902e-01
4.825934171676635742e-01
5.502743721008300781e-01
6.577028632164001465e-01
5.973567962646484375e-01
6.563934087753295898e-01
6.059083342552185059e-01
5.951889157295227051e-01
7.563928365707397461e-01
6.295192837715148926e-01
6.845611333847045898e-01
5.898562669754028320e-01
5.501605272293090820e-01
5.469750165939331055e-01
4.823378324508666992e-01
5.316053628921508789e-01
5.411027669906616211e-01
5.986483693122863770e-01
7.123596668243408203e-01
6.804389953613281250e-01
5.989999771118164062e-01
6.445636749267578125e-01
6.172651052474975586e-01
5.208128690719604492e-01
7.220613360404968262e-01
6.239157319068908691e-01
5.029929280281066895e-01
5.540974140167236328e-01
6.210644841194152832e-01
6.210556030273437500e-01
6.487354040145874023e-01
4.988762140274047852e-01
5.452838540077209473e-01
5.952844023704528809e-01
5.689440965652465820e-01
5.409140586853027344e-01
5.040424466133117676e-01
5.977638959884643555e-01
5.792726874351501465e-01
5.923428535461425781e-01
5.855845212936401367e-01
5.206761360168457031e-01
5.592355728149414062e-01
6.263886690139770508e-01
5.292040109634399414e-01
5.119125247001647949e-01
4.878241121768951416e-01
4.708549380302429199e-01
4.994827210903167725e-01
5.808585882186889648e-01
4.662451744079589844e-01
5.692968368530273438e-01
5.492278337478637695e-01
5.217798948287963867e-01
4.931130707263946533e-01
5.470503568649291992e-01
6.363345980644226074e-01
5.742877721786499023e-01
5.256528258323669434e-01
5.960148572921752930e-01
6.478645205497741699e-01
5.462256073951721191e-01
5.152444839477539062e-01
5.805116891860961914e-01
5.899008512496948242e-01
5.375972986221313477e-01
5.962319374084472656e-01
5.121417045593261719e-01
6.132165193557739258e-01
4.860935807228088379e-01
5.529667139053344727e-01
5.721558928489685059e-01
4.667227566242218018e-01
5.809599757194519043e-01
6.032189130783081055e-01
4.371057748794555664e-01
6.408020853996276855e-01
5.866033434867858887e-01
4.705111980438232422e-01
6.075166463851928711e-01
5.903855562210083008e-01
5.701300501823425293e-01
5.669882893562316895e-01
5.957065820693969727e-01
4.993712902069091797e-01
5.296390652656555176e-01
5.420312881469726562e-01
5.977339744567871094e-01
6.602560281753540039e-01
5.780943632125854492e-01
4.937696456909179688e-01
5.705560445785522461e-01
5.987311005592346191e-01
5.451342463493347168e-01
4.578348994255065918e-01
6.009800434112548828e-01
4.936563968658447266e-01
6.209565997123718262e-01
5.396775603294372559e-01
5.586990714073181152e-01
6.303333640098571777e-01
5.071972012519836426e-01
3.899077475070953369e-01
4.660413563251495361e-01
5.706674456596374512e-01
4.973689317703247070e-01
5.227656364440917969e-01
5.862206816673278809e-01
5.247000455856323242e-01
5.396336913108825684e-01
5.095040798187255859e-01
5.740064382553100586e-01
6.230013370513916016e-01
5.446096658706665039e-01
6.325259208679199219e-01
6.385976672172546387e-01
5.047633647918701172e-01
5.223417878150939941e-01
5.280257463455200195e-01
6.863446235656738281e-01
5.782810449600219727e-01
7.167255878448486328e-01
7.304934859275817871e-01
5.589387416839599609e-01
4.744340777397155762e-01
6.201817989349365234e-01
5.247743725776672363e-01
7.267406582832336426e-01
4.621659517288208008e-01
5.267400741577148438e-01
3.847647309303283691e-01
5.438005924224853516e-01
5.581008791923522949e-01
5.706459879875183105e-01
5.739339590072631836e-01
5.478219389915466309e-01
5.368896126747131348e-01
5.972151756286621094e-01
5.749204754829406738e-01
4.638791978359222412e-01
4.657118320465087891e-01
5.470806360244750977e-01
5.975595712661743164e-01
6.029467582702636719e-01
5.580830574035644531e-01
5.630569458007812500e-01
5.844572782516479492e-01
5.540858507156372070e-01
6.449841856956481934e-01
5.906053781509399414e-01
5.069627761840820312e-01
4.970429539680480957e-01
6.184691190719604492e-01
5.514615178108215332e-01
6.516877412796020508e-01
4.624258875846862793e-01
6.686340570449829102e-01
6.231359243392944336e-01
6.360217928886413574e-01
5.766322016716003418e-01
5.424495935440063477e-01
4.908019006252288818e-01
4.491319060325622559e-01
5.502924323081970215e-01
5.273585319519042969e-01
5.109210014343261719e-01
6.547377109527587891e-01
6.026864647865295410e-01
4.839464724063873291e-01
5.675740838050842285e-01
5.786988735198974609e-01
5.468176007270812988e-01
6.307387948036193848e-01
5.074681043624877930e-01
5.456407666206359863e-01
5.124809741973876953e-01
5.506373643875122070e-01
5.918796062469482422e-01
5.412642955780029297e-01
5.676448345184326172e-01
6.017798781394958496e-01
4.739852547645568848e-01
4.430437982082366943e-01
5.493857860565185547e-01
6.344728469848632812e-01
5.536633133888244629e-01
6.443367004394531250e-01
5.620044469833374023e-01
4.633717536926269531e-01
5.906002521514892578e-01
5.337863564491271973e-01
5.860744118690490723e-01
6.499214768409729004e-01
4.836969077587127686e-01
4.861517548561096191e-01
7.186331748962402344e-01
5.249751806259155273e-01
5.622458457946777344e-01
5.919937491416931152e-01
6.174607276916503906e-01
5.660632848739624023e-01
5.542302131652832031e-01
4.909005761146545410e-01
5.321655869483947754e-01
5.163151621818542480e-01
5.710954666137695312e-01
5.087970495223999023e-01
6.148408651351928711e-01
5.110206604003906250e-01
6.121200323104858398e-01
5.868910551071166992e-01
6.667374968528747559e-01
5.496234893798828125e-01
5.809974670410156250e-01
6.026280522346496582e-01
5.469598174095153809e-01
4.742309153079986572e-01
6.332498788833618164e-01
5.751922130584716797e-01
6.501931548118591309e-01
5.961985588073730469e-01
5.516331195831298828e-01
5.867983698844909668e-01
6.109271049499511719e-01
7.358393073081970215e-01
5.938514471054077148e-01
5.539603233337402344e-01
5.749047994613647461e-01
5.864378213882446289e-01
5.613976716995239258e-01
6.596597433090209961e-01
6.951397657394409180e-01
5.726679563522338867e-01
5.565985441207885742e-01
5.873466134071350098e-01
7.213567495346069336e-01
5.190298557281494141e-01
4.942349791526794434e-01
5.747745037078857422e-01
6.889578104019165039e-01
4.977495074272155762e-01
6.671348214149475098e-01
6.018767356872558594e-01
7.577933669090270996e-01
5.603685379028320312e-01
5.930261611938476562e-01
7.506694793701171875e-01
6.091822385787963867e-01
7.085154056549072266e-01
5.292546749114990234e-01
4.841162860393524170e-01
5.413684844970703125e-01
5.837116241455078125e-01
6.875615119934082031e-01
4.754837751388549805e-01
5.312801003456115723e-01
6.050755977630615234e-01
5.311242938041687012e-01
6.757316589355468750e-01
6.754035353660583496e-01
5.890532732009887695e-01
5.804497003555297852e-01
5.446529388427734375e-01
5.354292988777160645e-01
5.612318515777587891e-01
6.554820537567138672e-01
6.132013797760009766e-01
5.039672851562500000e-01
6.374570131301879883e-01
5.696457624435424805e-01
5.669677257537841797e-01
4.852123260498046875e-01
5.311511754989624023e-01
6.654025316238403320e-01
5.062698721885681152e-01
6.662341356277465820e-01
6.112298369407653809e-01
7.134124636650085449e-01
6.084895133972167969e-01
5.911265611648559570e-01
5.916310548782348633e-01
5.933245420455932617e-01
5.743717551231384277e-01
5.595880746841430664e-01
4.745030701160430908e-01
6.446314454078674316e-01
5.279670953750610352e-01
6.477174162864685059e-01
6.645507812500000000e-01
5.513923168182373047e-01
6.219969987869262695e-01
6.924376487731933594e-01
5.940827131271362305e-01
5.654567480087280273e-01
6.112440824508666992e-01
6.271644830703735352e-01
5.306091308593750000e-01
6.063193082809448242e-01
6.528739333152770996e-01
5.597962141036987305e-01
5.577271580696105957e-01
5.014045834541320801e-01
5.233087539672851562e-01
5.938663482666015625e-01
5.403281450271606445e-01
7.043837308883666992e-01
6.395772099494934082e-01
6.526338458061218262e-01
6.642121076583862305e-01
6.975052356719970703e-01
6.214523911476135254e-01
5.066964626312255859e-01
6.673884391784667969e-01
5.416458845138549805e-01
6.050381660461425781e-01
4.560303092002868652e-01
5.250198841094970703e-01
6.352453231811523438e-01
4.643794298171997070e-01
6.210284233093261719e-01
5.892958045005798340e-01
5.977164506912231445e-01
4.404546618461608887e-01
5.360953807830810547e-01
5.928750038146972656e-01
6.669744849205017090e-01
6.070165038108825684e-01
5.285364389419555664e-01
5.976741313934326172e-01
6.258789896965026855e-01
7.554587125778198242e-01
5.124481916427612305e-01
4.971181154251098633e-01
6.165123581886291504e-01
6.085236072540283203e-01
6.048938035964965820e-01
6.088777780532836914e-01
5.659459829330444336e-01
5.562801361083984375e-01
5.414298176765441895e-01
6.524521112442016602e-01
4.745124280452728271e-01
6.836009025573730469e-01
6.870716810226440430e-01
7.043061256408691406e-01
7.054227590560913086e-01
6.217635273933410645e-01
6.199947595596313477e-01
6.396476030349731445e-01
5.710812211036682129e-01
5.597684383392333984e-01
5.498309731483459473e-01
5.748474001884460449e-01
5.798686742782592773e-01
5.132743120193481445e-01
4.730432331562042236e-01
6.234527826309204102e-01
6.323269605636596680e-01
5.280035734176635742e-01
5.554281473159790039e-01
5.297453403472900391e-01
6.236404776573181152e-01
5.951119065284729004e-01
6.035687327384948730e-01
6.043751239776611328e-01
6.209645271301269531e-01
5.629799962043762207e-01
5.905797481536865234e-01
6.608506441116333008e-01
6.120470762252807617e-01
5.666981935501098633e-01
6.568814516067504883e-01
7.371802926063537598e-01
8.199012875556945801e-01
5.899420380592346191e-01
5.737418532371520996e-01
5.289351940155029297e-01
4.894229173660278320e-01
6.633871197700500488e-01
7.033399343490600586e-01
4.174461662769317627e-01
4.430882930755615234e-01
5.006760358810424805e-01
5.847339034080505371e-01
5.394864678382873535e-01
4.863285720348358154e-01
5.080900192260742188e-01
5.835425853729248047e-01
4.813446700572967529e-01
4.097049832344055176e-01
4.729508459568023682e-01
5.885999798774719238e-01
5.677149295806884766e-01
6.484518647193908691e-01
5.620770454406738281e-01
5.284346342086791992e-01
5.385348796844482422e-01
4.800717532634735107e-01
5.574260950088500977e-01
5.177045464515686035e-01
6.208153963088989258e-01
5.206608772277832031e-01
6.470770239830017090e-01
5.007915496826171875e-01
5.437829494476318359e-01
5.186531543731689453e-01
5.131794214248657227e-01
4.893848299980163574e-01
6.299996972084045410e-01
5.401154160499572754e-01
5.907005071640014648e-01
4.287651181221008301e-01
4.682050943374633789e-01
5.545244216918945312e-01
5.989451408386230469e-01
5.444586873054504395e-01
5.719242095947265625e-01
5.499004721641540527e-01
5.645436048507690430e-01
5.347557067871093750e-01
4.670724570751190186e-01
5.196469426155090332e-01
6.031719446182250977e-01
5.232698321342468262e-01
5.716944336891174316e-01
5.774782299995422363e-01
5.433534383773803711e-01
6.104707121849060059e-01
5.670820474624633789e-01
4.297646880149841309e-01
5.413982868194580078e-01
6.429538726806640625e-01
6.421880722045898438e-01
4.780017435550689697e-01
4.833878874778747559e-01
6.079615950584411621e-01
6.009030342102050781e-01
5.964157581329345703e-01
4.934767186641693115e-01
4.958391189575195312e-01
4.712288379669189453e-01
5.318514108657836914e-01
5.654938817024230957e-01
5.569323301315307617e-01
6.165007352828979492e-01
5.553741455078125000e-01
5.631251335144042969e-01
6.279851198196411133e-01
5.415705442428588867e-01
6.044732332229614258e-01
5.442028045654296875e-01
5.751584768295288086e-01
4.935876131057739258e-01
5.933166742324829102e-01
5.575461983680725098e-01
5.070050954818725586e-01
8.723391294479370117e-01
6.142653226852416992e-01
5.245256423950195312e-01
6.070274710655212402e-01
4.553626775741577148e-01
5.073717832565307617e-01
4.306837320327758789e-01
6.016448140144348145e-01
5.489934086799621582e-01
4.843827188014984131e-01
5.297379493713378906e-01
5.593605637550354004e-01
5.562295317649841309e-01
5.775769948959350586e-01
5.763379335403442383e-01
4.855947494506835938e-01
5.294454097747802734e-01
5.604549050331115723e-01
4.499453306198120117e-01
4.795163869857788086e-01
6.125560998916625977e-01
5.553029179573059082e-01
5.397595763206481934e-01
4.533643722534179688e-01
4.868480265140533447e-01
5.678005814552307129e-01
6.225049495697021484e-01
4.775223433971405029e-01
4.255943596363067627e-01
4.622486233711242676e-01
5.567271709442138672e-01
6.116183996200561523e-01
5.508249402046203613e-01
5.733259916305541992e-01
6.551198363304138184e-01
5.759343504905700684e-01
5.222518444061279297e-01
6.041884422302246094e-01
5.427470207214355469e-01
6.365533471107482910e-01
5.537882447242736816e-01
5.861408114433288574e-01
5.875268578529357910e-01
4.587723910808563232e-01
4.471865296363830566e-01
5.862764120101928711e-01
5.203491449356079102e-01
5.401121973991394043e-01
6.448096632957458496e-01
6.856068372726440430e-01
4.750386178493499756e-01
5.376185774803161621e-01
5.206291675567626953e-01
6.292853355407714844e-01
5.712205767631530762e-01
6.083614826202392578e-01
4.777998328208923340e-01
5.590085983276367188e-01
5.393409729003906250e-01
5.039952993392944336e-01
6.624499559402465820e-01
4.938963353633880615e-01
7.396271228790283203e-01
5.159029960632324219e-01
5.302211642265319824e-01
5.012863874435424805e-01
4.998580217361450195e-01
5.415813922882080078e-01
4.920817315578460693e-01
5.508671998977661133e-01
5.773110389709472656e-01
5.681119561195373535e-01
5.767060518264770508e-01
5.577949285507202148e-01
4.913399517536163330e-01
5.145974755287170410e-01
5.150575041770935059e-01
7.581561803817749023e-01
5.789936780929565430e-01
5.486994981765747070e-01
5.840098857879638672e-01
5.292932987213134766e-01
4.710386395454406738e-01
6.018919348716735840e-01
5.413053035736083984e-01
5.968172550201416016e-01
5.719112157821655273e-01
5.875695943832397461e-01
6.023167371749877930e-01
5.524369478225708008e-01
4.943404793739318848e-01
5.698705911636352539e-01
5.134853124618530273e-01
6.369548439979553223e-01
5.810655355453491211e-01
6.196975708007812500e-01
5.880781412124633789e-01
5.846517086029052734e-01
5.426460504531860352e-01
6.539412140846252441e-01
5.637899637222290039e-01
4.718675911426544189e-01
6.590194702148437500e-01
6.034355759620666504e-01
5.995847582817077637e-01
6.268863677978515625e-01
5.441193580627441406e-01
5.324689149856567383e-01
5.023423433303833008e-01
5.431525111198425293e-01
5.339238643646240234e-01
6.649950742721557617e-01
5.884168148040771484e-01
5.046693086624145508e-01
5.602794289588928223e-01
5.250033736228942871e-01
5.230357646942138672e-01
5.718448758125305176e-01
4.473511576652526855e-01
6.119842529296875000e-01
5.523872375488281250e-01
6.129955649375915527e-01
4.834555089473724365e-01
5.886534452438354492e-01
6.605587005615234375e-01
6.175209283828735352e-01
5.766140222549438477e-01
5.044654607772827148e-01
7.629913091659545898e-01
6.128271222114562988e-01
6.199609041213989258e-01
5.659099221229553223e-01
6.287267208099365234e-01
6.152588129043579102e-01
6.783419251441955566e-01
5.430772304534912109e-01
4.930605292320251465e-01
5.966180562973022461e-01
4.743198156356811523e-01
6.731585860252380371e-01
7.023228406906127930e-01
5.558516979217529297e-01
5.149226188659667969e-01
5.412437319755554199e-01
6.078097224235534668e-01
5.606403946876525879e-01
5.792379379272460938e-01
5.803368091583251953e-01
5.111865401268005371e-01
5.754128694534301758e-01
6.318413019180297852e-01
5.413720607757568359e-01
5.217292308807373047e-01
5.481903553009033203e-01
5.576998591423034668e-01
6.009632349014282227e-01
5.787391662597656250e-01
6.304191350936889648e-01
6.683241724967956543e-01
5.892680883407592773e-01
6.359698772430419922e-01
5.636714696884155273e-01
6.879489421844482422e-01
5.895000696182250977e-01
5.986454486846923828e-01
5.562562942504882812e-01
5.597473382949829102e-01
5.893294215202331543e-01
6.558917760848999023e-01
4.339494109153747559e-01
5.945934057235717773e-01
5.338302254676818848e-01
5.572758316993713379e-01
5.516877770423889160e-01
5.109479427337646484e-01
5.989204645156860352e-01
5.829974412918090820e-01
5.268098115921020508e-01
5.219409465789794922e-01
4.821931719779968262e-01
5.806667804718017578e-01
5.872802138328552246e-01
6.424351930618286133e-01
5.961607694625854492e-01
4.888704419136047363e-01
4.659748673439025879e-01
6.077906489372253418e-01
6.488075256347656250e-01
4.993720650672912598e-01
5.219701528549194336e-01
5.655696392059326172e-01
5.782418847084045410e-01
5.088337063789367676e-01
6.282105445861816406e-01
5.836504697799682617e-01
5.572271943092346191e-01
4.408466815948486328e-01
5.580603480339050293e-01
5.636031031608581543e-01
6.211717128753662109e-01
6.453419923782348633e-01
6.175832748413085938e-01
5.982027053833007812e-01
5.945335626602172852e-01
5.504726171493530273e-01
4.799398183822631836e-01
6.020981669425964355e-01
5.109606385231018066e-01
5.974849462509155273e-01
6.526213288307189941e-01
6.118496656417846680e-01
5.685835480690002441e-01
4.623783230781555176e-01
6.488409042358398438e-01
5.485523939132690430e-01
5.953723192214965820e-01
4.967322349548339844e-01
5.662541985511779785e-01
5.451534986495971680e-01
5.197498798370361328e-01
6.304470896720886230e-01
5.989681482315063477e-01
6.459233760833740234e-01
4.448967874050140381e-01
6.781892180442810059e-01
5.807023048400878906e-01
6.085485219955444336e-01
5.683856606483459473e-01
5.152902007102966309e-01
6.408500671386718750e-01
6.849114894866943359e-01
5.161371231079101562e-01
5.910753607749938965e-01
6.414371728897094727e-01
5.188114643096923828e-01
5.628321766853332520e-01
5.827889442443847656e-01
6.479986906051635742e-01
6.347665786743164062e-01
6.146557331085205078e-01
6.387745141983032227e-01
5.347349643707275391e-01
5.063031315803527832e-01
4.593523740768432617e-01
5.336017608642578125e-01
6.019976139068603516e-01
6.695843338966369629e-01
5.341886281967163086e-01
6.296204328536987305e-01
7.147420644760131836e-01
6.251868009567260742e-01
5.632492303848266602e-01
5.274280905723571777e-01
5.647441148757934570e-01
5.090200901031494141e-01
6.232736110687255859e-01
5.612958669662475586e-01
6.313620209693908691e-01
5.321444869041442871e-01
4.357074499130249023e-01
6.844050884246826172e-01
5.497533679008483887e-01
5.517783761024475098e-01
6.482683420181274414e-01
5.220429301261901855e-01
6.552452445030212402e-01
5.915633440017700195e-01
4.657701253890991211e-01
6.150818467140197754e-01
6.875292062759399414e-01
5.268493294715881348e-01
5.761308670043945312e-01
6.273003220558166504e-01
6.079062223434448242e-01
4.609673619270324707e-01
6.485450267791748047e-01
6.014067530632019043e-01
6.871960163116455078e-01
5.057073831558227539e-01
5.018196105957031250e-01
5.356070995330810547e-01
4.337983727455139160e-01
5.545622110366821289e-01
5.599951148033142090e-01
4.516247212886810303e-01
5.619705915451049805e-01
5.254331827163696289e-01
5.821832418441772461e-01
5.110270977020263672e-01
5.200079679489135742e-01
3.740313053131103516e-01
4.673228859901428223e-01
5.569495558738708496e-01
4.888748526573181152e-01
5.885900855064392090e-01
5.713396072387695312e-01
4.962633550167083740e-01
4.711612761020660400e-01
4.450913071632385254e-01
4.369024038314819336e-01
5.477423071861267090e-01
5.392529964447021484e-01
4.819308817386627197e-01
4.562230408191680908e-01
4.532143473625183105e-01
5.308415293693542480e-01
5.386956334114074707e-01
5.574334263801574707e-01
5.640590190887451172e-01
5.772626399993896484e-01
4.873165190219879150e-01
5.797615647315979004e-01
6.556485295295715332e-01
4.568671584129333496e-01
6.301161050796508789e-01
4.861473143100738525e-01
4.717624187469482422e-01
5.412619113922119141e-01
6.177605390548706055e-01
4.813222289085388184e-01
3.867928683757781982e-01
6.049847602844238281e-01
5.275893211364746094e-01
4.442332983016967773e-01
5.142719745635986328e-01
3.982868194580078125e-01
5.160760283470153809e-01
5.455676317214965820e-01
5.100629925727844238e-01
5.044642090797424316e-01
4.941828846931457520e-01
5.398491621017456055e-01
5.178219079971313477e-01
4.847216010093688965e-01
6.020573377609252930e-01
5.101088881492614746e-01
5.029002428054809570e-01
5.026698112487792969e-01
4.646766781806945801e-01
4.763019680976867676e-01
5.361648797988891602e-01
5.570739507675170898e-01
5.090238451957702637e-01
5.396103262901306152e-01
6.514534354209899902e-01
5.638132691383361816e-01
6.421668529510498047e-01
5.468373298645019531e-01
4.885920882225036621e-01
5.195652842521667480e-01
5.113455057144165039e-01
5.198522806167602539e-01
5.090286731719970703e-01
5.405043959617614746e-01
5.163309574127197266e-01
4.665722548961639404e-01
5.198208689689636230e-01
4.606295228004455566e-01
5.142870545387268066e-01
6.712224483489990234e-01
6.601312160491943359e-01
4.630144238471984863e-01
5.563519001007080078e-01
5.291368365287780762e-01
6.482484340667724609e-01
7.081604003906250000e-01
4.733254015445709229e-01
5.055041909217834473e-01
6.295205354690551758e-01
5.159502625465393066e-01
4.533585906028747559e-01
5.191123485565185547e-01
4.886869788169860840e-01
5.292320847511291504e-01
4.534646272659301758e-01
4.883075952529907227e-01
5.855827927589416504e-01
6.645586490631103516e-01
6.863207221031188965e-01
5.168312788009643555e-01
4.937406778335571289e-01
5.638499259948730469e-01
4.846353530883789062e-01
4.383959174156188965e-01
5.526596307754516602e-01
5.256444215774536133e-01
5.367351770401000977e-01
4.783082008361816406e-01
5.619323849678039551e-01
5.275511741638183594e-01
5.720213651657104492e-01
5.166636705398559570e-01
6.273125410079956055e-01
5.376251339912414551e-01
5.927281379699707031e-01
4.574182331562042236e-01
5.730334520339965820e-01
5.426242351531982422e-01
4.845641255378723145e-01
5.507984161376953125e-01
4.346452355384826660e-01
5.138614177703857422e-01
6.204224228858947754e-01
5.004094839096069336e-01
5.529651045799255371e-01
5.996631979942321777e-01
4.699814021587371826e-01
5.572348237037658691e-01
6.060408353805541992e-01
5.205246210098266602e-01
5.404267907142639160e-01
5.050780773162841797e-01
4.803167879581451416e-01
5.685478448867797852e-01
5.953798294067382812e-01
5.589798688888549805e-01
6.410608291625976562e-01
5.702869892120361328e-01
5.614700317382812500e-01
4.736517071723937988e-01
5.535401701927185059e-01
6.589048504829406738e-01
6.047312021255493164e-01
4.376459121704101562e-01
4.977647364139556885e-01
5.377386808395385742e-01
6.161468029022216797e-01
5.572372078895568848e-01
5.918301343917846680e-01
6.018804311752319336e-01
6.140773296356201172e-01
6.553404331207275391e-01
4.689257144927978516e-01
5.751543641090393066e-01
3.806723356246948242e-01
5.408915281295776367e-01
6.089171171188354492e-01
5.815460681915283203e-01
5.311210155487060547e-01
5.186603069305419922e-01
5.257816314697265625e-01
5.760465860366821289e-01
5.777012705802917480e-01
4.920918941497802734e-01
6.199606657028198242e-01
6.095336675643920898e-01
6.858697533607482910e-01
7.866767048835754395e-01
5.717123150825500488e-01
5.294940471649169922e-01
5.499016046524047852e-01
6.416600942611694336e-01
5.098595023155212402e-01
5.445492267608642578e-01
5.997409224510192871e-01
5.738301873207092285e-01
5.578765869140625000e-01
7.545987367630004883e-01
5.361389517784118652e-01
5.280353426933288574e-01
6.102956533432006836e-01
6.234257221221923828e-01
6.058748960494995117e-01
5.964108705520629883e-01
5.252426862716674805e-01
5.146752595901489258e-01
5.378711223602294922e-01
4.722923636436462402e-01
4.963236749172210693e-01
5.648964643478393555e-01
6.129879951477050781e-01
5.631666183471679688e-01
5.389548540115356445e-01
5.553159713745117188e-01
5.272864103317260742e-01
4.538567364215850830e-01
4.606375396251678467e-01
5.219612121582031250e-01
4.960333108901977539e-01
5.640197992324829102e-01
4.953841567039489746e-01
5.899177193641662598e-01
6.936389207839965820e-01
5.652288794517517090e-01
6.182425022125244141e-01
4.680735468864440918e-01
7.149417400360107422e-01
5.269111394882202148e-01
5.936615467071533203e-01
6.197438240051269531e-01
6.830315589904785156e-01
5.406745672225952148e-01
5.555618405342102051e-01
5.660625100135803223e-01
5.202776193618774414e-01
5.386237502098083496e-01
3.994522392749786377e-01
4.813148081302642822e-01
5.086126327514648438e-01
5.628674030303955078e-01
5.144140720367431641e-01
4.955891668796539307e-01
5.294120311737060547e-01
6.543244123458862305e-01
5.834349393844604492e-01
6.101679801940917969e-01
5.682523250579833984e-01
5.618884563446044922e-01
4.911442399024963379e-01
5.420769453048706055e-01
4.986204504966735840e-01
4.638912379741668701e-01
5.016194581985473633e-01
5.092821121215820312e-01
7.147282361984252930e-01
5.392507314682006836e-01
6.003485918045043945e-01
5.086393952369689941e-01
5.269266963005065918e-01
5.700535774230957031e-01
5.993919372558593750e-01
4.495992362499237061e-01
6.084487438201904297e-01
5.624665617942810059e-01
4.795843362808227539e-01
4.869467318058013916e-01
6.969672441482543945e-01
6.020231246948242188e-01
4.928377270698547363e-01
4.438114464282989502e-01
5.172855854034423828e-01
5.634757876396179199e-01
5.814945697784423828e-01
4.680390059947967529e-01
4.478955864906311035e-01
5.742302536964416504e-01
5.025328397750854492e-01
5.295473337173461914e-01
5.757347345352172852e-01
6.420651674270629883e-01
5.511988401412963867e-01
5.923326015472412109e-01
5.551972389221191406e-01
5.942378044128417969e-01
5.988398790359497070e-01
5.009231567382812500e-01
5.221173167228698730e-01
4.936231374740600586e-01
5.405609607696533203e-01
6.716518998146057129e-01
6.422591209411621094e-01
4.840174317359924316e-01
5.971448421478271484e-01
6.580563783645629883e-01
5.873235464096069336e-01
5.561931729316711426e-01
5.990707874298095703e-01
6.726938486099243164e-01
6.235244274139404297e-01
4.650967121124267578e-01
5.247179269790649414e-01
6.681011319160461426e-01
6.164398789405822754e-01
5.584568381309509277e-01
6.576287746429443359e-01
6.133193373680114746e-01
5.475084185600280762e-01
4.680448770523071289e-01
6.315681338310241699e-01
5.470220446586608887e-01
5.905876755714416504e-01
4.103553891181945801e-01
6.696069240570068359e-01
5.610327720642089844e-01
5.230690836906433105e-01
5.754625797271728516e-01
6.393841505050659180e-01
5.064108371734619141e-01
5.434297919273376465e-01
6.267349123954772949e-01
6.975561380386352539e-01
5.638171434402465820e-01
5.071449279785156250e-01
5.203847885131835938e-01
6.011496782302856445e-01
4.782224893569946289e-01
5.695514678955078125e-01
4.675285518169403076e-01
5.588790178298950195e-01
5.942156314849853516e-01
5.709038972854614258e-01
7.077819108963012695e-01
6.426393389701843262e-01
6.155692338943481445e-01
4.434612095355987549e-01
6.110120415687561035e-01
6.171197891235351562e-01
6.328057646751403809e-01
5.682113766670227051e-01
6.304839253425598145e-01
4.900625050067901611e-01
5.101006031036376953e-01
5.968821048736572266e-01
4.581939280033111572e-01
6.127098798751831055e-01
5.949563980102539062e-01
5.165483951568603516e-01
5.958005189895629883e-01
5.446214079856872559e-01
6.351056098937988281e-01
6.342021822929382324e-01
6.881237626075744629e-01
5.749843120574951172e-01
5.808361768722534180e-01
4.813193380832672119e-01
4.984980821609497070e-01
5.507245063781738281e-01
6.076967716217041016e-01
5.430675745010375977e-01
5.714420080184936523e-01
5.357164740562438965e-01
4.816609621047973633e-01
5.013844370841979980e-01
6.280490756034851074e-01
5.038691163063049316e-01
5.059154033660888672e-01
6.371817588806152344e-01
6.145418882369995117e-01
5.405682325363159180e-01
6.294434666633605957e-01
5.865206718444824219e-01
4.756156504154205322e-01
5.307357311248779297e-01
4.951627552509307861e-01
4.868174791336059570e-01
5.253377556800842285e-01
5.085428357124328613e-01
4.605657756328582764e-01
5.902943611145019531e-01
5.623104572296142578e-01
5.055111646652221680e-01
4.492612779140472412e-01
4.103865027427673340e-01
4.729496836662292480e-01
5.299723744392395020e-01
5.818347930908203125e-01
5.514687895774841309e-01
4.852455258369445801e-01
5.100175738334655762e-01
5.191839933395385742e-01
5.320856571197509766e-01
5.486505031585693359e-01
6.672784090042114258e-01
5.138596296310424805e-01
5.345779657363891602e-01
5.199630856513977051e-01
5.140841007232666016e-01
4.808330833911895752e-01
6.081976890563964844e-01
5.727831125259399414e-01
4.059725999832153320e-01
5.851144790649414062e-01
5.882483720779418945e-01
4.252357184886932373e-01
5.465377569198608398e-01
4.742367565631866455e-01
5.498570799827575684e-01
4.332081675529479980e-01
6.193859577178955078e-01
6.548890471458435059e-01
6.088201999664306641e-01
5.767222046852111816e-01
4.354641437530517578e-01
5.606473684310913086e-01
4.776564836502075195e-01
5.370697975158691406e-01
5.965821146965026855e-01
4.693050980567932129e-01
5.824396014213562012e-01
4.395984709262847900e-01
5.376316905021667480e-01
5.321783423423767090e-01
4.980009496212005615e-01
6.077317595481872559e-01
6.721792221069335938e-01
5.683233141899108887e-01
4.416063129901885986e-01
6.099755764007568359e-01
5.003473758697509766e-01
4.512868225574493408e-01
4.698890447616577148e-01
5.234606862068176270e-01
4.477764666080474854e-01
5.080308914184570312e-01
4.926403164863586426e-01
4.526794254779815674e-01
4.580065310001373291e-01
4.421834349632263184e-01
4.810989797115325928e-01
4.844353497028350830e-01
5.236698389053344727e-01
5.914684534072875977e-01
4.702962934970855713e-01
6.162707209587097168e-01
4.644604027271270752e-01
4.515985250473022461e-01
5.015166997909545898e-01
5.997316837310791016e-01
4.256197214126586914e-01
4.619872570037841797e-01
5.144801139831542969e-01
4.572269916534423828e-01
4.632640182971954346e-01
5.238492488861083984e-01
5.255765318870544434e-01
5.222826600074768066e-01
6.052339673042297363e-01
5.663095712661743164e-01
5.376174449920654297e-01
5.353455543518066406e-01
4.015987515449523926e-01
5.503658056259155273e-01
4.785684943199157715e-01
4.886382818222045898e-01
5.599305033683776855e-01
4.363328516483306885e-01
5.335159301757812500e-01
6.136659383773803711e-01
5.384412407875061035e-01
5.556626319885253906e-01
4.330950081348419189e-01
5.507925152778625488e-01
5.682246685028076172e-01
5.404243469238281250e-01
5.112254023551940918e-01
5.138117074966430664e-01
5.494822263717651367e-01
5.121323466300964355e-01
5.276298522949218750e-01
5.655889511108398438e-01
5.636685490608215332e-01
6.104468107223510742e-01
4.959565401077270508e-01
5.264929533004760742e-01
4.854561984539031982e-01
6.401959657669067383e-01
4.662581086158752441e-01
5.729806423187255859e-01
6.371458172798156738e-01
4.443937838077545166e-01
4.580503702163696289e-01
4.851101040840148926e-01
6.194330453872680664e-01
4.625722169876098633e-01
5.366926193237304688e-01
6.456320285797119141e-01
4.949833452701568604e-01
5.951148271560668945e-01
5.487578511238098145e-01
4.328456521034240723e-01
4.978747069835662842e-01
6.030085086822509766e-01
5.373058319091796875e-01
4.976498186588287354e-01
3.897920250892639160e-01
5.705428719520568848e-01
5.676721334457397461e-01
5.920250415802001953e-01
5.518398284912109375e-01
5.509467124938964844e-01
5.821822285652160645e-01
4.663688540458679199e-01
5.242961049079895020e-01
4.750948548316955566e-01
5.368379354476928711e-01
4.971928298473358154e-01
4.833261072635650635e-01
5.196802020072937012e-01
5.863963365554809570e-01
5.425241589546203613e-01
5.558989048004150391e-01
5.769292116165161133e-01
5.424003601074218750e-01
4.264176487922668457e-01
5.751821994781494141e-01
5.423510074615478516e-01
5.500162839889526367e-01
4.942736923694610596e-01
5.752638578414916992e-01
5.859776735305786133e-01
6.515468955039978027e-01
5.995966792106628418e-01
5.200821757316589355e-01
4.540365934371948242e-01
5.030142068862915039e-01
4.369699358940124512e-01
4.417898058891296387e-01
5.292271971702575684e-01
5.203233957290649414e-01
5.294563770294189453e-01
5.189321041107177734e-01
4.586277604103088379e-01
5.519819259643554688e-01
5.533240437507629395e-01
5.107086896896362305e-01
5.990091562271118164e-01
5.214639902114868164e-01
6.502704620361328125e-01
5.625228285789489746e-01
5.063920617103576660e-01
5.346848964691162109e-01
4.738957881927490234e-01
6.185598373413085938e-01
5.437050461769104004e-01
4.376675486564636230e-01
5.666366219520568848e-01
5.177529454231262207e-01
5.065745711326599121e-01
6.565580368041992188e-01
5.329961776733398438e-01
4.032359719276428223e-01
5.619891285896301270e-01
4.232857525348663330e-01
5.746921300888061523e-01
4.395116567611694336e-01
5.131514668464660645e-01
5.177739262580871582e-01
4.627366960048675537e-01
5.458979010581970215e-01
4.873681664466857910e-01
5.064266920089721680e-01
5.173128843307495117e-01
5.261477231979370117e-01
5.102680325508117676e-01
5.096762180328369141e-01
4.662742316722869873e-01
4.508434832096099854e-01
5.070748925209045410e-01
4.528822898864746094e-01
4.950663447380065918e-01
5.905755758285522461e-01
6.671206951141357422e-01
5.705903768539428711e-01
5.887289047241210938e-01
5.867555141448974609e-01
5.289172530174255371e-01
4.843032956123352051e-01
5.143762230873107910e-01
5.616325139999389648e-01
5.498517751693725586e-01
6.458682417869567871e-01
5.170135498046875000e-01
5.964776277542114258e-01
5.208654403686523438e-01
5.339110493659973145e-01
5.593332648277282715e-01
5.747556686401367188e-01
6.128225326538085938e-01
5.679826140403747559e-01
5.933233499526977539e-01
5.308648347854614258e-01
6.464664936065673828e-01
6.017370820045471191e-01
5.253902077674865723e-01
5.185097455978393555e-01
4.550236463546752930e-01
5.316504836082458496e-01
5.840104222297668457e-01
5.671269893646240234e-01
5.948119759559631348e-01
4.792214632034301758e-01
4.689897596836090088e-01
5.408207178115844727e-01
6.285483241081237793e-01
5.256065726280212402e-01
5.174673795700073242e-01
5.820903778076171875e-01
5.840826034545898438e-01
5.062350034713745117e-01
4.602396488189697266e-01
5.225757360458374023e-01
5.062555074691772461e-01
5.257357954978942871e-01
5.032382011413574219e-01
5.494765043258666992e-01
5.420481562614440918e-01
4.395650029182434082e-01
6.627852916717529297e-01
4.988801479339599609e-01
5.355072021484375000e-01
5.790973305702209473e-01
5.334863662719726562e-01
6.631581783294677734e-01
5.797654390335083008e-01
4.282021522521972656e-01
7.072896361351013184e-01
5.501475930213928223e-01
5.269372463226318359e-01
5.795102119445800781e-01
6.235044002532958984e-01
4.973537921905517578e-01
4.556723237037658691e-01
5.288800001144409180e-01
5.858688354492187500e-01
6.004905700683593750e-01
5.400605201721191406e-01
4.720091819763183594e-01
5.911414623260498047e-01
4.585595428943634033e-01
5.828299522399902344e-01
6.147214174270629883e-01
5.551254153251647949e-01
5.713723897933959961e-01
5.662499666213989258e-01
5.645186305046081543e-01
4.947141110897064209e-01
5.696303248405456543e-01
4.883576631546020508e-01
5.494688749313354492e-01
4.617632031440734863e-01
6.344969272613525391e-01
5.483903288841247559e-01
4.741149544715881348e-01
5.518527030944824219e-01
5.939941406250000000e-01
6.808089613914489746e-01
5.623098015785217285e-01
6.282529830932617188e-01
5.275366306304931641e-01
5.372590422630310059e-01
4.045997560024261475e-01
6.482108235359191895e-01
5.740338563919067383e-01
5.489104986190795898e-01
6.201413869857788086e-01
6.299371123313903809e-01
4.873895049095153809e-01
6.069914102554321289e-01
5.771198868751525879e-01
5.701762437820434570e-01
5.099366903305053711e-01
5.098678469657897949e-01
5.087828636169433594e-01
5.035531520843505859e-01
5.047391057014465332e-01
5.979334115982055664e-01
4.797407388687133789e-01
6.508625745773315430e-01
5.152760148048400879e-01
6.787505149841308594e-01
4.530420899391174316e-01
5.683860778808593750e-01
5.383036136627197266e-01
4.298105239868164062e-01
5.137684345245361328e-01
5.404320359230041504e-01
4.658992290496826172e-01
5.552548766136169434e-01
7.317822575569152832e-01
4.261754155158996582e-01
5.583531856536865234e-01
6.457077860832214355e-01
4.962782859802246094e-01
5.988547801971435547e-01
6.285724639892578125e-01
6.507332921028137207e-01
5.916913747787475586e-01
5.362678766250610352e-01
6.491541862487792969e-01
7.077765464782714844e-01
5.824747085571289062e-01
5.420155525207519531e-01
8.091581463813781738e-01
5.876191258430480957e-01
5.254178047180175781e-01
4.933556616306304932e-01
5.199466943740844727e-01
6.355528831481933594e-01
5.603718757629394531e-01
5.771978497505187988e-01
5.339363813400268555e-01
6.371863484382629395e-01
4.764203429222106934e-01
5.411019921302795410e-01
5.460344552993774414e-01
6.213440299034118652e-01
5.097767114639282227e-01
6.531983613967895508e-01
6.366420984268188477e-01
