1.275898170471191406e+01
1.371604537963867188e+01
1.372984313964843750e+01
1.325060462951660156e+01
1.306945800781250000e+01
1.349599838256835938e+01
1.302523612976074219e+01
1.220876789093017578e+01
1.274649429321289062e+01
1.302232551574707031e+01
1.182916927337646484e+01
1.161184310913085938e+01
1.136361312866210938e+01
1.119161605834960938e+01
1.005042457580566406e+01
1.101135826110839844e+01
1.018566703796386719e+01
1.017178344726562500e+01
9.012478828430175781e+00
8.448148727416992188e+00
8.480234146118164062e+00
7.213281154632568359e+00
6.127422332763671875e+00
5.766693592071533203e+00
5.298595428466796875e+00
4.196314334869384766e+00
3.741598367691040039e+00
3.295042753219604492e+00
2.757351875305175781e+00
2.451192855834960938e+00
1.902307271957397461e+00
1.974400043487548828e+00
1.760404348373413086e+00
1.973165035247802734e+00
1.718080163002014160e+00
2.003896713256835938e+00
2.231063842773437500e+00
2.084811449050903320e+00
2.341443538665771484e+00
2.411691665649414062e+00
2.280204296112060547e+00
2.079395771026611328e+00
2.109451532363891602e+00
1.852949976921081543e+00
1.457202196121215820e+00
1.296120643615722656e+00
1.274913907051086426e+00
1.430361986160278320e+00
1.364300251007080078e+00
1.427672743797302246e+00
1.223463296890258789e+00
1.323339700698852539e+00
1.452179074287414551e+00
1.423473477363586426e+00
1.269296526908874512e+00
1.314372301101684570e+00
1.585342407226562500e+00
1.119296550750732422e+00
1.585317134857177734e+00
1.223502159118652344e+00
1.292129516601562500e+00
1.148035168647766113e+00
1.147323131561279297e+00
1.121091842651367188e+00
1.122923016548156738e+00
9.780118465423583984e-01
1.024353742599487305e+00
1.025044918060302734e+00
1.134472250938415527e+00
1.046845912933349609e+00
9.404095411300659180e-01
9.017677307128906250e-01
1.141573190689086914e+00
1.199115991592407227e+00
1.048696875572204590e+00
1.167491197586059570e+00
1.139127969741821289e+00
9.793845415115356445e-01
1.003127098083496094e+00
1.006226062774658203e+00
8.517205715179443359e-01
1.023991346359252930e+00
9.112416505813598633e-01
9.839673042297363281e-01
1.023107886314392090e+00
1.066583275794982910e+00
9.879420995712280273e-01
9.380316138267517090e-01
9.746966361999511719e-01
9.224054217338562012e-01
1.206854820251464844e+00
8.918057680130004883e-01
9.016187191009521484e-01
9.609581232070922852e-01
9.978184700012207031e-01
9.691822528839111328e-01
7.532387971878051758e-01
1.073426723480224609e+00
8.756079077720642090e-01
9.370089173316955566e-01
9.750331640243530273e-01
7.917240262031555176e-01
8.592258095741271973e-01
1.072560429573059082e+00
9.866447448730468750e-01
9.415623545646667480e-01
1.016627073287963867e+00
8.855444192886352539e-01
9.628347158432006836e-01
9.509358406066894531e-01
9.052701592445373535e-01
9.284474253654479980e-01
8.046306371688842773e-01
7.935985326766967773e-01
8.871178030967712402e-01
9.698634147644042969e-01
9.208665490150451660e-01
8.824438452720642090e-01
9.164360761642456055e-01
9.215047359466552734e-01
9.241853952407836914e-01
9.621713161468505859e-01
1.002722740173339844e+00
8.428362011909484863e-01
1.117148637771606445e+00
8.637708425521850586e-01
8.981781005859375000e-01
9.128172993659973145e-01
9.191917181015014648e-01
8.056930303573608398e-01
9.971194267272949219e-01
8.491620421409606934e-01
7.007220983505249023e-01
9.615709781646728516e-01
1.009747862815856934e+00
9.447363615036010742e-01
8.840789794921875000e-01
9.440687894821166992e-01
1.025885105133056641e+00
9.273050427436828613e-01
8.145534992218017578e-01
9.359680414199829102e-01
8.103159666061401367e-01
9.311013817787170410e-01
9.959298372268676758e-01
9.421776533126831055e-01
9.423223137855529785e-01
8.251012563705444336e-01
1.026103138923645020e+00
8.289806842803955078e-01
9.659072160720825195e-01
8.968458771705627441e-01
8.689947128295898438e-01
7.901079654693603516e-01
7.239125967025756836e-01
9.329872727394104004e-01
1.030540943145751953e+00
9.066692590713500977e-01
8.825543522834777832e-01
8.236079216003417969e-01
9.004578590393066406e-01
8.601757287979125977e-01
6.827312707901000977e-01
6.981430649757385254e-01
1.010628461837768555e+00
7.255357503890991211e-01
8.516718149185180664e-01
8.743902444839477539e-01
8.963408470153808594e-01
1.016358852386474609e+00
8.701097965240478516e-01
9.404882192611694336e-01
7.601232528686523438e-01
8.630085587501525879e-01
8.485794067382812500e-01
8.932635784149169922e-01
8.453153371810913086e-01
7.602884769439697266e-01
1.004458546638488770e+00
8.356489539146423340e-01
8.716386556625366211e-01
9.394464492797851562e-01
9.085789322853088379e-01
8.539908528327941895e-01
9.218518733978271484e-01
9.386476278305053711e-01
8.587720394134521484e-01
7.565914392471313477e-01
8.267444372177124023e-01
7.808663845062255859e-01
7.817295789718627930e-01
9.098185896873474121e-01
8.128228187561035156e-01
8.849002718925476074e-01
8.646639585494995117e-01
8.070627450942993164e-01
8.890337944030761719e-01
9.903639554977416992e-01
8.487443923950195312e-01
8.878718018531799316e-01
8.547670245170593262e-01
7.853156924247741699e-01
8.871520757675170898e-01
8.117693662643432617e-01
8.300544619560241699e-01
8.133327960968017578e-01
8.707289695739746094e-01
7.932897806167602539e-01
9.026044607162475586e-01
8.740184307098388672e-01
9.114511013031005859e-01
8.357001543045043945e-01
7.850277423858642578e-01
8.213477134704589844e-01
8.493256568908691406e-01
9.142807126045227051e-01
9.745621085166931152e-01
9.413482546806335449e-01
1.110962748527526855e+00
7.004783153533935547e-01
9.391216635704040527e-01
7.291299700736999512e-01
8.116729855537414551e-01
9.079984426498413086e-01
7.768943309783935547e-01
8.147623538970947266e-01
9.014191627502441406e-01
9.075611829757690430e-01
9.343410730361938477e-01
7.765358686447143555e-01
8.563984036445617676e-01
7.081429958343505859e-01
9.483537077903747559e-01
7.701528668403625488e-01
8.531600832939147949e-01
6.350467205047607422e-01
7.620706558227539062e-01
8.984537124633789062e-01
8.479236960411071777e-01
8.591811656951904297e-01
7.795140743255615234e-01
8.968710899353027344e-01
1.002663612365722656e+00
8.997162580490112305e-01
9.275244474411010742e-01
7.271334528923034668e-01
8.002206087112426758e-01
8.602832555770874023e-01
6.754935979843139648e-01
8.385246992111206055e-01
8.024395704269409180e-01
6.762824058532714844e-01
8.012686967849731445e-01
9.230349659919738770e-01
9.494280815124511719e-01
8.534520864486694336e-01
7.363598346710205078e-01
8.864413499832153320e-01
7.948873043060302734e-01
7.573941349983215332e-01
9.522465467453002930e-01
6.782001852989196777e-01
9.771140217781066895e-01
7.775399684906005859e-01
8.747478127479553223e-01
9.677271246910095215e-01
8.110164403915405273e-01
8.589575290679931641e-01
7.696919441223144531e-01
8.386337757110595703e-01
6.973420381546020508e-01
6.921328306198120117e-01
9.809166789054870605e-01
8.585051298141479492e-01
7.827800512313842773e-01
8.092727065086364746e-01
8.223723173141479492e-01
7.710235714912414551e-01
9.287955164909362793e-01
9.160492420196533203e-01
9.078351259231567383e-01
7.427799701690673828e-01
8.328464031219482422e-01
8.063204884529113770e-01
8.622812032699584961e-01
7.620823383331298828e-01
7.963796854019165039e-01
7.531799077987670898e-01
1.005116224288940430e+00
8.016942739486694336e-01
8.311365842819213867e-01
9.953899383544921875e-01
8.365849256515502930e-01
7.639085054397583008e-01
7.347351908683776855e-01
8.345741033554077148e-01
8.249418735504150391e-01
8.277719616889953613e-01
8.768191337585449219e-01
8.146954178810119629e-01
7.521407008171081543e-01
8.255138397216796875e-01
8.759808540344238281e-01
8.156455755233764648e-01
6.998839378356933594e-01
7.457686662673950195e-01
8.473311662673950195e-01
8.227034211158752441e-01
7.864217758178710938e-01
1.007343053817749023e+00
8.389450311660766602e-01
8.078055381774902344e-01
8.603066802024841309e-01
8.230243325233459473e-01
6.898772716522216797e-01
9.114345312118530273e-01
8.777934312820434570e-01
7.800769805908203125e-01
7.727286815643310547e-01
9.148886203765869141e-01
8.592836856842041016e-01
9.364783763885498047e-01
8.727558851242065430e-01
9.032510519027709961e-01
9.296494722366333008e-01
9.828997850418090820e-01
7.928229570388793945e-01
7.980796694755554199e-01
7.808390855789184570e-01
8.356192111968994141e-01
8.942133784294128418e-01
8.997316956520080566e-01
6.836835145950317383e-01
8.738986253738403320e-01
8.460162878036499023e-01
7.431189417839050293e-01
9.068484306335449219e-01
8.084894418716430664e-01
8.940623998641967773e-01
9.947636127471923828e-01
8.796948194503784180e-01
9.339377880096435547e-01
8.498338460922241211e-01
9.193499684333801270e-01
8.930636048316955566e-01
8.879107236862182617e-01
9.199335575103759766e-01
9.453916549682617188e-01
8.057160377502441406e-01
7.510905265808105469e-01
8.831356167793273926e-01
8.577129244804382324e-01
7.934682369232177734e-01
8.189709186553955078e-01
6.836612224578857422e-01
8.014244437217712402e-01
6.245021820068359375e-01
7.196097970008850098e-01
6.666147708892822266e-01
8.024675846099853516e-01
7.468359470367431641e-01
7.651300430297851562e-01
5.992476940155029297e-01
6.979197263717651367e-01
8.310636281967163086e-01
8.754245042800903320e-01
8.396576642990112305e-01
7.712494134902954102e-01
7.330080866813659668e-01
7.284241914749145508e-01
6.795261502265930176e-01
7.442958354949951172e-01
6.656292676925659180e-01
7.320878505706787109e-01
8.316625356674194336e-01
8.592284917831420898e-01
7.558079361915588379e-01
6.798117756843566895e-01
7.172892093658447266e-01
7.454627156257629395e-01
7.475634813308715820e-01
9.015462398529052734e-01
8.250013589859008789e-01
6.737840175628662109e-01
7.795937657356262207e-01
7.018774747848510742e-01
8.569356203079223633e-01
8.535802960395812988e-01
7.342397570610046387e-01
6.982256174087524414e-01
7.198740243911743164e-01
8.062956929206848145e-01
7.171652317047119141e-01
6.983903646469116211e-01
8.140696287155151367e-01
7.490499019622802734e-01
7.929996848106384277e-01
8.462684154510498047e-01
7.365304231643676758e-01
7.296121120452880859e-01
7.542947530746459961e-01
6.442073583602905273e-01
5.330179333686828613e-01
8.754652738571166992e-01
6.568948030471801758e-01
7.071948051452636719e-01
6.402713656425476074e-01
7.400563955307006836e-01
9.371446371078491211e-01
6.800625324249267578e-01
7.609960436820983887e-01
8.816112279891967773e-01
8.299578428268432617e-01
6.916511058807373047e-01
8.114278316497802734e-01
6.886221170425415039e-01
6.790943145751953125e-01
7.171667814254760742e-01
7.247173190116882324e-01
8.125174045562744141e-01
7.406700849533081055e-01
7.804479002952575684e-01
6.476279497146606445e-01
7.624531388282775879e-01
8.276253938674926758e-01
7.981261014938354492e-01
8.029583692550659180e-01
7.830205559730529785e-01
7.745110392570495605e-01
7.715556621551513672e-01
6.733891367912292480e-01
7.529147863388061523e-01
7.064431905746459961e-01
6.009105443954467773e-01
8.494355678558349609e-01
6.407185196876525879e-01
7.019909620285034180e-01
7.648702859878540039e-01
8.604930043220520020e-01
7.995119690895080566e-01
7.048104405403137207e-01
6.752481460571289062e-01
7.419171333312988281e-01
7.292664051055908203e-01
6.830595731735229492e-01
7.623176574707031250e-01
7.804553508758544922e-01
7.329016923904418945e-01
7.854691743850708008e-01
7.028615474700927734e-01
7.903603315353393555e-01
7.789430618286132812e-01
7.668102383613586426e-01
8.742063045501708984e-01
7.546610832214355469e-01
8.668189644813537598e-01
8.060994148254394531e-01
7.839621305465698242e-01
7.206134796142578125e-01
6.767923831939697266e-01
7.929783463478088379e-01
6.606051921844482422e-01
7.376152276992797852e-01
7.751720547676086426e-01
7.952371835708618164e-01
8.655571937561035156e-01
8.527104854583740234e-01
7.625626325607299805e-01
8.349006175994873047e-01
1.061286449432373047e+00
6.904228329658508301e-01
8.116888999938964844e-01
9.255812168121337891e-01
7.195864915847778320e-01
7.814559936523437500e-01
7.177745699882507324e-01
8.283469676971435547e-01
7.629430294036865234e-01
8.231831192970275879e-01
8.086856603622436523e-01
7.735133171081542969e-01
7.711468338966369629e-01
6.301324367523193359e-01
1.018508315086364746e+00
8.654445409774780273e-01
6.399316787719726562e-01
7.175453901290893555e-01
7.289099097251892090e-01
7.735893726348876953e-01
7.352835536003112793e-01
8.170635700225830078e-01
7.692415714263916016e-01
7.370786666870117188e-01
7.432190775871276855e-01
7.893204689025878906e-01
6.759350299835205078e-01
7.277289628982543945e-01
7.751201391220092773e-01
6.835719943046569824e-01
8.565629124641418457e-01
6.996074914932250977e-01
6.520751714706420898e-01
6.898306608200073242e-01
7.058382034301757812e-01
6.573662757873535156e-01
8.637168407440185547e-01
7.204523086547851562e-01
7.403053045272827148e-01
7.323517799377441406e-01
6.952737569808959961e-01
8.060871958732604980e-01
7.702670097351074219e-01
6.790076494216918945e-01
6.068527698516845703e-01
8.008903264999389648e-01
8.903862833976745605e-01
8.608809709548950195e-01
6.616029143333435059e-01
7.267566919326782227e-01
8.125132322311401367e-01
7.436788082122802734e-01
8.181241750717163086e-01
7.262197732925415039e-01
6.581400632858276367e-01
6.704067587852478027e-01
8.669732213020324707e-01
7.926908731460571289e-01
8.022472262382507324e-01
7.246816158294677734e-01
7.833951711654663086e-01
7.992203831672668457e-01
7.335276007652282715e-01
7.047346830368041992e-01
7.296962141990661621e-01
8.392533659934997559e-01
7.464402914047241211e-01
7.527502179145812988e-01
8.194982409477233887e-01
7.906438112258911133e-01
8.136322498321533203e-01
6.372333765029907227e-01
7.178331017494201660e-01
7.341699600219726562e-01
7.263936996459960938e-01
7.100566625595092773e-01
5.889062881469726562e-01
6.730339527130126953e-01
8.504313230514526367e-01
5.941522121429443359e-01
8.733353614807128906e-01
7.830394506454467773e-01
6.851122379302978516e-01
6.736813783645629883e-01
7.097225189208984375e-01
8.291474580764770508e-01
7.090728282928466797e-01
7.510054707527160645e-01
8.956244587898254395e-01
6.463418006896972656e-01
8.752526044845581055e-01
6.984645128250122070e-01
8.553441762924194336e-01
9.393497705459594727e-01
8.488255143165588379e-01
7.983320951461791992e-01
8.439109325408935547e-01
7.254993915557861328e-01
8.750325441360473633e-01
9.316167831420898438e-01
9.336449503898620605e-01
7.004231214523315430e-01
7.483675479888916016e-01
7.461291551589965820e-01
7.967419624328613281e-01
7.404462099075317383e-01
7.205793857574462891e-01
8.043966293334960938e-01
6.562392711639404297e-01
7.204997539520263672e-01
1.027101755142211914e+00
7.015921473503112793e-01
7.631049156188964844e-01
7.639157772064208984e-01
7.134976983070373535e-01
8.529894351959228516e-01
7.816182971000671387e-01
7.630357146263122559e-01
8.852044343948364258e-01
8.546409606933593750e-01
7.284308671951293945e-01
7.162128686904907227e-01
8.954008221626281738e-01
8.064339160919189453e-01
6.978604793548583984e-01
7.917168140411376953e-01
8.308112621307373047e-01
7.310910224914550781e-01
6.496981978416442871e-01
8.512169718742370605e-01
8.593285083770751953e-01
9.506930708885192871e-01
7.406684160232543945e-01
7.827768921852111816e-01
8.720504641532897949e-01
8.903872370719909668e-01
8.187237977981567383e-01
8.073463439941406250e-01
8.941295146942138672e-01
7.058528661727905273e-01
8.212241530418395996e-01
6.846524477005004883e-01
7.307935357093811035e-01
7.359772324562072754e-01
7.461715936660766602e-01
7.401745915412902832e-01
7.822468876838684082e-01
7.628881931304931641e-01
7.160227298736572266e-01
5.829027891159057617e-01
6.124576330184936523e-01
7.879437208175659180e-01
7.072482109069824219e-01
8.823307156562805176e-01
7.970317006111145020e-01
8.591406345367431641e-01
1.005686521530151367e+00
8.922166824340820312e-01
7.662145495414733887e-01
7.551536560058593750e-01
7.875841856002807617e-01
8.711325526237487793e-01
7.910966873168945312e-01
7.059247493743896484e-01
8.085321784019470215e-01
8.409008979797363281e-01
8.571746945381164551e-01
8.203105330467224121e-01
7.602661848068237305e-01
8.085566759109497070e-01
9.404168128967285156e-01
8.752844333648681641e-01
7.919932007789611816e-01
7.770541906356811523e-01
7.563090324401855469e-01
8.062603473663330078e-01
8.968803882598876953e-01
8.099116086959838867e-01
6.906449198722839355e-01
8.424031734466552734e-01
8.305132389068603516e-01
6.368485093116760254e-01
8.411123156547546387e-01
6.938638091087341309e-01
8.205305337905883789e-01
6.942880749702453613e-01
8.830922842025756836e-01
7.502490282058715820e-01
8.052120208740234375e-01
7.046437263488769531e-01
7.637524604797363281e-01
7.355840802192687988e-01
8.987610340118408203e-01
6.306705474853515625e-01
8.619989156723022461e-01
6.807958483695983887e-01
7.584102153778076172e-01
8.309373855590820312e-01
1.017717719078063965e+00
8.209827542304992676e-01
8.554023504257202148e-01
6.845313906669616699e-01
6.739965677261352539e-01
8.324790000915527344e-01
6.951642036437988281e-01
8.168742656707763672e-01
6.664394140243530273e-01
8.830512762069702148e-01
9.864394068717956543e-01
7.677470445632934570e-01
8.925548791885375977e-01
7.391231060028076172e-01
6.640555858612060547e-01
7.255499362945556641e-01
7.099028825759887695e-01
7.134647369384765625e-01
6.512967348098754883e-01
6.800932884216308594e-01
7.291719913482666016e-01
8.708461523056030273e-01
7.807589769363403320e-01
6.748006343841552734e-01
7.952533364295959473e-01
7.187663316726684570e-01
8.169004321098327637e-01
8.056508302688598633e-01
7.734268903732299805e-01
7.952893972396850586e-01
6.465504169464111328e-01
8.494624495506286621e-01
8.255465030670166016e-01
7.334471940994262695e-01
8.044296503067016602e-01
7.144325971603393555e-01
7.528545856475830078e-01
9.464297294616699219e-01
7.524340748786926270e-01
7.842572927474975586e-01
7.340286970138549805e-01
7.247959971427917480e-01
1.092468261718750000e+00
6.305239200592041016e-01
7.221230268478393555e-01
7.912830114364624023e-01
7.955456972122192383e-01
7.627137303352355957e-01
6.872152090072631836e-01
6.680496335029602051e-01
6.539346575736999512e-01
5.537930130958557129e-01
7.145367264747619629e-01
5.999214649200439453e-01
6.461129188537597656e-01
6.280533671379089355e-01
5.722359418869018555e-01
6.658411026000976562e-01
7.643537521362304688e-01
7.057656049728393555e-01
7.267411947250366211e-01
7.195841073989868164e-01
7.381070852279663086e-01
6.781913042068481445e-01
6.397609710693359375e-01
7.924734950065612793e-01
7.295310497283935547e-01
6.434035301208496094e-01
8.129299283027648926e-01
6.958989500999450684e-01
7.522258758544921875e-01
7.022656202316284180e-01
6.847114562988281250e-01
6.526975631713867188e-01
6.389654874801635742e-01
6.400108933448791504e-01
7.978032231330871582e-01
8.332976102828979492e-01
6.715648174285888672e-01
8.105086684226989746e-01
6.945204734802246094e-01
7.710816264152526855e-01
5.834585428237915039e-01
7.907613515853881836e-01
7.616186141967773438e-01
6.508470177650451660e-01
6.998595595359802246e-01
7.889741659164428711e-01
6.055852174758911133e-01
6.153576374053955078e-01
6.298189163208007812e-01
8.421073555946350098e-01
6.215151548385620117e-01
7.894178032875061035e-01
6.385565996170043945e-01
7.177767753601074219e-01
7.650682926177978516e-01
7.484351396560668945e-01
7.819926738739013672e-01
8.335965275764465332e-01
6.586410999298095703e-01
5.311681628227233887e-01
7.570356130599975586e-01
6.912970542907714844e-01
9.172621965408325195e-01
6.323802471160888672e-01
7.531224489212036133e-01
7.195055484771728516e-01
6.556106805801391602e-01
7.103114724159240723e-01
6.067684888839721680e-01
7.194180488586425781e-01
7.349232435226440430e-01
8.449675440788269043e-01
6.746827960014343262e-01
6.902251839637756348e-01
6.228265762329101562e-01
5.841053724288940430e-01
7.185209393501281738e-01
8.070762753486633301e-01
7.600301504135131836e-01
6.986997127532958984e-01
5.918906331062316895e-01
8.792122602462768555e-01
8.160904645919799805e-01
7.630817890167236328e-01
6.407450437545776367e-01
6.140460968017578125e-01
7.527974247932434082e-01
6.858121156692504883e-01
5.468261241912841797e-01
7.382857799530029297e-01
8.708510398864746094e-01
7.668775916099548340e-01
7.209570407867431641e-01
6.536038517951965332e-01
8.852819204330444336e-01
7.318547964096069336e-01
7.875463962554931641e-01
7.466890811920166016e-01
7.114901542663574219e-01
6.812784671783447266e-01
8.299159407615661621e-01
6.401073932647705078e-01
7.190150022506713867e-01
7.480627894401550293e-01
7.418090105056762695e-01
9.472880959510803223e-01
7.087732553482055664e-01
6.728498935699462891e-01
7.051924467086791992e-01
7.015092968940734863e-01
9.592927694320678711e-01
7.065314054489135742e-01
6.027228832244873047e-01
7.553203105926513672e-01
5.874803066253662109e-01
7.992593646049499512e-01
6.728990674018859863e-01
6.813171505928039551e-01
7.605505585670471191e-01
7.384189367294311523e-01
6.378288269042968750e-01
7.399598360061645508e-01
7.452948689460754395e-01
7.012678384780883789e-01
8.049497008323669434e-01
6.620248556137084961e-01
7.004828453063964844e-01
8.565397262573242188e-01
8.163075447082519531e-01
8.452684879302978516e-01
6.471866369247436523e-01
6.727035045623779297e-01
6.932857036590576172e-01
8.341448903083801270e-01
6.399914026260375977e-01
6.981636285781860352e-01
8.020818233489990234e-01
7.041474580764770508e-01
6.680880784988403320e-01
7.715839147567749023e-01
6.905942559242248535e-01
7.261613607406616211e-01
7.202608585357666016e-01
6.827236413955688477e-01
7.921439409255981445e-01
6.379039287567138672e-01
7.561715245246887207e-01
8.183027505874633789e-01
7.502642273902893066e-01
8.457059860229492188e-01
7.384662628173828125e-01
8.164160251617431641e-01
7.301601171493530273e-01
9.057012200355529785e-01
7.703309655189514160e-01
6.910188198089599609e-01
7.301380634307861328e-01
6.482589244842529297e-01
7.249311208724975586e-01
7.411940097808837891e-01
7.597855329513549805e-01
8.376905918121337891e-01
8.135322332382202148e-01
6.532254219055175781e-01
6.611993312835693359e-01
7.354751229286193848e-01
8.222807645797729492e-01
6.998108625411987305e-01
7.215927839279174805e-01
7.197107076644897461e-01
7.679767608642578125e-01
8.600037097930908203e-01
6.699845790863037109e-01
7.905912399291992188e-01
8.869847059249877930e-01
8.350444436073303223e-01
7.416309118270874023e-01
7.649005651473999023e-01
7.402697205543518066e-01
7.106962203979492188e-01
8.880757093429565430e-01
6.175194978713989258e-01
7.368724346160888672e-01
8.570061922073364258e-01
7.354381084442138672e-01
7.309600114822387695e-01
6.613395214080810547e-01
6.451010107994079590e-01
6.741160154342651367e-01
8.263716101646423340e-01
7.344353199005126953e-01
6.329970359802246094e-01
7.671636343002319336e-01
7.548557519912719727e-01
7.800778150558471680e-01
7.382166981697082520e-01
6.106193661689758301e-01
7.860083580017089844e-01
7.294279336929321289e-01
9.104456305503845215e-01
6.352421045303344727e-01
8.367301225662231445e-01
7.623631358146667480e-01
8.861888051033020020e-01
7.509641051292419434e-01
7.049197554588317871e-01
7.713704705238342285e-01
8.417847156524658203e-01
7.160754203796386719e-01
7.664155364036560059e-01
7.458473443984985352e-01
8.485127687454223633e-01
8.336922526359558105e-01
6.682158112525939941e-01
7.325379848480224609e-01
7.695875763893127441e-01
8.622893691062927246e-01
8.537442684173583984e-01
6.794072389602661133e-01
7.302023768424987793e-01
8.440908193588256836e-01
6.810578107833862305e-01
6.463028788566589355e-01
6.950227618217468262e-01
7.761607170104980469e-01
7.405402660369873047e-01
7.540779709815979004e-01
8.053168058395385742e-01
6.920156478881835938e-01
9.203978776931762695e-01
7.026413679122924805e-01
8.901952505111694336e-01
8.387559652328491211e-01
6.840970516204833984e-01
7.961405515670776367e-01
6.158413290977478027e-01
6.212134361267089844e-01
6.573425531387329102e-01
6.798214316368103027e-01
7.616468667984008789e-01
7.316434383392333984e-01
7.611206769943237305e-01
6.929089426994323730e-01
7.902967929840087891e-01
8.472188711166381836e-01
7.288118004798889160e-01
7.936990261077880859e-01
7.342909574508666992e-01
8.053148388862609863e-01
7.077305912971496582e-01
6.861223578453063965e-01
7.760637998580932617e-01
7.328941822052001953e-01
6.744833588600158691e-01
8.249107003211975098e-01
7.604508399963378906e-01
7.310656905174255371e-01
7.270029783248901367e-01
6.026284098625183105e-01
9.160205721855163574e-01
7.800143361091613770e-01
7.077317237854003906e-01
5.814822912216186523e-01
7.753568887710571289e-01
6.963000297546386719e-01
9.966135025024414062e-01
7.701989412307739258e-01
6.182481646537780762e-01
7.390617728233337402e-01
6.743974089622497559e-01
7.555484771728515625e-01
7.458118200302124023e-01
7.845839858055114746e-01
7.548332214355468750e-01
6.768476963043212891e-01
9.857219457626342773e-01
7.259727716445922852e-01
7.516207098960876465e-01
6.816582679748535156e-01
6.374704837799072266e-01
7.177470922470092773e-01
7.062413692474365234e-01
6.142307519912719727e-01
7.152918577194213867e-01
6.436182260513305664e-01
8.003021478652954102e-01
6.699930429458618164e-01
8.110290169715881348e-01
7.431718111038208008e-01
6.963837146759033203e-01
8.232008218765258789e-01
9.086413383483886719e-01
7.951151132583618164e-01
6.960365772247314453e-01
8.680794835090637207e-01
8.303405642509460449e-01
7.968682646751403809e-01
7.312200665473937988e-01
7.380896210670471191e-01
8.923618793487548828e-01
8.138313293457031250e-01
6.822636127471923828e-01
7.529810667037963867e-01
7.849038839340209961e-01
7.805173397064208984e-01
6.725462675094604492e-01
8.130356073379516602e-01
7.166503667831420898e-01
7.377283573150634766e-01
7.639937400817871094e-01
6.665089130401611328e-01
7.339331507682800293e-01
6.961793899536132812e-01
7.965776920318603516e-01
6.282111406326293945e-01
6.798595190048217773e-01
6.816240549087524414e-01
6.911254525184631348e-01
6.295379400253295898e-01
7.559146881103515625e-01
7.552525997161865234e-01
7.544501423835754395e-01
6.348726153373718262e-01
6.499967575073242188e-01
7.007943987846374512e-01
7.326122522354125977e-01
8.158495426177978516e-01
8.583223819732666016e-01
8.261746764183044434e-01
6.774857640266418457e-01
7.295455932617187500e-01
7.094434499740600586e-01
7.755069732666015625e-01
6.247756481170654297e-01
6.708266735076904297e-01
7.333369851112365723e-01
6.534717679023742676e-01
7.821686267852783203e-01
7.362188696861267090e-01
7.656895518302917480e-01
9.290337562561035156e-01
7.631330490112304688e-01
6.929872035980224609e-01
6.887715458869934082e-01
6.680918931961059570e-01
8.149209022521972656e-01
8.113631010055541992e-01
7.463176250457763672e-01
7.737286090850830078e-01
8.222605586051940918e-01
6.998298168182373047e-01
6.328635215759277344e-01
7.067350149154663086e-01
7.354512214660644531e-01
7.378602027893066406e-01
6.656067371368408203e-01
6.309208869934082031e-01
7.182070612907409668e-01
5.801962018013000488e-01
6.069813966751098633e-01
6.409513950347900391e-01
5.037599802017211914e-01
6.501384377479553223e-01
5.939629077911376953e-01
6.192373633384704590e-01
6.432907581329345703e-01
6.801896095275878906e-01
7.524921894073486328e-01
7.065377235412597656e-01
6.446915268898010254e-01
6.381301879882812500e-01
6.556869745254516602e-01
6.371009349822998047e-01
7.755054235458374023e-01
7.314628958702087402e-01
5.939660072326660156e-01
7.039226293563842773e-01
7.424079179763793945e-01
6.594313383102416992e-01
6.085195541381835938e-01
6.263742446899414062e-01
6.919011473655700684e-01
7.979649305343627930e-01
8.238188028335571289e-01
6.190366148948669434e-01
6.105042099952697754e-01
5.854651927947998047e-01
6.292362213134765625e-01
6.257113218307495117e-01
6.385000944137573242e-01
6.144778132438659668e-01
7.437322139739990234e-01
6.607753038406372070e-01
6.932474374771118164e-01
5.666960477828979492e-01
7.365163564682006836e-01
5.418503284454345703e-01
6.798818111419677734e-01
7.328896522521972656e-01
6.606502532958984375e-01
6.075512170791625977e-01
9.046099185943603516e-01
6.930419206619262695e-01
6.063182353973388672e-01
7.519745230674743652e-01
6.885421872138977051e-01
6.676194071769714355e-01
6.023454666137695312e-01
7.479889392852783203e-01
7.946665883064270020e-01
6.490066647529602051e-01
5.702199935913085938e-01
8.241106867790222168e-01
7.202180624008178711e-01
7.071551084518432617e-01
7.281378507614135742e-01
6.925995349884033203e-01
6.709765195846557617e-01
5.728517174720764160e-01
5.471628308296203613e-01
7.387529611587524414e-01
7.080789804458618164e-01
6.687305569648742676e-01
7.614566087722778320e-01
7.506315112113952637e-01
4.950529634952545166e-01
6.824624538421630859e-01
7.908059358596801758e-01
6.154624223709106445e-01
7.029203772544860840e-01
7.783322334289550781e-01
6.348526477813720703e-01
6.485757827758789062e-01
6.669791936874389648e-01
7.535835504531860352e-01
8.218671679496765137e-01
6.614596843719482422e-01
7.427874207496643066e-01
7.730488777160644531e-01
6.378102898597717285e-01
6.086134910583496094e-01
6.202673912048339844e-01
5.385692119598388672e-01
7.239893674850463867e-01
8.053861856460571289e-01
7.634884715080261230e-01
7.445492148399353027e-01
6.132273674011230469e-01
6.818331480026245117e-01
7.288284897804260254e-01
7.772406339645385742e-01
6.290550827980041504e-01
7.376340627670288086e-01
8.381289243698120117e-01
7.135286331176757812e-01
6.868935227394104004e-01
6.879519224166870117e-01
7.049425840377807617e-01
7.845492362976074219e-01
6.440395116806030273e-01
8.070237636566162109e-01
7.791146636009216309e-01
6.830927133560180664e-01
6.728221178054809570e-01
7.561610341072082520e-01
7.354830503463745117e-01
7.617440223693847656e-01
8.030363917350769043e-01
5.992207527160644531e-01
7.392246127128601074e-01
8.096150159835815430e-01
6.810069084167480469e-01
7.120643854141235352e-01
8.026901483535766602e-01
6.344690918922424316e-01
6.228842139244079590e-01
8.086690902709960938e-01
7.832143306732177734e-01
7.246776819229125977e-01
6.981239318847656250e-01
8.390291333198547363e-01
7.302757501602172852e-01
7.052904367446899414e-01
7.794523835182189941e-01
7.061975002288818359e-01
6.587112545967102051e-01
7.002351284027099609e-01
6.290700435638427734e-01
8.573616743087768555e-01
6.902757883071899414e-01
6.876636743545532227e-01
6.894829869270324707e-01
5.972355604171752930e-01
7.394545078277587891e-01
5.869802236557006836e-01
6.261938214302062988e-01
6.708887815475463867e-01
8.895907402038574219e-01
6.201690435409545898e-01
7.312824726104736328e-01
6.559793949127197266e-01
6.950792074203491211e-01
6.276603937149047852e-01
6.258833408355712891e-01
6.988347172737121582e-01
7.277108430862426758e-01
7.220205664634704590e-01
6.959939002990722656e-01
6.494376659393310547e-01
6.907746791839599609e-01
7.239310741424560547e-01
7.970156073570251465e-01
8.924331068992614746e-01
6.793235540390014648e-01
5.915694236755371094e-01
6.964378356933593750e-01
6.912171840667724609e-01
8.511780500411987305e-01
6.139655709266662598e-01
6.985409259796142578e-01
6.392714977264404297e-01
6.878753304481506348e-01
7.454363703727722168e-01
6.938121318817138672e-01
6.537225842475891113e-01
7.141988277435302734e-01
7.049188613891601562e-01
7.924557924270629883e-01
6.669886112213134766e-01
6.542575359344482422e-01
8.233625888824462891e-01
6.524759531021118164e-01
6.892175078392028809e-01
7.114059925079345703e-01
7.374227046966552734e-01
6.560889482498168945e-01
6.366013288497924805e-01
7.889922857284545898e-01
7.360514998435974121e-01
7.401872873306274414e-01
8.296373486518859863e-01
7.240974307060241699e-01
6.960312128067016602e-01
6.339243650436401367e-01
8.231145143508911133e-01
8.748640418052673340e-01
7.631925344467163086e-01
6.569249033927917480e-01
6.328812241554260254e-01
5.772205591201782227e-01
8.181052803993225098e-01
8.779541254043579102e-01
6.811307668685913086e-01
8.031830787658691406e-01
8.540666103363037109e-01
6.808228492736816406e-01
6.672534942626953125e-01
6.738953590393066406e-01
6.868193149566650391e-01
8.707894086837768555e-01
8.194059133529663086e-01
8.504074811935424805e-01
6.550968289375305176e-01
5.870075225830078125e-01
7.135068774223327637e-01
6.688297986984252930e-01
6.807117462158203125e-01
7.009387016296386719e-01
6.499931812286376953e-01
6.507335305213928223e-01
6.926968097686767578e-01
7.943504452705383301e-01
6.696489453315734863e-01
6.795076131820678711e-01
6.470267772674560547e-01
6.603517532348632812e-01
6.872011423110961914e-01
7.113318443298339844e-01
7.326095104217529297e-01
8.138627409934997559e-01
8.617139458656311035e-01
8.196220397949218750e-01
6.254732608795166016e-01
7.880715727806091309e-01
7.348216176033020020e-01
6.346924304962158203e-01
7.174397110939025879e-01
6.924515962600708008e-01
8.127537965774536133e-01
7.328891158103942871e-01
6.790438890457153320e-01
8.064419031143188477e-01
8.003222942352294922e-01
7.773070931434631348e-01
6.652038097381591797e-01
7.385611534118652344e-01
7.823830842971801758e-01
6.162768602371215820e-01
7.064368724822998047e-01
7.873092293739318848e-01
6.442084312438964844e-01
6.367430686950683594e-01
6.327983140945434570e-01
6.013026833534240723e-01
6.149722337722778320e-01
6.771078109741210938e-01
6.465947628021240234e-01
6.545555591583251953e-01
7.753719687461853027e-01
8.056941032409667969e-01
5.879389047622680664e-01
7.698361873626708984e-01
7.880886197090148926e-01
6.749334335327148438e-01
6.714676618576049805e-01
6.611514091491699219e-01
7.612193226814270020e-01
7.557493448257446289e-01
6.863907575607299805e-01
7.628313302993774414e-01
6.888334751129150391e-01
7.259967327117919922e-01
6.666091680526733398e-01
7.076933979988098145e-01
7.595480680465698242e-01
7.633954882621765137e-01
8.447155952453613281e-01
7.050131559371948242e-01
6.022094488143920898e-01
7.566050291061401367e-01
7.173533439636230469e-01
7.829693555831909180e-01
7.616195678710937500e-01
8.680828809738159180e-01
8.216503262519836426e-01
8.457716107368469238e-01
6.156584024429321289e-01
7.269586324691772461e-01
8.294690847396850586e-01
6.605986356735229492e-01
6.458629369735717773e-01
6.384316682815551758e-01
7.533278465270996094e-01
7.429901361465454102e-01
7.522410750389099121e-01
6.648820638656616211e-01
7.018495798110961914e-01
7.147637009620666504e-01
6.785781383514404297e-01
5.886441469192504883e-01
7.502263188362121582e-01
8.416776657104492188e-01
7.214571237564086914e-01
7.014106512069702148e-01
7.640306949615478516e-01
7.815355062484741211e-01
6.721023321151733398e-01
5.873894691467285156e-01
7.927887439727783203e-01
7.424390912055969238e-01
6.354622840881347656e-01
8.255985975265502930e-01
6.016599535942077637e-01
7.281976342201232910e-01
7.498132586479187012e-01
6.645752191543579102e-01
7.453980445861816406e-01
5.304219722747802734e-01
6.871467828750610352e-01
7.684092521667480469e-01
8.015044331550598145e-01
8.140228390693664551e-01
7.354816198348999023e-01
6.119934916496276855e-01
6.640179753303527832e-01
7.988165616989135742e-01
7.620503306388854980e-01
8.011780977249145508e-01
6.917208433151245117e-01
6.328017711639404297e-01
6.356115937232971191e-01
5.471274256706237793e-01
7.274860143661499023e-01
8.499126434326171875e-01
7.875053286552429199e-01
7.149006128311157227e-01
7.080010771751403809e-01
7.807998657226562500e-01
7.852082848548889160e-01
7.696008086204528809e-01
6.682168841361999512e-01
7.857718467712402344e-01
6.853128671646118164e-01
5.929847955703735352e-01
5.872393846511840820e-01
6.460196971893310547e-01
6.473407745361328125e-01
6.960921287536621094e-01
7.408839464187622070e-01
7.528230547904968262e-01
6.699222326278686523e-01
6.241296529769897461e-01
6.113654971122741699e-01
6.985204219818115234e-01
7.396525144577026367e-01
8.320469260215759277e-01
5.982704162597656250e-01
7.717409133911132812e-01
8.477292060852050781e-01
6.907554268836975098e-01
6.758837699890136719e-01
6.542534828186035156e-01
6.062182188034057617e-01
5.929994583129882812e-01
6.270791292190551758e-01
7.079632282257080078e-01
6.556499600410461426e-01
6.321198940277099609e-01
5.896275043487548828e-01
6.218313574790954590e-01
6.210880279541015625e-01
7.226693034172058105e-01
7.559041976928710938e-01
6.769307851791381836e-01
7.751154899597167969e-01
6.701740026473999023e-01
5.902925133705139160e-01
7.311160564422607422e-01
6.477739810943603516e-01
7.397841215133666992e-01
6.406102776527404785e-01
7.006719112396240234e-01
7.242193222045898438e-01
6.081309318542480469e-01
7.606400847434997559e-01
7.023754119873046875e-01
7.307738065719604492e-01
6.219475865364074707e-01
5.748515129089355469e-01
5.915488600730895996e-01
7.106806635856628418e-01
6.053256988525390625e-01
5.582001209259033203e-01
5.725195407867431641e-01
6.325088739395141602e-01
7.671573162078857422e-01
7.888932228088378906e-01
6.643152832984924316e-01
6.542725563049316406e-01
7.051180601119995117e-01
7.281367778778076172e-01
8.292049169540405273e-01
7.096484899520874023e-01
6.269087791442871094e-01
6.184648275375366211e-01
6.643306612968444824e-01
6.786280870437622070e-01
5.535117387771606445e-01
7.030332088470458984e-01
6.510533094406127930e-01
6.767989397048950195e-01
6.813872456550598145e-01
7.030513286590576172e-01
7.360548973083496094e-01
8.328320384025573730e-01
6.004995107650756836e-01
6.596566438674926758e-01
6.246894001960754395e-01
6.515679955482482910e-01
6.638641953468322754e-01
5.935515165328979492e-01
6.713399887084960938e-01
5.966196060180664062e-01
6.435729265213012695e-01
6.783145666122436523e-01
6.394799947738647461e-01
8.091140985488891602e-01
6.097151041030883789e-01
6.445705890655517578e-01
6.615513563156127930e-01
6.029964089393615723e-01
6.704851984977722168e-01
6.771048307418823242e-01
6.693333983421325684e-01
7.582632899284362793e-01
6.952545642852783203e-01
6.518734693527221680e-01
6.058437824249267578e-01
6.891343593597412109e-01
6.491445302963256836e-01
7.313836216926574707e-01
6.322831511497497559e-01
6.064624786376953125e-01
6.418258547782897949e-01
7.089968919754028320e-01
7.204671502113342285e-01
6.205321550369262695e-01
7.025744915008544922e-01
6.628779172897338867e-01
6.643521785736083984e-01
7.965521812438964844e-01
7.320112586021423340e-01
6.735237836837768555e-01
5.944588780403137207e-01
6.033251285552978516e-01
5.843074321746826172e-01
6.545207500457763672e-01
7.418081164360046387e-01
5.841712951660156250e-01
6.714597940444946289e-01
6.564125418663024902e-01
6.172530651092529297e-01
8.018310070037841797e-01
6.224004030227661133e-01
7.720276117324829102e-01
6.414045691490173340e-01
6.834592223167419434e-01
6.723135709762573242e-01
7.357636690139770508e-01
7.297923564910888672e-01
6.303904652595520020e-01
6.609734296798706055e-01
8.101415038108825684e-01
7.351706027984619141e-01
6.603332161903381348e-01
6.077809333801269531e-01
5.828915238380432129e-01
6.775666475296020508e-01
6.096839904785156250e-01
5.760046243667602539e-01
7.628378272056579590e-01
5.964057445526123047e-01
7.751519680023193359e-01
7.078815698623657227e-01
7.713429927825927734e-01
6.969120502471923828e-01
7.122678756713867188e-01
5.620686411857604980e-01
6.246285438537597656e-01
6.235744953155517578e-01
7.298130393028259277e-01
6.669777035713195801e-01
5.596792697906494141e-01
6.560463905334472656e-01
7.298190593719482422e-01
6.192443370819091797e-01
6.571428179740905762e-01
6.405178308486938477e-01
6.363254189491271973e-01
7.097762227058410645e-01
6.648655533790588379e-01
7.421880364418029785e-01
7.248057126998901367e-01
6.316868066787719727e-01
7.292504310607910156e-01
5.223748087882995605e-01
7.839256525039672852e-01
6.380742788314819336e-01
8.429764509201049805e-01
6.138845086097717285e-01
6.812095642089843750e-01
6.777239441871643066e-01
7.786118984222412109e-01
6.994957327842712402e-01
6.728944778442382812e-01
6.128014326095581055e-01
6.319965124130249023e-01
7.502953410148620605e-01
7.271592617034912109e-01
6.625711917877197266e-01
6.588405370712280273e-01
6.312843561172485352e-01
6.961514353752136230e-01
7.228705883026123047e-01
7.178349494934082031e-01
7.086028456687927246e-01
5.800747275352478027e-01
6.243695020675659180e-01
6.815593242645263672e-01
6.505271792411804199e-01
8.316098451614379883e-01
5.715839862823486328e-01
6.545623540878295898e-01
8.177801966667175293e-01
6.679940223693847656e-01
5.941857099533081055e-01
7.719200849533081055e-01
6.436833143234252930e-01
6.818965673446655273e-01
6.775092482566833496e-01
6.020755171775817871e-01
6.439380645751953125e-01
7.859984636306762695e-01
5.947268009185791016e-01
6.908423900604248047e-01
8.404172658920288086e-01
6.238262653350830078e-01
6.793355941772460938e-01
6.731505990028381348e-01
6.272552013397216797e-01
7.941686511039733887e-01
6.753709316253662109e-01
8.024026155471801758e-01
7.843593358993530273e-01
7.774738073348999023e-01
8.107346296310424805e-01
7.726589441299438477e-01
6.999561190605163574e-01
7.946653366088867188e-01
6.525642275810241699e-01
6.919287443161010742e-01
7.446369528770446777e-01
7.762174010276794434e-01
6.470951437950134277e-01
6.167440414428710938e-01
6.606099605560302734e-01
6.283886432647705078e-01
7.509049177169799805e-01
7.950889468193054199e-01
7.155736088752746582e-01
7.767816185951232910e-01
7.232029438018798828e-01
6.748452782630920410e-01
7.793571352958679199e-01
6.769174933433532715e-01
6.364167332649230957e-01
6.803609728813171387e-01
7.145856022834777832e-01
6.575854420661926270e-01
7.223868370056152344e-01
7.506208419799804688e-01
7.985046505928039551e-01
8.154894709587097168e-01
6.995127201080322266e-01
7.082601785659790039e-01
7.037665843963623047e-01
6.994694471359252930e-01
6.880759596824645996e-01
7.149049639701843262e-01
8.177183270454406738e-01
7.628519535064697266e-01
6.231882572174072266e-01
6.973164081573486328e-01
5.722686052322387695e-01
6.250641942024230957e-01
6.472538709640502930e-01
6.061726808547973633e-01
6.869572401046752930e-01
7.460451126098632812e-01
6.177293062210083008e-01
8.126420378684997559e-01
6.967707276344299316e-01
6.632592678070068359e-01
5.896071791648864746e-01
7.205071449279785156e-01
5.906838178634643555e-01
6.248803138732910156e-01
7.256559729576110840e-01
6.461734771728515625e-01
6.914452910423278809e-01
7.793873548507690430e-01
7.151525020599365234e-01
6.661183238029479980e-01
7.091200351715087891e-01
8.376320600509643555e-01
7.875354290008544922e-01
7.598488330841064453e-01
7.461584806442260742e-01
7.220350503921508789e-01
8.084034919738769531e-01
6.760171651840209961e-01
7.835724353790283203e-01
5.742183923721313477e-01
6.123793721199035645e-01
6.116792559623718262e-01
6.590483188629150391e-01
6.185053586959838867e-01
6.139897108078002930e-01
7.032417654991149902e-01
5.361663103103637695e-01
6.962968111038208008e-01
7.556111812591552734e-01
5.780163407325744629e-01
8.200683593750000000e-01
6.573505401611328125e-01
7.039439678192138672e-01
7.000859975814819336e-01
7.054830789566040039e-01
6.890377402305603027e-01
7.606416940689086914e-01
5.697003602981567383e-01
6.462722420692443848e-01
6.435428857803344727e-01
6.640144586563110352e-01
6.827973127365112305e-01
5.897371768951416016e-01
6.610100865364074707e-01
7.045302987098693848e-01
5.652326345443725586e-01
7.261778116226196289e-01
7.125935554504394531e-01
7.170294523239135742e-01
6.612005233764648438e-01
6.808760166168212891e-01
6.894474029541015625e-01
6.504571437835693359e-01
6.690633893013000488e-01
7.228055000305175781e-01
6.223908662796020508e-01
7.041903734207153320e-01
7.477468252182006836e-01
6.126368641853332520e-01
6.181663870811462402e-01
5.558987855911254883e-01
7.460126876831054688e-01
8.277136087417602539e-01
6.298028230667114258e-01
5.827478170394897461e-01
6.968948841094970703e-01
6.824879646301269531e-01
8.126485943794250488e-01
7.860696315765380859e-01
7.393790483474731445e-01
7.630982398986816406e-01
7.165971398353576660e-01
6.967231631278991699e-01
5.941033363342285156e-01
5.071570277214050293e-01
6.994568109512329102e-01
7.256108522415161133e-01
7.400444149971008301e-01
7.395028471946716309e-01
5.695030689239501953e-01
7.642374038696289062e-01
6.475078463554382324e-01
7.235537767410278320e-01
7.939319610595703125e-01
8.803985118865966797e-01
6.182256937026977539e-01
6.534835696220397949e-01
6.468192338943481445e-01
6.823514699935913086e-01
7.281497716903686523e-01
5.581956505775451660e-01
6.913781166076660156e-01
7.387595176696777344e-01
7.093413472175598145e-01
7.633971571922302246e-01
6.630280017852783203e-01
6.575184464454650879e-01
6.449540257453918457e-01
7.975481152534484863e-01
8.131074309349060059e-01
6.832010746002197266e-01
6.990317106246948242e-01
7.457309365272521973e-01
6.842299103736877441e-01
6.751351356506347656e-01
6.631448268890380859e-01
8.304058313369750977e-01
6.221747398376464844e-01
6.693146228790283203e-01
6.258628964424133301e-01
6.489225625991821289e-01
6.781186461448669434e-01
5.836730003356933594e-01
7.135446071624755859e-01
7.215796709060668945e-01
5.495485067367553711e-01
5.441126823425292969e-01
6.141496896743774414e-01
6.401041150093078613e-01
7.127206325531005859e-01
6.367952227592468262e-01
6.257885694503784180e-01
6.811912655830383301e-01
5.510580539703369141e-01
7.034500837326049805e-01
6.013908982276916504e-01
5.010316967964172363e-01
6.049054265022277832e-01
6.469679474830627441e-01
5.676897168159484863e-01
5.704673528671264648e-01
6.143009662628173828e-01
5.863701701164245605e-01
6.067349910736083984e-01
6.459441184997558594e-01
5.245615243911743164e-01
6.396785974502563477e-01
7.375141978263854980e-01
5.944184660911560059e-01
5.782925486564636230e-01
6.444470286369323730e-01
6.299978494644165039e-01
6.585388183593750000e-01
6.450363397598266602e-01
6.082686185836791992e-01
5.115932226181030273e-01
6.126592159271240234e-01
6.177672147750854492e-01
5.802651643753051758e-01
5.981898307800292969e-01
6.016920804977416992e-01
8.468533754348754883e-01
5.107344985008239746e-01
5.743509531021118164e-01
7.865579128265380859e-01
6.436122655868530273e-01
6.827914714813232422e-01
6.204477548599243164e-01
6.399536132812500000e-01
5.928933620452880859e-01
6.262542605400085449e-01
6.493092775344848633e-01
6.794151663780212402e-01
5.569864511489868164e-01
6.400452852249145508e-01
6.630666255950927734e-01
7.764091491699218750e-01
5.784124135971069336e-01
6.197068691253662109e-01
7.072992920875549316e-01
6.145317554473876953e-01
6.965765953063964844e-01
6.957246065139770508e-01
6.997132301330566406e-01
6.305800080299377441e-01
6.213083267211914062e-01
8.778787851333618164e-01
6.700352430343627930e-01
7.061423063278198242e-01
6.496600508689880371e-01
5.783340930938720703e-01
7.449070215225219727e-01
6.481587886810302734e-01
6.160041689872741699e-01
5.956965684890747070e-01
6.081556081771850586e-01
7.671700716018676758e-01
6.723371744155883789e-01
6.979020833969116211e-01
6.555241942405700684e-01
6.306557655334472656e-01
7.022924423217773438e-01
7.506088614463806152e-01
6.382880806922912598e-01
6.211342811584472656e-01
6.489366888999938965e-01
6.482113599777221680e-01
6.758205890655517578e-01
6.119461059570312500e-01
6.390022039413452148e-01
6.575068235397338867e-01
6.144384741783142090e-01
7.195041775703430176e-01
6.732765436172485352e-01
6.590011715888977051e-01
6.676988601684570312e-01
6.061503887176513672e-01
5.600445866584777832e-01
6.496024727821350098e-01
6.382270455360412598e-01
6.712253093719482422e-01
6.730260848999023438e-01
6.556437015533447266e-01
6.269861459732055664e-01
7.130664587020874023e-01
6.259201169013977051e-01
7.555935382843017578e-01
6.465548276901245117e-01
7.148958444595336914e-01
6.683237552642822266e-01
5.849591493606567383e-01
5.440413951873779297e-01
6.027207970619201660e-01
5.566191077232360840e-01
6.542423963546752930e-01
7.419776916503906250e-01
6.243387460708618164e-01
7.333717346191406250e-01
5.457487106323242188e-01
6.260061264038085938e-01
7.416571378707885742e-01
6.712541580200195312e-01
6.915358901023864746e-01
7.374519109725952148e-01
5.728846788406372070e-01
7.919564247131347656e-01
7.010879516601562500e-01
6.641004085540771484e-01
6.709268093109130859e-01
5.916445851325988770e-01
7.361903190612792969e-01
6.241650581359863281e-01
6.118208169937133789e-01
6.670465469360351562e-01
6.307820081710815430e-01
7.214430570602416992e-01
5.491316914558410645e-01
7.213398218154907227e-01
7.381476163864135742e-01
6.629854440689086914e-01
5.838359594345092773e-01
6.109175682067871094e-01
7.577157616615295410e-01
5.561102032661437988e-01
7.159045338630676270e-01
6.989538073539733887e-01
6.272580623626708984e-01
7.658169269561767578e-01
6.440148353576660156e-01
6.880762577056884766e-01
7.020857334136962891e-01
6.048859357833862305e-01
5.976786017417907715e-01
7.231933474540710449e-01
6.516925692558288574e-01
7.376506924629211426e-01
7.226270437240600586e-01
6.010934114456176758e-01
6.649341583251953125e-01
8.760547637939453125e-01
6.227549314498901367e-01
6.548721194267272949e-01
5.799083709716796875e-01
6.586287021636962891e-01
7.120921611785888672e-01
5.575817823410034180e-01
6.116619706153869629e-01
7.496062517166137695e-01
7.137255668640136719e-01
7.321237325668334961e-01
6.192293167114257812e-01
7.077939510345458984e-01
6.349604129791259766e-01
5.657475590705871582e-01
6.587401628494262695e-01
5.115081667900085449e-01
6.362948417663574219e-01
6.604881286621093750e-01
5.708178877830505371e-01
7.298719882965087891e-01
6.959909200668334961e-01
6.013529300689697266e-01
5.797680616378784180e-01
6.849763989448547363e-01
6.769217252731323242e-01
5.913329124450683594e-01
5.902342200279235840e-01
5.905650854110717773e-01
7.714363336563110352e-01
7.362890243530273438e-01
6.285200119018554688e-01
5.306618213653564453e-01
8.321125507354736328e-01
7.241809368133544922e-01
5.503320693969726562e-01
6.372575759887695312e-01
6.088195443153381348e-01
6.206973791122436523e-01
5.370110273361206055e-01
5.066536664962768555e-01
7.746312618255615234e-01
6.911418437957763672e-01
7.455906271934509277e-01
7.321411371231079102e-01
7.528913021087646484e-01
7.539201974868774414e-01
7.349199056625366211e-01
7.113532423973083496e-01
7.088727951049804688e-01
8.253598213195800781e-01
6.266136765480041504e-01
7.486030459403991699e-01
6.771817207336425781e-01
6.736196279525756836e-01
6.610499620437622070e-01
7.580861449241638184e-01
7.699245214462280273e-01
7.102155685424804688e-01
7.350946068763732910e-01
6.303791403770446777e-01
5.867979526519775391e-01
6.306254863739013672e-01
5.624211430549621582e-01
7.314403653144836426e-01
5.187507867813110352e-01
7.521337270736694336e-01
7.967289686203002930e-01
6.518229246139526367e-01
6.285914182662963867e-01
6.889897584915161133e-01
8.311154842376708984e-01
6.889684200286865234e-01
7.253134250640869141e-01
7.228271961212158203e-01
6.252122521400451660e-01
7.257932424545288086e-01
6.498209238052368164e-01
6.310554742813110352e-01
7.204076051712036133e-01
6.784818172454833984e-01
6.227537393569946289e-01
6.484101414680480957e-01
6.948947906494140625e-01
7.091073393821716309e-01
6.615307331085205078e-01
6.296076774597167969e-01
7.518263459205627441e-01
7.091599106788635254e-01
6.006876230239868164e-01
7.449824213981628418e-01
6.354036331176757812e-01
5.556110143661499023e-01
6.416413784027099609e-01
7.926323413848876953e-01
6.955503821372985840e-01
6.748080253601074219e-01
6.098951101303100586e-01
6.550318002700805664e-01
6.914722919464111328e-01
6.938911676406860352e-01
6.763145923614501953e-01
6.950568556785583496e-01
7.016746997833251953e-01
7.330178022384643555e-01
7.208153009414672852e-01
6.168422698974609375e-01
6.834460496902465820e-01
6.353747844696044922e-01
5.784760117530822754e-01
6.656305789947509766e-01
6.339469552040100098e-01
5.939559340476989746e-01
6.064280867576599121e-01
5.856781005859375000e-01
6.567988991737365723e-01
5.632748603820800781e-01
7.316199541091918945e-01
6.613724827766418457e-01
7.055193781852722168e-01
6.458728909492492676e-01
5.667138099670410156e-01
6.458922624588012695e-01
7.318809032440185547e-01
5.344918966293334961e-01
6.296771764755249023e-01
6.885838508605957031e-01
5.916171073913574219e-01
6.987216472625732422e-01
6.496729850769042969e-01
6.315149068832397461e-01
7.479650974273681641e-01
5.844292640686035156e-01
7.584981918334960938e-01
6.960754394531250000e-01
5.355241298675537109e-01
6.578139066696166992e-01
7.149283289909362793e-01
6.436085700988769531e-01
5.865627527236938477e-01
6.447516083717346191e-01
7.568778991699218750e-01
6.894155740737915039e-01
6.373401880264282227e-01
5.464621782302856445e-01
5.588538646697998047e-01
5.929784774780273438e-01
6.269698739051818848e-01
6.977708339691162109e-01
5.898368358612060547e-01
5.921158790588378906e-01
7.304586172103881836e-01
6.295110583305358887e-01
8.169158101081848145e-01
7.183920741081237793e-01
6.230831146240234375e-01
5.985724925994873047e-01
6.177586317062377930e-01
5.675945281982421875e-01
6.504313945770263672e-01
6.914185285568237305e-01
5.179587602615356445e-01
7.117605209350585938e-01
8.934006690979003906e-01
7.093467712402343750e-01
7.300258278846740723e-01
6.759474277496337891e-01
6.829266548156738281e-01
6.537795066833496094e-01
7.541707754135131836e-01
6.601278781890869141e-01
7.154473066329956055e-01
7.129879593849182129e-01
6.151231527328491211e-01
6.321106553077697754e-01
6.897872686386108398e-01
6.878758668899536133e-01
7.173617482185363770e-01
6.991766691207885742e-01
8.758721947669982910e-01
5.953390002250671387e-01
6.490519046783447266e-01
6.674256920814514160e-01
7.330204248428344727e-01
7.679175138473510742e-01
5.817932486534118652e-01
8.688398599624633789e-01
7.090225219726562500e-01
6.849204301834106445e-01
5.814081430435180664e-01
6.999450922012329102e-01
7.527248859405517578e-01
6.788362860679626465e-01
8.172134757041931152e-01
7.252769470214843750e-01
7.196784019470214844e-01
6.323825120925903320e-01
6.866462826728820801e-01
8.097673654556274414e-01
5.533524155616760254e-01
6.324794292449951172e-01
5.446113944053649902e-01
6.022219061851501465e-01
5.867720842361450195e-01
4.573174715042114258e-01
7.474470138549804688e-01
6.608728170394897461e-01
6.182737350463867188e-01
6.635334491729736328e-01
6.545304059982299805e-01
7.222877740859985352e-01
4.751046597957611084e-01
6.175100803375244141e-01
6.033731102943420410e-01
5.565974712371826172e-01
6.557137966156005859e-01
5.758945345878601074e-01
5.522713661193847656e-01
6.353027820587158203e-01
5.480673313140869141e-01
5.711804628372192383e-01
6.758800148963928223e-01
5.658513307571411133e-01
7.511283159255981445e-01
6.051329970359802246e-01
5.387855768203735352e-01
6.709123849868774414e-01
5.308225750923156738e-01
5.943974256515502930e-01
6.158642172813415527e-01
6.155509948730468750e-01
6.132602691650390625e-01
5.430283546447753906e-01
6.344062685966491699e-01
7.385678291320800781e-01
4.533161520957946777e-01
5.917685031890869141e-01
6.192469596862792969e-01
6.584780812263488770e-01
5.551217198371887207e-01
5.283798575401306152e-01
5.826028585433959961e-01
6.285105943679809570e-01
5.000940561294555664e-01
5.533303618431091309e-01
4.829670786857604980e-01
6.407061219215393066e-01
5.890704989433288574e-01
5.643572807312011719e-01
7.060060501098632812e-01
5.074423551559448242e-01
5.734875202178955078e-01
5.250358581542968750e-01
5.848810672760009766e-01
6.686777472496032715e-01
6.031734943389892578e-01
6.819458007812500000e-01
5.795285701751708984e-01
6.163023114204406738e-01
5.439366102218627930e-01
5.759656429290771484e-01
6.466177701950073242e-01
7.498434782028198242e-01
5.689387321472167969e-01
5.647827386856079102e-01
6.811531782150268555e-01
5.591608881950378418e-01
5.983332395553588867e-01
6.567847728729248047e-01
5.667667984962463379e-01
6.193783879280090332e-01
7.019236087799072266e-01
5.309914946556091309e-01
5.650303363800048828e-01
6.405588984489440918e-01
6.220180988311767578e-01
6.857367157936096191e-01
6.143527030944824219e-01
5.181083679199218750e-01
6.765196323394775391e-01
4.572565257549285889e-01
6.039364337921142578e-01
5.670627355575561523e-01
5.127829909324645996e-01
6.253333091735839844e-01
7.506781220436096191e-01
6.839549541473388672e-01
7.083076238632202148e-01
6.478961706161499023e-01
6.383110880851745605e-01
7.172098159790039062e-01
6.195064783096313477e-01
6.359757184982299805e-01
7.241700887680053711e-01
6.724338531494140625e-01
6.427848339080810547e-01
6.538434028625488281e-01
6.828637123107910156e-01
6.585681438446044922e-01
6.520637869834899902e-01
6.268951892852783203e-01
6.832346320152282715e-01
7.482823133468627930e-01
8.400506973266601562e-01
7.639015316963195801e-01
5.205529928207397461e-01
6.226443052291870117e-01
5.826855301856994629e-01
5.985660552978515625e-01
5.658265948295593262e-01
5.989032983779907227e-01
5.254801511764526367e-01
6.330096125602722168e-01
7.018147706985473633e-01
6.068099737167358398e-01
7.283791899681091309e-01
5.280494689941406250e-01
6.162635087966918945e-01
5.725230574607849121e-01
6.150228977203369141e-01
7.926917076110839844e-01
6.073521375656127930e-01
6.904196739196777344e-01
6.044868230819702148e-01
6.056643724441528320e-01
5.328877568244934082e-01
6.632786989212036133e-01
7.393281459808349609e-01
6.307646632194519043e-01
6.847566962242126465e-01
6.457042694091796875e-01
5.529685616493225098e-01
6.616346836090087891e-01
6.660464406013488770e-01
6.937930583953857422e-01
7.356601953506469727e-01
6.265233159065246582e-01
8.301625847816467285e-01
8.149956464767456055e-01
5.795503854751586914e-01
5.656024217605590820e-01
6.627163887023925781e-01
6.689000129699707031e-01
5.550240278244018555e-01
6.848726272583007812e-01
6.346840262413024902e-01
6.452356576919555664e-01
6.363128423690795898e-01
6.203262209892272949e-01
6.378533244132995605e-01
7.299339771270751953e-01
7.093465328216552734e-01
6.257672309875488281e-01
5.716705322265625000e-01
6.855788230895996094e-01
7.105494141578674316e-01
5.870314836502075195e-01
8.807673454284667969e-01
6.196426153182983398e-01
6.146606802940368652e-01
6.360797882080078125e-01
6.681745052337646484e-01
7.483612298965454102e-01
6.123827695846557617e-01
6.450287103652954102e-01
8.054385185241699219e-01
6.895589232444763184e-01
6.178765296936035156e-01
6.665784716606140137e-01
6.208955049514770508e-01
6.233011484146118164e-01
4.999276995658874512e-01
6.769458055496215820e-01
7.942476272583007812e-01
6.435677409172058105e-01
5.986965894699096680e-01
6.786184906959533691e-01
6.121867895126342773e-01
7.234757542610168457e-01
6.525775790214538574e-01
6.182075738906860352e-01
6.983533501625061035e-01
5.838479995727539062e-01
6.736668348312377930e-01
5.722883343696594238e-01
6.750750541687011719e-01
7.050330638885498047e-01
6.496306657791137695e-01
6.772499084472656250e-01
5.150144100189208984e-01
6.659131050109863281e-01
6.678262948989868164e-01
7.101864814758300781e-01
7.522459030151367188e-01
6.099267005920410156e-01
6.324137449264526367e-01
7.442454099655151367e-01
6.545441746711730957e-01
5.250599384307861328e-01
6.255050897598266602e-01
6.548622846603393555e-01
7.873580455780029297e-01
6.852122545242309570e-01
5.723966956138610840e-01
5.758477449417114258e-01
6.402636766433715820e-01
6.496095657348632812e-01
8.319773674011230469e-01
5.131477117538452148e-01
5.627149343490600586e-01
6.063963174819946289e-01
6.024345159530639648e-01
7.047201991081237793e-01
5.893828868865966797e-01
5.616130828857421875e-01
5.486686229705810547e-01
5.842347145080566406e-01
6.432613134384155273e-01
6.222534775733947754e-01
6.191949844360351562e-01
7.065920233726501465e-01
5.446495413780212402e-01
6.172254085540771484e-01
6.864271163940429688e-01
6.345725655555725098e-01
7.187894582748413086e-01
7.057396173477172852e-01
6.714954376220703125e-01
7.705883979797363281e-01
6.644171476364135742e-01
6.594718694686889648e-01
6.639527678489685059e-01
6.386360526084899902e-01
5.904213190078735352e-01
6.498101949691772461e-01
7.680945992469787598e-01
7.157589197158813477e-01
6.311720609664916992e-01
5.297229290008544922e-01
6.977730989456176758e-01
6.131891012191772461e-01
7.018693685531616211e-01
8.149679899215698242e-01
5.898892879486083984e-01
6.181876659393310547e-01
7.384228706359863281e-01
5.659307837486267090e-01
7.463827729225158691e-01
6.977043151855468750e-01
6.547480821609497070e-01
7.601624727249145508e-01
7.030868530273437500e-01
6.350245475769042969e-01
7.806495428085327148e-01
5.013272762298583984e-01
6.875522732734680176e-01
6.948397159576416016e-01
4.921361804008483887e-01
7.188405990600585938e-01
7.301597595214843750e-01
7.098433971405029297e-01
6.518170833587646484e-01
8.495689034461975098e-01
7.284690141677856445e-01
4.875392615795135498e-01
5.762643218040466309e-01
6.577656865119934082e-01
5.345159769058227539e-01
7.826603055000305176e-01
6.625570058822631836e-01
5.686597228050231934e-01
5.826178789138793945e-01
7.812818288803100586e-01
6.132309436798095703e-01
5.476276874542236328e-01
6.084500551223754883e-01
6.902297139167785645e-01
7.511551380157470703e-01
5.459809303283691406e-01
5.849074721336364746e-01
6.689675450325012207e-01
7.044637203216552734e-01
5.808502435684204102e-01
7.233449220657348633e-01
7.218631505966186523e-01
6.429431438446044922e-01
5.588810443878173828e-01
6.431612968444824219e-01
7.201324701309204102e-01
7.391702532768249512e-01
6.145012378692626953e-01
6.266945600509643555e-01
5.934294462203979492e-01
5.997096300125122070e-01
6.310350298881530762e-01
6.521434783935546875e-01
6.604516506195068359e-01
8.233015537261962891e-01
5.859216451644897461e-01
6.572154164314270020e-01
5.670493841171264648e-01
5.324904322624206543e-01
5.968798398971557617e-01
7.041145563125610352e-01
7.307909131050109863e-01
6.626492738723754883e-01
6.753017902374267578e-01
5.519328117370605469e-01
6.442416310310363770e-01
6.256509423255920410e-01
6.928658485412597656e-01
6.422163844108581543e-01
6.692724823951721191e-01
6.328687071800231934e-01
6.801520586013793945e-01
5.759360790252685547e-01
7.987369298934936523e-01
5.778411030769348145e-01
6.475583910942077637e-01
8.445068597793579102e-01
6.548252701759338379e-01
5.951480269432067871e-01
7.040567398071289062e-01
6.964632272720336914e-01
5.946156978607177734e-01
6.237725019454956055e-01
5.558345317840576172e-01
9.472612142562866211e-01
6.413873434066772461e-01
5.950306653976440430e-01
6.272034645080566406e-01
5.272358059883117676e-01
7.080617547035217285e-01
7.053343057632446289e-01
6.489931941032409668e-01
6.776740550994873047e-01
5.888978242874145508e-01
6.830346584320068359e-01
6.233710050582885742e-01
7.303254604339599609e-01
5.557876825332641602e-01
6.602562069892883301e-01
5.879382491111755371e-01
6.770658493041992188e-01
6.882014274597167969e-01
6.634356975555419922e-01
6.157926321029663086e-01
6.056743860244750977e-01
6.217402219772338867e-01
6.652004122734069824e-01
6.043345332145690918e-01
6.381697654724121094e-01
7.135257124900817871e-01
5.970093011856079102e-01
4.738732874393463135e-01
7.150003910064697266e-01
6.225669384002685547e-01
5.398236513137817383e-01
6.002643108367919922e-01
6.564269661903381348e-01
5.748654603958129883e-01
4.934616982936859131e-01
5.300000905990600586e-01
5.220242142677307129e-01
6.044225096702575684e-01
5.429877042770385742e-01
6.484304666519165039e-01
5.877603292465209961e-01
4.934762120246887207e-01
5.538747310638427734e-01
4.752141833305358887e-01
6.204144954681396484e-01
5.954552888870239258e-01
5.564486980438232422e-01
5.312631130218505859e-01
6.472709178924560547e-01
5.404183864593505859e-01
5.996304750442504883e-01
4.988121688365936279e-01
5.596503019332885742e-01
5.607154369354248047e-01
4.739122092723846436e-01
5.525330305099487305e-01
5.661512613296508789e-01
6.923091411590576172e-01
6.088540554046630859e-01
6.505964994430541992e-01
5.793764591217041016e-01
5.328596234321594238e-01
7.559595704078674316e-01
4.922860264778137207e-01
5.693823695182800293e-01
4.839200079441070557e-01
6.228171586990356445e-01
5.736024379730224609e-01
5.101039409637451172e-01
7.268056273460388184e-01
7.665459513664245605e-01
5.712405443191528320e-01
7.146676778793334961e-01
5.364992618560791016e-01
6.283870935440063477e-01
7.393558025360107422e-01
6.101152896881103516e-01
7.766027450561523438e-01
7.028896808624267578e-01
6.777237653732299805e-01
6.351807117462158203e-01
6.791132092475891113e-01
5.560519695281982422e-01
5.015772581100463867e-01
6.363477706909179688e-01
5.986438393592834473e-01
6.228587627410888672e-01
6.760658621788024902e-01
5.873857140541076660e-01
6.678525209426879883e-01
5.884674787521362305e-01
5.259794592857360840e-01
6.879293322563171387e-01
5.315101146697998047e-01
7.187738418579101562e-01
6.090949773788452148e-01
6.557702422142028809e-01
6.298543214797973633e-01
6.552270650863647461e-01
5.277210474014282227e-01
5.437660217285156250e-01
5.576586723327636719e-01
5.046000480651855469e-01
5.644780397415161133e-01
6.206179857254028320e-01
6.077324748039245605e-01
6.027153730392456055e-01
5.274338722229003906e-01
5.928285121917724609e-01
5.944763422012329102e-01
5.621306896209716797e-01
6.355580091476440430e-01
6.378353834152221680e-01
6.720210313796997070e-01
4.521666169166564941e-01
6.846626400947570801e-01
6.073560118675231934e-01
6.085343360900878906e-01
6.431262493133544922e-01
5.480964183807373047e-01
5.828028917312622070e-01
5.691198706626892090e-01
5.841202735900878906e-01
6.344970464706420898e-01
5.891922712326049805e-01
5.550321340560913086e-01
5.368106365203857422e-01
7.201049327850341797e-01
6.731590032577514648e-01
6.805058121681213379e-01
6.684417724609375000e-01
6.968236565589904785e-01
6.008698940277099609e-01
6.204220056533813477e-01
6.564442515373229980e-01
6.152541637420654297e-01
5.463736653327941895e-01
5.864412188529968262e-01
6.562703847885131836e-01
6.429099440574645996e-01
6.676734089851379395e-01
6.980090141296386719e-01
5.626926422119140625e-01
6.574121713638305664e-01
4.888291060924530029e-01
5.771268010139465332e-01
5.441768765449523926e-01
6.114635467529296875e-01
6.098356246948242188e-01
6.338468194007873535e-01
6.657670736312866211e-01
5.090832710266113281e-01
4.452487826347351074e-01
5.998193621635437012e-01
5.279831290245056152e-01
5.529944300651550293e-01
6.892722845077514648e-01
6.700129508972167969e-01
6.701948642730712891e-01
6.758385896682739258e-01
6.334268450736999512e-01
5.609833002090454102e-01
5.801372528076171875e-01
5.733009576797485352e-01
6.890048980712890625e-01
6.481892466545104980e-01
6.978721618652343750e-01
5.130752921104431152e-01
6.853263378143310547e-01
5.867723226547241211e-01
6.355885267257690430e-01
7.402642965316772461e-01
6.268169879913330078e-01
6.589691638946533203e-01
5.667740702629089355e-01
6.561377644538879395e-01
6.462687253952026367e-01
7.245337963104248047e-01
4.749748110771179199e-01
6.028988361358642578e-01
6.355924606323242188e-01
5.367625951766967773e-01
6.106696128845214844e-01
7.454190254211425781e-01
5.033310055732727051e-01
6.040717363357543945e-01
6.491875648498535156e-01
6.791502237319946289e-01
6.475836038589477539e-01
6.587591171264648438e-01
6.633014678955078125e-01
5.489290952682495117e-01
5.533673763275146484e-01
6.061632633209228516e-01
5.830537080764770508e-01
6.327404975891113281e-01
5.700048208236694336e-01
6.461365222930908203e-01
7.140727639198303223e-01
6.932647228240966797e-01
5.845293998718261719e-01
5.910403132438659668e-01
7.092127799987792969e-01
5.316877961158752441e-01
7.187504172325134277e-01
6.966679096221923828e-01
5.976243019104003906e-01
7.073892354965209961e-01
5.812832117080688477e-01
6.591434478759765625e-01
6.418969631195068359e-01
6.441950798034667969e-01
6.173729896545410156e-01
5.987241864204406738e-01
6.010750532150268555e-01
6.818609237670898438e-01
6.318975687026977539e-01
6.172080039978027344e-01
5.457006692886352539e-01
6.297469735145568848e-01
5.659914016723632812e-01
6.143222451210021973e-01
5.779304504394531250e-01
6.159973144531250000e-01
6.348822116851806641e-01
5.907400846481323242e-01
7.281379699707031250e-01
6.048961877822875977e-01
6.124880313873291016e-01
6.174080967903137207e-01
5.871437191963195801e-01
5.553472042083740234e-01
7.190939188003540039e-01
7.519309520721435547e-01
6.385209560394287109e-01
6.536142826080322266e-01
6.692339181900024414e-01
6.663424968719482422e-01
6.435343027114868164e-01
6.164395213127136230e-01
6.514920592308044434e-01
6.784157752990722656e-01
6.730570793151855469e-01
5.454070568084716797e-01
6.264714598655700684e-01
5.544221401214599609e-01
7.387778162956237793e-01
6.956652402877807617e-01
6.391543149948120117e-01
6.580772995948791504e-01
6.429114341735839844e-01
5.603867769241333008e-01
6.180902719497680664e-01
6.809572577476501465e-01
6.265804767608642578e-01
6.495325565338134766e-01
6.727222204208374023e-01
5.857075452804565430e-01
7.102043032646179199e-01
5.372968912124633789e-01
6.696438193321228027e-01
7.302925586700439453e-01
8.108448386192321777e-01
6.056692600250244141e-01
5.384913086891174316e-01
6.544886827468872070e-01
5.583906173706054688e-01
7.224122285842895508e-01
6.974408626556396484e-01
5.714405775070190430e-01
6.552209258079528809e-01
7.073407173156738281e-01
7.374348640441894531e-01
5.356040000915527344e-01
5.952527523040771484e-01
5.111436247825622559e-01
5.700534582138061523e-01
4.935021698474884033e-01
6.663419008255004883e-01
5.495184659957885742e-01
5.644454956054687500e-01
6.982884407043457031e-01
5.649971961975097656e-01
5.654534101486206055e-01
6.686996817588806152e-01
7.662459611892700195e-01
5.524281859397888184e-01
7.430683374404907227e-01
5.483773350715637207e-01
5.760221481323242188e-01
6.561996936798095703e-01
5.759194493293762207e-01
6.959686875343322754e-01
5.994672775268554688e-01
6.786891818046569824e-01
5.727831125259399414e-01
5.381594896316528320e-01
6.961359977722167969e-01
5.494588017463684082e-01
6.219518184661865234e-01
6.749992966651916504e-01
6.416136026382446289e-01
6.510883569717407227e-01
6.731100082397460938e-01
6.820173859596252441e-01
7.085546851158142090e-01
7.493584156036376953e-01
5.381650924682617188e-01
7.005786895751953125e-01
5.945472121238708496e-01
7.438067793846130371e-01
6.842146515846252441e-01
6.250978708267211914e-01
6.464620828628540039e-01
7.282363176345825195e-01
6.454817652702331543e-01
6.463379263877868652e-01
5.691079497337341309e-01
6.061412096023559570e-01
6.760085821151733398e-01
6.709539890289306641e-01
5.978262424468994141e-01
6.000708341598510742e-01
5.018451213836669922e-01
8.110710382461547852e-01
6.384608745574951172e-01
6.356171369552612305e-01
6.221146583557128906e-01
5.500466823577880859e-01
5.958420634269714355e-01
6.973244547843933105e-01
7.793169021606445312e-01
6.532835960388183594e-01
5.727344751358032227e-01
5.627528429031372070e-01
7.674254179000854492e-01
7.117121219635009766e-01
6.949990987777709961e-01
5.780041217803955078e-01
6.489320993423461914e-01
7.002937793731689453e-01
6.155558824539184570e-01
5.633875131607055664e-01
6.317844390869140625e-01
7.404667735099792480e-01
7.154268026351928711e-01
5.541056394577026367e-01
8.200731277465820312e-01
6.436653137207031250e-01
6.089190244674682617e-01
7.582426667213439941e-01
5.583945512771606445e-01
7.232373952865600586e-01
6.676306724548339844e-01
6.431290507316589355e-01
4.808534979820251465e-01
5.920382738113403320e-01
6.703264713287353516e-01
6.852111220359802246e-01
7.594263553619384766e-01
6.179050207138061523e-01
7.095335125923156738e-01
4.966369867324829102e-01
5.665524005889892578e-01
5.412088632583618164e-01
7.117954492568969727e-01
7.231297492980957031e-01
7.334120869636535645e-01
6.964893937110900879e-01
5.619297027587890625e-01
7.115824818611145020e-01
6.898009777069091797e-01
7.063263654708862305e-01
6.365272998809814453e-01
6.384056806564331055e-01
7.418198585510253906e-01
7.295738458633422852e-01
6.634619235992431641e-01
7.991364598274230957e-01
6.589057445526123047e-01
7.604637145996093750e-01
1.147274494171142578e+00
5.279955863952636719e-01
5.941762924194335938e-01
4.861973524093627930e-01
6.305758953094482422e-01
4.824808835983276367e-01
6.524693965911865234e-01
6.576833724975585938e-01
5.183002948760986328e-01
5.770850181579589844e-01
6.890925168991088867e-01
5.629376173019409180e-01
5.687270164489746094e-01
5.606648325920104980e-01
6.264757513999938965e-01
5.281589031219482422e-01
5.664429664611816406e-01
6.334905624389648438e-01
5.324474573135375977e-01
5.806556940078735352e-01
6.382954120635986328e-01
5.282121896743774414e-01
6.041287183761596680e-01
5.345993041992187500e-01
5.199052691459655762e-01
5.474683046340942383e-01
6.637239456176757812e-01
5.378579497337341309e-01
6.320176124572753906e-01
6.345113515853881836e-01
5.900529623031616211e-01
5.226288437843322754e-01
7.233134508132934570e-01
6.139038801193237305e-01
5.624353289604187012e-01
4.822735786437988281e-01
6.240798234939575195e-01
6.187607049942016602e-01
6.362357139587402344e-01
6.257228851318359375e-01
5.990371704101562500e-01
4.570722877979278564e-01
5.640204548835754395e-01
5.746587514877319336e-01
5.121087431907653809e-01
4.943616986274719238e-01
7.681598663330078125e-01
5.498180389404296875e-01
7.170250415802001953e-01
5.315322279930114746e-01
5.494353771209716797e-01
5.765628814697265625e-01
5.251227617263793945e-01
6.253206729888916016e-01
7.028055191040039062e-01
5.978658199310302734e-01
5.370540618896484375e-01
5.364646315574645996e-01
5.961778163909912109e-01
5.830562710762023926e-01
5.627968311309814453e-01
5.524412393569946289e-01
6.749653816223144531e-01
6.669385433197021484e-01
5.923622846603393555e-01
6.120097041130065918e-01
4.984456300735473633e-01
5.977755188941955566e-01
5.512548685073852539e-01
4.977416992187500000e-01
7.719253301620483398e-01
5.846081376075744629e-01
6.555780172348022461e-01
6.691884994506835938e-01
5.405808687210083008e-01
5.903983116149902344e-01
4.614530801773071289e-01
5.526891946792602539e-01
5.560749769210815430e-01
6.776486635208129883e-01
5.275554656982421875e-01
5.323731303215026855e-01
5.975337028503417969e-01
5.541088581085205078e-01
5.684216022491455078e-01
5.327463746070861816e-01
6.639486551284790039e-01
6.031560301780700684e-01
5.392763018608093262e-01
5.712284445762634277e-01
5.272279381752014160e-01
6.464568376541137695e-01
4.667246341705322266e-01
6.428873538970947266e-01
5.587746500968933105e-01
6.523635983467102051e-01
5.193023085594177246e-01
5.610601902008056641e-01
6.487205028533935547e-01
6.043650507926940918e-01
6.240426898002624512e-01
6.740421056747436523e-01
6.059563159942626953e-01
5.762428045272827148e-01
6.531384587287902832e-01
5.963120460510253906e-01
6.087175607681274414e-01
6.067991256713867188e-01
5.802079439163208008e-01
5.864166021347045898e-01
5.222682356834411621e-01
5.277993679046630859e-01
6.641021966934204102e-01
6.390872001647949219e-01
5.642461776733398438e-01
5.415737628936767578e-01
5.653375387191772461e-01
5.418142080307006836e-01
6.253049373626708984e-01
6.396949291229248047e-01
6.231662631034851074e-01
6.294122934341430664e-01
6.053500771522521973e-01
5.361949205398559570e-01
7.178733348846435547e-01
6.257927417755126953e-01
5.529645085334777832e-01
5.866537094116210938e-01
7.422629594802856445e-01
8.740876913070678711e-01
6.038573384284973145e-01
6.328713893890380859e-01
5.551308393478393555e-01
6.354266405105590820e-01
5.262017846107482910e-01
4.961005747318267822e-01
5.496076345443725586e-01
5.805772542953491211e-01
7.467242479324340820e-01
5.501412153244018555e-01
5.764069557189941406e-01
6.484937071800231934e-01
6.573831439018249512e-01
5.631021261215209961e-01
6.226429343223571777e-01
5.269802808761596680e-01
6.409943103790283203e-01
6.564144492149353027e-01
6.497764587402343750e-01
6.411733627319335938e-01
5.904911160469055176e-01
6.112692952156066895e-01
5.026440620422363281e-01
5.714143514633178711e-01
5.551736950874328613e-01
5.728110074996948242e-01
5.254468321800231934e-01
6.122615337371826172e-01
7.260011434555053711e-01
5.829429626464843750e-01
6.916531324386596680e-01
6.342605352401733398e-01
5.908024311065673828e-01
5.635682940483093262e-01
6.260927915573120117e-01
6.774790883064270020e-01
5.673888921737670898e-01
6.336627602577209473e-01
6.116147637367248535e-01
5.737663507461547852e-01
6.101908683776855469e-01
5.907550454139709473e-01
4.826297461986541748e-01
6.724435091018676758e-01
6.357469558715820312e-01
5.707947015762329102e-01
4.594795703887939453e-01
6.806830167770385742e-01
5.635805130004882812e-01
6.754199266433715820e-01
6.552641391754150391e-01
4.981597363948822021e-01
6.883658170700073242e-01
6.892541050910949707e-01
5.970010757446289062e-01
5.829094648361206055e-01
5.242151021957397461e-01
5.326482653617858887e-01
6.323194503784179688e-01
5.284659862518310547e-01
4.859524965286254883e-01
5.164008140563964844e-01
6.202726364135742188e-01
6.104238033294677734e-01
5.169708728790283203e-01
5.946637392044067383e-01
6.472249031066894531e-01
6.470707058906555176e-01
6.749141216278076172e-01
6.693281531333923340e-01
6.697377562522888184e-01
5.412725210189819336e-01
5.537750124931335449e-01
5.584822893142700195e-01
6.057087182998657227e-01
6.582635641098022461e-01
7.951911687850952148e-01
5.812732577323913574e-01
5.790671110153198242e-01
5.064554214477539062e-01
5.261979699134826660e-01
5.750747919082641602e-01
6.411813497543334961e-01
6.012195348739624023e-01
6.554540395736694336e-01
5.937425494194030762e-01
5.545370578765869141e-01
5.365887880325317383e-01
7.079037427902221680e-01
6.338957548141479492e-01
5.931822061538696289e-01
6.676710844039916992e-01
7.114864587783813477e-01
7.323804497718811035e-01
5.790886878967285156e-01
6.180987358093261719e-01
7.034052014350891113e-01
6.291476488113403320e-01
4.868285655975341797e-01
6.392627954483032227e-01
6.152501106262207031e-01
5.712450742721557617e-01
5.290522575378417969e-01
7.700074911117553711e-01
6.071209907531738281e-01
6.333076953887939453e-01
7.147952914237976074e-01
8.504160642623901367e-01
5.552200078964233398e-01
7.111916542053222656e-01
5.760765671730041504e-01
6.800221204757690430e-01
6.381744146347045898e-01
6.457799077033996582e-01
6.318899393081665039e-01
6.179895401000976562e-01
7.438642978668212891e-01
6.866224408149719238e-01
6.318541765213012695e-01
5.317455530166625977e-01
5.549384355545043945e-01
6.207171678543090820e-01
6.911097764968872070e-01
6.192895174026489258e-01
7.732731699943542480e-01
7.804605960845947266e-01
6.912429332733154297e-01
7.985028028488159180e-01
6.715642809867858887e-01
6.181786656379699707e-01
5.220184326171875000e-01
5.713778138160705566e-01
6.188535094261169434e-01
5.821560621261596680e-01
5.829364061355590820e-01
7.510018944740295410e-01
7.743182778358459473e-01
6.058461666107177734e-01
5.772197246551513672e-01
5.690966844558715820e-01
5.159851908683776855e-01
6.911787986755371094e-01
6.497739553451538086e-01
6.212386488914489746e-01
7.072550058364868164e-01
6.355051398277282715e-01
7.072536349296569824e-01
4.754899740219116211e-01
6.419101953506469727e-01
6.373575925827026367e-01
6.900298595428466797e-01
5.954841375350952148e-01
5.693750381469726562e-01
6.491156816482543945e-01
6.564093828201293945e-01
5.406984686851501465e-01
5.864606499671936035e-01
5.667124986648559570e-01
6.495935320854187012e-01
6.374001502990722656e-01
6.181775331497192383e-01
6.555317640304565430e-01
5.850815773010253906e-01
6.492650508880615234e-01
6.538897156715393066e-01
5.760546326637268066e-01
5.770896673202514648e-01
7.440532445907592773e-01
5.636347532272338867e-01
5.145780444145202637e-01
6.147656440734863281e-01
6.160700321197509766e-01
5.754781961441040039e-01
7.133228778839111328e-01
5.320919752120971680e-01
5.796161293983459473e-01
7.038131952285766602e-01
5.982010364532470703e-01
5.787088871002197266e-01
5.519888401031494141e-01
7.194613814353942871e-01
5.586785078048706055e-01
5.606531500816345215e-01
6.596110463142395020e-01
6.469053030014038086e-01
7.715319395065307617e-01
6.702773571014404297e-01
8.231871128082275391e-01
7.292701005935668945e-01
5.164148211479187012e-01
6.192352175712585449e-01
5.326334238052368164e-01
4.899057149887084961e-01
6.268894672393798828e-01
7.056975364685058594e-01
6.225017905235290527e-01
7.459204792976379395e-01
6.828085184097290039e-01
6.985262632369995117e-01
7.094914913177490234e-01
6.582199335098266602e-01
7.074546813964843750e-01
6.866465806961059570e-01
5.690920352935791016e-01
7.394396066665649414e-01
6.995711326599121094e-01
6.316595077514648438e-01
6.193382740020751953e-01
6.218206286430358887e-01
6.623161435127258301e-01
6.043024659156799316e-01
6.922879815101623535e-01
7.154116630554199219e-01
5.619083642959594727e-01
6.854664087295532227e-01
6.552794575691223145e-01
5.657512545585632324e-01
6.342031955718994141e-01
5.893102884292602539e-01
6.356750726699829102e-01
5.789200067520141602e-01
6.568461656570434570e-01
5.805227756500244141e-01
5.200024843215942383e-01
6.368873119354248047e-01
5.590622425079345703e-01
6.412314772605895996e-01
6.026442646980285645e-01
5.807879567146301270e-01
5.635755062103271484e-01
5.370874404907226562e-01
5.287955403327941895e-01
5.340497493743896484e-01
5.213429331779479980e-01
6.928882598876953125e-01
5.440427064895629883e-01
5.274568796157836914e-01
4.608436226844787598e-01
5.326235294342041016e-01
5.168317556381225586e-01
5.359085202217102051e-01
6.400973796844482422e-01
5.979810953140258789e-01
5.429058074951171875e-01
5.381083488464355469e-01
6.158852577209472656e-01
4.691673219203948975e-01
6.242836713790893555e-01
4.514423310756683350e-01
6.494312286376953125e-01
5.929888486862182617e-01
5.825749039649963379e-01
6.126552224159240723e-01
6.425672769546508789e-01
5.186135768890380859e-01
5.448228716850280762e-01
5.786078572273254395e-01
6.534991264343261719e-01
5.159438848495483398e-01
4.217721223831176758e-01
5.272772312164306641e-01
6.523290276527404785e-01
4.907723069190979004e-01
6.075997352600097656e-01
5.912019014358520508e-01
5.850393772125244141e-01
4.205255806446075439e-01
4.619688391685485840e-01
5.441576838493347168e-01
6.956569552421569824e-01
5.462509989738464355e-01
4.696887135505676270e-01
6.450338363647460938e-01
5.375171899795532227e-01
5.197162628173828125e-01
5.087212324142456055e-01
4.822320938110351562e-01
5.836677551269531250e-01
6.465054750442504883e-01
5.496807098388671875e-01
5.567391514778137207e-01
4.832739531993865967e-01
4.770064055919647217e-01
5.429938435554504395e-01
5.363623499870300293e-01
6.210293769836425781e-01
5.323350429534912109e-01
5.828956365585327148e-01
6.272161602973937988e-01
5.396790504455566406e-01
6.161922216415405273e-01
4.848551154136657715e-01
6.213397383689880371e-01
4.850821197032928467e-01
6.006047725677490234e-01
6.531641483306884766e-01
5.605273246765136719e-01
6.277194619178771973e-01
5.965163707733154297e-01
7.476298809051513672e-01
5.002455115318298340e-01
4.897298216819763184e-01
6.749439835548400879e-01
5.648375153541564941e-01
5.925834178924560547e-01
4.448441267013549805e-01
5.039522647857666016e-01
4.657979011535644531e-01
5.428637862205505371e-01
7.188307642936706543e-01
6.289418935775756836e-01
5.636376142501831055e-01
5.017803907394409180e-01
5.385226011276245117e-01
5.376286506652832031e-01
5.624545812606811523e-01
6.165784001350402832e-01
4.790132045745849609e-01
5.641523003578186035e-01
4.483011364936828613e-01
5.421906709671020508e-01
5.666848421096801758e-01
5.952573418617248535e-01
6.549364924430847168e-01
6.009863615036010742e-01
5.132912397384643555e-01
5.081195831298828125e-01
6.965845823287963867e-01
5.095069408416748047e-01
5.412083864212036133e-01
6.274594068527221680e-01
5.179360508918762207e-01
5.034326910972595215e-01
4.050391912460327148e-01
5.446503162384033203e-01
5.673059225082397461e-01
5.937873721122741699e-01
6.563785076141357422e-01
6.515628099441528320e-01
5.648299455642700195e-01
5.346621870994567871e-01
5.411193370819091797e-01
5.177259445190429688e-01
4.630221724510192871e-01
5.611278414726257324e-01
5.085098743438720703e-01
6.633693575859069824e-01
5.583117604255676270e-01
6.300092935562133789e-01
5.971071720123291016e-01
6.451570987701416016e-01
6.684819459915161133e-01
6.557416915893554688e-01
6.272822618484497070e-01
6.672606468200683594e-01
4.932864010334014893e-01
6.173517704010009766e-01
6.686503291130065918e-01
5.267231464385986328e-01
5.252051949501037598e-01
6.655458211898803711e-01
5.902489423751831055e-01
5.830320119857788086e-01
4.925121068954467773e-01
5.598694086074829102e-01
6.223121881484985352e-01
6.992872953414916992e-01
5.372601151466369629e-01
5.042833089828491211e-01
5.896230936050415039e-01
5.988354682922363281e-01
6.190128326416015625e-01
5.921055078506469727e-01
5.732914209365844727e-01
5.883636474609375000e-01
5.293852090835571289e-01
5.584343671798706055e-01
5.852431058883666992e-01
5.266057252883911133e-01
5.653493404388427734e-01
6.804407238960266113e-01
6.640111207962036133e-01
7.319277524948120117e-01
6.114956140518188477e-01
6.166973710060119629e-01
5.607087612152099609e-01
6.168216466903686523e-01
6.356389522552490234e-01
6.792683601379394531e-01
5.712448358535766602e-01
4.766549170017242432e-01
5.983641147613525391e-01
5.955110192298889160e-01
6.679532527923583984e-01
6.111552715301513672e-01
5.735920071601867676e-01
4.988384842872619629e-01
5.763133168220520020e-01
4.279008507728576660e-01
5.714206099510192871e-01
5.525197982788085938e-01
6.377953290939331055e-01
6.594113111495971680e-01
5.558462738990783691e-01
5.770952701568603516e-01
4.793941974639892578e-01
6.555730104446411133e-01
6.385937333106994629e-01
6.659113168716430664e-01
6.519824266433715820e-01
6.972524523735046387e-01
5.260447263717651367e-01
5.480412244796752930e-01
5.844392180442810059e-01
6.101377010345458984e-01
5.441887974739074707e-01
5.642964243888854980e-01
5.462601184844970703e-01
5.258577466011047363e-01
4.956673681735992432e-01
5.185303688049316406e-01
5.201208591461181641e-01
5.819380879402160645e-01
6.933600902557373047e-01
7.668406367301940918e-01
6.185808181762695312e-01
5.309426784515380859e-01
5.986129641532897949e-01
5.169602036476135254e-01
6.175187826156616211e-01
6.102667450904846191e-01
5.872974395751953125e-01
6.680703163146972656e-01
4.316950440406799316e-01
5.273817777633666992e-01
6.944590806961059570e-01
5.754631757736206055e-01
6.439355611801147461e-01
5.444294214248657227e-01
5.521359443664550781e-01
5.145453214645385742e-01
7.244518995285034180e-01
5.603207945823669434e-01
5.188909769058227539e-01
5.344962477684020996e-01
7.058231830596923828e-01
4.197540283203125000e-01
5.794186592102050781e-01
6.034464836120605469e-01
5.549232959747314453e-01
5.721790194511413574e-01
6.094179153442382812e-01
6.000322103500366211e-01
6.422054171562194824e-01
6.361387968063354492e-01
6.164684295654296875e-01
5.757033824920654297e-01
6.461262702941894531e-01
6.797896623611450195e-01
5.643271803855895996e-01
6.446844339370727539e-01
6.605545282363891602e-01
5.368678569793701172e-01
6.949717402458190918e-01
6.053560972213745117e-01
5.657785534858703613e-01
6.981215476989746094e-01
6.870823502540588379e-01
6.026409864425659180e-01
5.647410154342651367e-01
6.692872047424316406e-01
5.681309700012207031e-01
5.177582502365112305e-01
6.695537567138671875e-01
5.273510217666625977e-01
6.827684640884399414e-01
8.050282001495361328e-01
5.720764398574829102e-01
6.166161298751831055e-01
6.375738382339477539e-01
6.370696425437927246e-01
6.499087214469909668e-01
5.787465572357177734e-01
5.939500927925109863e-01
5.979842543601989746e-01
7.459934949874877930e-01
6.392841339111328125e-01
6.591265201568603516e-01
6.072932481765747070e-01
6.370083093643188477e-01
6.312679052352905273e-01
5.953707098960876465e-01
4.518430233001708984e-01
6.815769672393798828e-01
6.006122231483459473e-01
5.978410243988037109e-01
6.744507551193237305e-01
6.972696781158447266e-01
6.700093746185302734e-01
6.239657402038574219e-01
6.585509181022644043e-01
6.314814090728759766e-01
5.287218689918518066e-01
4.720338582992553711e-01
6.294771432876586914e-01
5.691385269165039062e-01
5.465511083602905273e-01
7.359479665756225586e-01
6.558218002319335938e-01
6.629046201705932617e-01
5.766788721084594727e-01
6.144452095031738281e-01
6.775487661361694336e-01
5.342788100242614746e-01
5.500782728195190430e-01
6.908962726593017578e-01
5.702710747718811035e-01
6.099913120269775391e-01
6.032276153564453125e-01
6.524857282638549805e-01
5.311006307601928711e-01
5.835078358650207520e-01
6.063259840011596680e-01
6.001496315002441406e-01
5.989015102386474609e-01
6.576381921768188477e-01
7.937438488006591797e-01
5.028742551803588867e-01
6.811684966087341309e-01
6.784045696258544922e-01
7.192264795303344727e-01
5.386869907379150391e-01
5.360916852951049805e-01
5.690302848815917969e-01
5.288333296775817871e-01
4.650070965290069580e-01
6.512405872344970703e-01
5.788348913192749023e-01
6.563222408294677734e-01
6.463516950607299805e-01
6.753755211830139160e-01
7.320697307586669922e-01
7.019467353820800781e-01
5.740758776664733887e-01
5.939971208572387695e-01
6.070317625999450684e-01
4.994252920150756836e-01
6.221317648887634277e-01
7.749207019805908203e-01
5.561343431472778320e-01
6.810948848724365234e-01
6.068125367164611816e-01
6.047192811965942383e-01
6.485636234283447266e-01
6.880803108215332031e-01
5.285433530807495117e-01
6.197916865348815918e-01
6.609065532684326172e-01
5.472402572631835938e-01
5.456523895263671875e-01
7.048298716545104980e-01
6.148792505264282227e-01
6.220831871032714844e-01
5.394707918167114258e-01
6.771785020828247070e-01
5.426043272018432617e-01
6.574567556381225586e-01
5.656042098999023438e-01
6.155737042427062988e-01
5.388742089271545410e-01
5.745101571083068848e-01
8.077113628387451172e-01
6.149494647979736328e-01
5.277990102767944336e-01
6.169131994247436523e-01
5.844945907592773438e-01
6.056277155876159668e-01
6.125438213348388672e-01
9.257578849792480469e-01
6.272723078727722168e-01
6.194070577621459961e-01
5.048950910568237305e-01
5.241344571113586426e-01
6.629179716110229492e-01
6.144206523895263672e-01
5.154576897621154785e-01
5.302327275276184082e-01
5.648126602172851562e-01
5.083324313163757324e-01
5.927243232727050781e-01
5.878887772560119629e-01
5.529625415802001953e-01
6.922097206115722656e-01
5.638281702995300293e-01
5.408958792686462402e-01
5.376396775245666504e-01
6.707483530044555664e-01
5.711320638656616211e-01
5.143575668334960938e-01
5.411022901535034180e-01
5.028036832809448242e-01
5.401540994644165039e-01
5.709669589996337891e-01
5.679151415824890137e-01
6.192661523818969727e-01
5.036485195159912109e-01
5.509768724441528320e-01
5.501681566238403320e-01
5.096969604492187500e-01
5.548807978630065918e-01
5.330140590667724609e-01
5.704905390739440918e-01
5.973136425018310547e-01
4.776630699634552002e-01
5.734159350395202637e-01
6.065878868103027344e-01
5.147111415863037109e-01
5.540874600410461426e-01
5.442599058151245117e-01
5.219234824180603027e-01
5.190419554710388184e-01
5.843558311462402344e-01
4.827269315719604492e-01
5.097576975822448730e-01
5.305134057998657227e-01
5.921027660369873047e-01
5.018992424011230469e-01
5.349514484405517578e-01
5.942001938819885254e-01
5.322771668434143066e-01
6.741865873336791992e-01
5.404541492462158203e-01
4.880172908306121826e-01
5.190714001655578613e-01
5.151246786117553711e-01
4.472255110740661621e-01
4.946073889732360840e-01
5.022442936897277832e-01
5.729333162307739258e-01
5.181452035903930664e-01
5.348085165023803711e-01
6.674319505691528320e-01
6.454641222953796387e-01
5.846067667007446289e-01
4.724188446998596191e-01
4.808976948261260986e-01
6.444148421287536621e-01
6.169555187225341797e-01
6.043947935104370117e-01
5.094857215881347656e-01
5.685622692108154297e-01
6.317734122276306152e-01
5.900424718856811523e-01
5.336123704910278320e-01
8.184046149253845215e-01
6.256535053253173828e-01
4.621155858039855957e-01
5.164346694946289062e-01
5.249524116516113281e-01
5.124228000640869141e-01
5.032849311828613281e-01
5.675881505012512207e-01
5.713158845901489258e-01
7.339221239089965820e-01
5.471270084381103516e-01
5.494809150695800781e-01
5.970314741134643555e-01
5.598623752593994141e-01
5.496391654014587402e-01
5.857026576995849609e-01
5.891792774200439453e-01
4.556583762168884277e-01
5.806852579116821289e-01
6.129652261734008789e-01
5.784582495689392090e-01
5.132312178611755371e-01
4.811974763870239258e-01
5.825325250625610352e-01
6.212400197982788086e-01
4.728300869464874268e-01
6.251013278961181641e-01
6.098775863647460938e-01
4.920693039894104004e-01
5.852100849151611328e-01
5.075181722640991211e-01
6.359339952468872070e-01
5.693711042404174805e-01
5.581924915313720703e-01
4.391940236091613770e-01
6.170387864112854004e-01
4.602344930171966553e-01
5.351259708404541016e-01
6.161150932312011719e-01
5.426348447799682617e-01
5.682680606842041016e-01
5.167269706726074219e-01
5.548653602600097656e-01
5.134794712066650391e-01
5.479270815849304199e-01
4.925616383552551270e-01
5.672041773796081543e-01
5.833528637886047363e-01
4.924215078353881836e-01
5.082705020904541016e-01
6.161416769027709961e-01
5.204687118530273438e-01
5.606148838996887207e-01
5.414484739303588867e-01
5.843989253044128418e-01
4.937297105789184570e-01
5.703318119049072266e-01
5.282673835754394531e-01
5.742616653442382812e-01
5.252419114112854004e-01
5.252486467361450195e-01
6.137648820877075195e-01
4.455628395080566406e-01
5.536029934883117676e-01
7.483156919479370117e-01
6.845902204513549805e-01
6.323220729827880859e-01
5.837903022766113281e-01
5.473700761795043945e-01
6.152964830398559570e-01
6.829800009727478027e-01
7.194629907608032227e-01
6.397503614425659180e-01
6.051097512245178223e-01
5.342082977294921875e-01
5.143117904663085938e-01
5.378180742263793945e-01
5.736718177795410156e-01
4.323318302631378174e-01
5.365376472473144531e-01
5.004524588584899902e-01
5.520980358123779297e-01
5.765901207923889160e-01
6.705175638198852539e-01
5.608424544334411621e-01
5.593892335891723633e-01
5.222491025924682617e-01
5.986688137054443359e-01
6.487315893173217773e-01
5.687440633773803711e-01
6.330474019050598145e-01
5.613828897476196289e-01
5.297912359237670898e-01
6.028389334678649902e-01
5.860763788223266602e-01
5.817508697509765625e-01
5.062552690505981445e-01
4.841060042381286621e-01
4.910974502563476562e-01
6.070829629898071289e-01
6.074589490890502930e-01
5.891754031181335449e-01
5.729359984397888184e-01
5.449490547180175781e-01
5.880256891250610352e-01
7.087419033050537109e-01
5.681464672088623047e-01
5.435791015625000000e-01
4.633984863758087158e-01
6.648614406585693359e-01
5.200045108795166016e-01
7.111779451370239258e-01
5.297456979751586914e-01
5.431737303733825684e-01
6.681884527206420898e-01
6.066365242004394531e-01
4.980982244014739990e-01
6.210895776748657227e-01
5.022864341735839844e-01
6.439654827117919922e-01
7.368513345718383789e-01
5.856655836105346680e-01
5.115661025047302246e-01
5.646927952766418457e-01
5.604218244552612305e-01
5.669248104095458984e-01
5.453851222991943359e-01
6.381077766418457031e-01
5.684313178062438965e-01
5.724261999130249023e-01
6.234020590782165527e-01
6.070166826248168945e-01
5.710614323616027832e-01
5.773450136184692383e-01
6.922181248664855957e-01
5.845015048980712891e-01
6.078155636787414551e-01
5.353969931602478027e-01
5.644549131393432617e-01
5.112839937210083008e-01
5.683797597885131836e-01
5.252963304519653320e-01
6.747046113014221191e-01
5.843299627304077148e-01
6.299232244491577148e-01
5.756565332412719727e-01
6.483670473098754883e-01
5.564660429954528809e-01
6.874774098396301270e-01
6.013059616088867188e-01
6.832859516143798828e-01
4.911209344863891602e-01
6.302687525749206543e-01
5.679615139961242676e-01
5.939317941665649414e-01
5.348924398422241211e-01
6.237176656723022461e-01
5.445470809936523438e-01
5.087707042694091797e-01
5.546741485595703125e-01
6.654801368713378906e-01
5.069492459297180176e-01
5.558509230613708496e-01
5.625777244567871094e-01
6.325831413269042969e-01
5.176065564155578613e-01
6.730732917785644531e-01
5.789837837219238281e-01
5.646778941154479980e-01
6.099005341529846191e-01
5.120714902877807617e-01
5.530318021774291992e-01
7.039676904678344727e-01
6.117702722549438477e-01
6.170532703399658203e-01
7.050297856330871582e-01
5.719445943832397461e-01
5.103551745414733887e-01
5.643009543418884277e-01
5.691413879394531250e-01
6.754146814346313477e-01
5.836753845214843750e-01
6.130193471908569336e-01
6.337132453918457031e-01
5.585936307907104492e-01
5.140745639801025391e-01
6.678678989410400391e-01
6.224269866943359375e-01
4.640983939170837402e-01
5.534474849700927734e-01
5.550235509872436523e-01
6.901333928108215332e-01
5.433493852615356445e-01
7.380678653717041016e-01
5.325517654418945312e-01
5.556310415267944336e-01
5.638993978500366211e-01
5.333335995674133301e-01
6.296380162239074707e-01
6.213772296905517578e-01
5.953735113143920898e-01
5.422778129577636719e-01
5.527612566947937012e-01
5.529265403747558594e-01
6.016141176223754883e-01
5.926303863525390625e-01
5.482887029647827148e-01
5.349506735801696777e-01
6.188670396804809570e-01
5.287668108940124512e-01
5.384336113929748535e-01
5.796794295310974121e-01
6.011179089546203613e-01
5.623794198036193848e-01
4.653707444667816162e-01
5.368643999099731445e-01
7.137193679809570312e-01
5.837113857269287109e-01
5.117063522338867188e-01
5.778797864913940430e-01
6.521482467651367188e-01
5.614198446273803711e-01
6.057726144790649414e-01
7.047979831695556641e-01
6.410014629364013672e-01
6.834728717803955078e-01
5.998403429985046387e-01
5.668119192123413086e-01
5.556167960166931152e-01
6.470443010330200195e-01
5.434758663177490234e-01
4.668971300125122070e-01
6.669698357582092285e-01
6.288160681724548340e-01
5.541081428527832031e-01
5.916752219200134277e-01
6.472893953323364258e-01
6.513242125511169434e-01
5.672339200973510742e-01
6.245419979095458984e-01
5.190012454986572266e-01
6.357944607734680176e-01
5.332036018371582031e-01
6.036658287048339844e-01
6.459311246871948242e-01
7.574169039726257324e-01
6.299786567687988281e-01
5.119057893753051758e-01
4.798434376716613770e-01
5.770492553710937500e-01
5.687986612319946289e-01
7.071970105171203613e-01
7.011160254478454590e-01
6.093680858612060547e-01
5.468384027481079102e-01
5.302904844284057617e-01
5.304169654846191406e-01
5.732271671295166016e-01
6.341624259948730469e-01
5.851348638534545898e-01
5.036003589630126953e-01
5.646872520446777344e-01
5.548605918884277344e-01
6.457625627517700195e-01
7.149481773376464844e-01
7.040907144546508789e-01
5.675264000892639160e-01
5.678772926330566406e-01
5.739359855651855469e-01
5.707067251205444336e-01
5.736045837402343750e-01
7.491887211799621582e-01
7.837498188018798828e-01
6.872704625129699707e-01
5.078877806663513184e-01
5.841964483261108398e-01
5.344793796539306641e-01
6.441153287887573242e-01
6.251770257949829102e-01
6.546916365623474121e-01
5.258170962333679199e-01
8.047664165496826172e-01
5.421851873397827148e-01
5.837077498435974121e-01
4.855290055274963379e-01
4.570457339286804199e-01
5.720914006233215332e-01
3.969382643699645996e-01
5.908495187759399414e-01
5.851079225540161133e-01
5.122249126434326172e-01
5.217548608779907227e-01
4.860847890377044678e-01
5.793443918228149414e-01
4.659069776535034180e-01
5.636560320854187012e-01
5.728045105934143066e-01
4.175421893596649170e-01
4.984115958213806152e-01
5.461503267288208008e-01
6.326146125793457031e-01
5.897445678710937500e-01
5.451357364654541016e-01
4.933033883571624756e-01
5.133700370788574219e-01
5.170609354972839355e-01
6.732851266860961914e-01
5.543666481971740723e-01
4.707477688789367676e-01
5.486711263656616211e-01
5.544602870941162109e-01
6.356397867202758789e-01
5.059678554534912109e-01
5.104217529296875000e-01
4.925335645675659180e-01
4.809247255325317383e-01
4.910057783126831055e-01
6.300585865974426270e-01
6.126977205276489258e-01
5.327231884002685547e-01
4.997486174106597900e-01
5.062579512596130371e-01
5.860834121704101562e-01
5.762286186218261719e-01
5.688403844833374023e-01
4.321165084838867188e-01
6.388607025146484375e-01
4.181466698646545410e-01
4.828263521194458008e-01
5.539732575416564941e-01
5.359137058258056641e-01
6.385143995285034180e-01
4.985244870185852051e-01
6.097303628921508789e-01
5.348248481750488281e-01
5.985776185989379883e-01
6.110687851905822754e-01
7.302893996238708496e-01
4.517582058906555176e-01
5.045318007469177246e-01
5.504340529441833496e-01
5.974513292312622070e-01
6.047172546386718750e-01
5.652615427970886230e-01
4.448780417442321777e-01
5.925279855728149414e-01
4.399209916591644287e-01
4.891217052936553955e-01
4.463843703269958496e-01
5.237692594528198242e-01
5.284758806228637695e-01
4.554070234298706055e-01
6.610849499702453613e-01
5.776214599609375000e-01
5.210013389587402344e-01
4.822531938552856445e-01
5.642720460891723633e-01
4.385231137275695801e-01
5.075892210006713867e-01
4.530008137226104736e-01
4.906869828701019287e-01
5.275307893753051758e-01
6.976056098937988281e-01
4.222075045108795166e-01
5.341116189956665039e-01
4.755056798458099365e-01
4.972453117370605469e-01
5.161298513412475586e-01
6.059494614601135254e-01
5.799351930618286133e-01
5.909014344215393066e-01
6.924600601196289062e-01
5.294290184974670410e-01
4.740707874298095703e-01
5.913482308387756348e-01
4.475671648979187012e-01
4.956831932067871094e-01
6.189236640930175781e-01
4.813520610332489014e-01
5.130780935287475586e-01
4.639273881912231445e-01
5.637130737304687500e-01
5.146762728691101074e-01
6.274312138557434082e-01
5.316960215568542480e-01
5.862409472465515137e-01
4.770285487174987793e-01
6.369290947914123535e-01
5.699216127395629883e-01
4.493696689605712891e-01
5.146602988243103027e-01
4.346818029880523682e-01
4.984712302684783936e-01
5.218402743339538574e-01
5.599137544631958008e-01
6.295181512832641602e-01
6.250634193420410156e-01
5.989606380462646484e-01
5.991742014884948730e-01
6.421800851821899414e-01
6.676844358444213867e-01
5.876263380050659180e-01
5.083243250846862793e-01
7.336227893829345703e-01
5.451126098632812500e-01
6.428828239440917969e-01
7.118854522705078125e-01
5.726310014724731445e-01
7.047225236892700195e-01
6.274926662445068359e-01
6.004829406738281250e-01
6.352390646934509277e-01
4.810388386249542236e-01
5.552572011947631836e-01
4.899230599403381348e-01
4.816838800907135010e-01
6.708003282546997070e-01
6.014099717140197754e-01
5.181007385253906250e-01
5.574064254760742188e-01
5.808855295181274414e-01
5.102238655090332031e-01
4.397722482681274414e-01
6.137462854385375977e-01
6.969295740127563477e-01
4.721815884113311768e-01
5.227401852607727051e-01
6.090526580810546875e-01
4.737620949745178223e-01
5.320101380348205566e-01
4.855383634567260742e-01
4.715686440467834473e-01
5.067863464355468750e-01
4.633391797542572021e-01
6.074241399765014648e-01
6.498357057571411133e-01
5.773240327835083008e-01
5.587549209594726562e-01
5.768067836761474609e-01
5.746349692344665527e-01
4.647246301174163818e-01
4.978956878185272217e-01
5.632423758506774902e-01
6.440786719322204590e-01
5.416322350502014160e-01
5.790613889694213867e-01
4.926850199699401855e-01
5.258227586746215820e-01
5.316893458366394043e-01
5.283590555191040039e-01
5.418687462806701660e-01
5.140820741653442383e-01
5.987180471420288086e-01
6.671276092529296875e-01
5.461860895156860352e-01
4.782101511955261230e-01
4.710981249809265137e-01
5.130385756492614746e-01
6.091678142547607422e-01
5.291277170181274414e-01
7.294971942901611328e-01
5.785497426986694336e-01
4.813803434371948242e-01
5.072215199470520020e-01
4.531832933425903320e-01
5.525588989257812500e-01
6.112490892410278320e-01
5.859140157699584961e-01
4.975696206092834473e-01
6.149740815162658691e-01
5.974526405334472656e-01
4.832211732864379883e-01
5.833718776702880859e-01
6.353371143341064453e-01
5.247862935066223145e-01
6.347512006759643555e-01
5.029298067092895508e-01
5.751821398735046387e-01
5.926691293716430664e-01
4.875163137912750244e-01
5.481213331222534180e-01
5.564998388290405273e-01
6.313600540161132812e-01
5.852261781692504883e-01
4.983965754508972168e-01
6.108698248863220215e-01
5.808672308921813965e-01
5.052536129951477051e-01
6.353832483291625977e-01
7.005305886268615723e-01
5.272426009178161621e-01
5.101130008697509766e-01
4.907287955284118652e-01
5.504460334777832031e-01
5.675350427627563477e-01
4.996598660945892334e-01
6.325987577438354492e-01
5.464557409286499023e-01
6.561471223831176758e-01
5.315047502517700195e-01
6.764075160026550293e-01
5.712308287620544434e-01
6.074969768524169922e-01
6.521126031875610352e-01
4.948315620422363281e-01
5.871242284774780273e-01
6.048982739448547363e-01
4.773159623146057129e-01
5.166010260581970215e-01
4.529942274093627930e-01
5.721071362495422363e-01
5.180203914642333984e-01
6.215118169784545898e-01
7.263364791870117188e-01
5.004915595054626465e-01
5.722851753234863281e-01
6.033130884170532227e-01
5.823500752449035645e-01
6.669514179229736328e-01
4.804166555404663086e-01
6.802535057067871094e-01
5.437339544296264648e-01
6.024377346038818359e-01
5.500600934028625488e-01
5.956097245216369629e-01
6.343745589256286621e-01
5.285066962242126465e-01
5.950347781181335449e-01
5.068011283874511719e-01
6.244193315505981445e-01
6.291411519050598145e-01
5.439640283584594727e-01
6.323558688163757324e-01
6.274999976158142090e-01
5.686345100402832031e-01
4.914647042751312256e-01
5.219305157661437988e-01
5.268027186393737793e-01
5.415195226669311523e-01
5.855540037155151367e-01
5.459804534912109375e-01
6.087737083435058594e-01
4.714582264423370361e-01
5.918711423873901367e-01
5.575300455093383789e-01
5.653936862945556641e-01
5.914904475212097168e-01
5.026714205741882324e-01
6.086283922195434570e-01
5.155714750289916992e-01
5.257332324981689453e-01
6.156661510467529297e-01
5.280644297599792480e-01
5.273317694664001465e-01
6.051874160766601562e-01
6.463442444801330566e-01
4.884882271289825439e-01
4.944816827774047852e-01
7.342797517776489258e-01
6.877882480621337891e-01
6.371487379074096680e-01
4.945509433746337891e-01
5.372518301010131836e-01
6.020513772964477539e-01
5.753459930419921875e-01
5.279837846755981445e-01
5.725059509277343750e-01
5.314596295356750488e-01
5.507411956787109375e-01
5.476952195167541504e-01
6.601694822311401367e-01
5.961567759513854980e-01
5.784788131713867188e-01
5.461610555648803711e-01
6.048767566680908203e-01
5.729444026947021484e-01
5.411484241485595703e-01
6.166357398033142090e-01
6.817054748535156250e-01
4.751669466495513916e-01
6.291301250457763672e-01
4.815851449966430664e-01
5.459517240524291992e-01
5.231267213821411133e-01
6.556096076965332031e-01
6.772964000701904297e-01
5.847145318984985352e-01
5.719597935676574707e-01
6.016927957534790039e-01
6.380475759506225586e-01
5.831841230392456055e-01
6.142236590385437012e-01
5.841798782348632812e-01
6.008227467536926270e-01
6.478562355041503906e-01
6.786214113235473633e-01
5.280241966247558594e-01
5.803326368331909180e-01
5.531376600265502930e-01
5.879163742065429688e-01
5.525152683258056641e-01
6.551162600517272949e-01
5.898692607879638672e-01
6.443382501602172852e-01
6.233261227607727051e-01
5.747362375259399414e-01
6.558163166046142578e-01
5.281895399093627930e-01
4.987883269786834717e-01
6.216820478439331055e-01
5.957909822463989258e-01
5.969974994659423828e-01
5.997786521911621094e-01
5.649265646934509277e-01
6.444742679595947266e-01
6.236726045608520508e-01
5.729501843452453613e-01
5.516222119331359863e-01
6.101132035255432129e-01
5.416086316108703613e-01
5.436388254165649414e-01
6.069273352622985840e-01
5.647405385971069336e-01
5.673075318336486816e-01
5.215235948562622070e-01
4.918675124645233154e-01
6.030719876289367676e-01
6.209434866905212402e-01
6.675509214401245117e-01
6.040607690811157227e-01
7.142445445060729980e-01
6.323210597038269043e-01
5.270553827285766602e-01
5.744625926017761230e-01
6.944306492805480957e-01
6.357163190841674805e-01
5.793144106864929199e-01
5.872370600700378418e-01
5.371791720390319824e-01
4.988820254802703857e-01
5.353393554687500000e-01
4.798424839973449707e-01
5.128040313720703125e-01
5.438889265060424805e-01
4.075659215450286865e-01
5.473954081535339355e-01
5.463227629661560059e-01
4.684389531612396240e-01
4.279608130455017090e-01
4.890652596950531006e-01
5.430818796157836914e-01
4.837011992931365967e-01
5.747152566909790039e-01
4.561209976673126221e-01
5.527628660202026367e-01
5.285663008689880371e-01
5.881305932998657227e-01
5.211676955223083496e-01
5.039936304092407227e-01
5.937986373901367188e-01
6.826753616333007812e-01
6.019775271415710449e-01
5.514600276947021484e-01
6.000899076461791992e-01
6.002601385116577148e-01
4.204118549823760986e-01
4.673418104648590088e-01
5.224165320396423340e-01
4.119527339935302734e-01
5.482138991355895996e-01
5.872514247894287109e-01
5.015796422958374023e-01
5.954489707946777344e-01
5.324172377586364746e-01
5.322818756103515625e-01
6.036392450332641602e-01
5.534112453460693359e-01
5.803425312042236328e-01
5.718824267387390137e-01
5.799729824066162109e-01
4.608589410781860352e-01
5.709307193756103516e-01
5.709010362625122070e-01
4.776030182838439941e-01
3.856946825981140137e-01
5.491737723350524902e-01
4.632270932197570801e-01
4.125493168830871582e-01
5.208291411399841309e-01
5.925973653793334961e-01
4.520199298858642578e-01
5.256110429763793945e-01
4.920114576816558838e-01
5.903354883193969727e-01
5.488214492797851562e-01
5.292823314666748047e-01
5.403948426246643066e-01
5.173184871673583984e-01
5.447072982788085938e-01
6.308813095092773438e-01
4.413477480411529541e-01
5.282635092735290527e-01
4.654864370822906494e-01
5.220797657966613770e-01
5.962516069412231445e-01
5.146334171295166016e-01
4.902108907699584961e-01
4.909473061561584473e-01
5.604337453842163086e-01
4.851126670837402344e-01
5.354622006416320801e-01
4.742890000343322754e-01
4.927960634231567383e-01
5.835613012313842773e-01
4.912225902080535889e-01
5.378338098526000977e-01
4.848563075065612793e-01
4.812637269496917725e-01
5.757051706314086914e-01
5.656076073646545410e-01
4.593940675258636475e-01
6.491757631301879883e-01
4.520074129104614258e-01
5.231672525405883789e-01
4.507089853286743164e-01
5.456519126892089844e-01
6.147624850273132324e-01
6.367360353469848633e-01
5.203481912612915039e-01
5.451461672782897949e-01
6.975857019424438477e-01
5.676000118255615234e-01
5.201943516731262207e-01
5.279755592346191406e-01
5.780310630798339844e-01
5.051475763320922852e-01
5.645877122879028320e-01
4.973413348197937012e-01
4.902987778186798096e-01
4.480608999729156494e-01
4.623663425445556641e-01
5.501637458801269531e-01
5.132123231887817383e-01
4.746412336826324463e-01
6.317256689071655273e-01
4.649871587753295898e-01
4.774042963981628418e-01
4.774835705757141113e-01
5.576837062835693359e-01
5.276688337326049805e-01
4.165959358215332031e-01
5.919343233108520508e-01
5.402032732963562012e-01
4.531100094318389893e-01
4.798856675624847412e-01
4.159920811653137207e-01
6.379966735839843750e-01
5.524394512176513672e-01
5.468714833259582520e-01
5.088270902633666992e-01
6.542285680770874023e-01
4.833433628082275391e-01
5.329945683479309082e-01
6.582356691360473633e-01
5.034451484680175781e-01
5.676795244216918945e-01
5.594052076339721680e-01
5.315446853637695312e-01
5.539783239364624023e-01
5.373325943946838379e-01
5.007291436195373535e-01
4.918300807476043701e-01
6.222192049026489258e-01
4.663507938385009766e-01
5.417262911796569824e-01
5.020385980606079102e-01
4.587475061416625977e-01
4.906744956970214844e-01
5.931787490844726562e-01
5.238575935363769531e-01
5.570951104164123535e-01
4.786723852157592773e-01
4.591773748397827148e-01
5.263672471046447754e-01
6.269959211349487305e-01
5.441490411758422852e-01
5.130761861801147461e-01
5.329274535179138184e-01
4.744096100330352783e-01
6.655197739601135254e-01
7.103515863418579102e-01
4.885749816894531250e-01
5.821499824523925781e-01
4.886850714683532715e-01
4.347607195377349854e-01
5.992406010627746582e-01
6.023297309875488281e-01
4.655888676643371582e-01
5.758305191993713379e-01
5.239030122756958008e-01
5.826383233070373535e-01
4.487939774990081787e-01
5.734714269638061523e-01
5.875242352485656738e-01
6.745216846466064453e-01
5.586735606193542480e-01
5.308929681777954102e-01
5.591942667961120605e-01
4.999963343143463135e-01
5.161633491516113281e-01
5.152919292449951172e-01
3.970475792884826660e-01
4.983357191085815430e-01
5.756804347038269043e-01
4.547891616821289062e-01
5.707746744155883789e-01
6.085340380668640137e-01
6.656373739242553711e-01
5.051456689834594727e-01
4.343711733818054199e-01
5.496659278869628906e-01
4.997516274452209473e-01
5.960643291473388672e-01
4.936942756175994873e-01
4.728381037712097168e-01
5.595702528953552246e-01
6.678990125656127930e-01
6.086311340332031250e-01
5.707790851593017578e-01
5.283325910568237305e-01
5.579637885093688965e-01
6.837997436523437500e-01
5.985410213470458984e-01
6.200817823410034180e-01
4.938989281654357910e-01
6.615873575210571289e-01
5.514919757843017578e-01
5.661596655845642090e-01
5.353478193283081055e-01
5.108403563499450684e-01
6.311473846435546875e-01
4.365090131759643555e-01
4.723643660545349121e-01
5.880870223045349121e-01
5.500343441963195801e-01
6.135185956954956055e-01
5.527876615524291992e-01
5.060869455337524414e-01
5.996743440628051758e-01
5.476748943328857422e-01
5.065026283264160156e-01
5.882074832916259766e-01
5.110557079315185547e-01
4.888989031314849854e-01
6.387929916381835938e-01
5.183320045471191406e-01
5.000114440917968750e-01
4.909138679504394531e-01
5.937082767486572266e-01
6.191908717155456543e-01
5.573424100875854492e-01
5.778622031211853027e-01
6.112112402915954590e-01
5.241826772689819336e-01
6.920099258422851562e-01
3.824846744537353516e-01
4.936763644218444824e-01
5.006039142608642578e-01
5.601357221603393555e-01
5.780164003372192383e-01
5.110617876052856445e-01
5.716216564178466797e-01
5.292702913284301758e-01
5.622030496597290039e-01
5.780713558197021484e-01
4.895175993442535400e-01
5.364937782287597656e-01
5.743402242660522461e-01
6.984357833862304688e-01
5.392917990684509277e-01
4.744215011596679688e-01
5.766009688377380371e-01
6.765870451927185059e-01
6.041193008422851562e-01
6.329883337020874023e-01
5.786629319190979004e-01
5.271941423416137695e-01
4.874900877475738525e-01
6.326121687889099121e-01
5.173901319503784180e-01
6.693825125694274902e-01
6.450746655464172363e-01
4.468807578086853027e-01
6.330301761627197266e-01
6.163125038146972656e-01
6.001266837120056152e-01
6.321777105331420898e-01
5.823439359664916992e-01
5.971468091011047363e-01
5.920915603637695312e-01
6.546956300735473633e-01
4.399565160274505615e-01
4.952239394187927246e-01
5.125983953475952148e-01
6.096627116203308105e-01
5.757741928100585938e-01
4.592485725879669189e-01
5.631784200668334961e-01
5.611443519592285156e-01
6.001213788986206055e-01
4.917028844356536865e-01
5.463992357254028320e-01
6.268230676651000977e-01
6.680762171745300293e-01
4.424608945846557617e-01
6.409586668014526367e-01
5.902236700057983398e-01
6.521016955375671387e-01
6.367266774177551270e-01
5.505720973014831543e-01
6.284607052803039551e-01
5.984679460525512695e-01
6.089100837707519531e-01
5.973011255264282227e-01
5.046891570091247559e-01
5.528823733329772949e-01
5.825459957122802734e-01
5.428287386894226074e-01
6.367788314819335938e-01
5.538534522056579590e-01
6.568356156349182129e-01
5.440949797630310059e-01
4.682461321353912354e-01
7.096460461616516113e-01
4.878866374492645264e-01
5.584456920623779297e-01
5.264895558357238770e-01
5.479910373687744141e-01
5.539683699607849121e-01
6.240866184234619141e-01
4.775228500366210938e-01
6.660758256912231445e-01
5.050458908081054688e-01
4.883584082126617432e-01
4.831081032752990723e-01
4.782602488994598389e-01
6.029270887374877930e-01
4.948042631149291992e-01
6.482757329940795898e-01
5.830368995666503906e-01
5.119259357452392578e-01
5.913441777229309082e-01
5.478420257568359375e-01
6.074451208114624023e-01
5.492877960205078125e-01
6.174153685569763184e-01
6.101001501083374023e-01
6.427464485168457031e-01
6.105911731719970703e-01
6.756931543350219727e-01
4.751652777194976807e-01
6.262522935867309570e-01
4.557479619979858398e-01
5.945733785629272461e-01
6.457126140594482422e-01
4.984208643436431885e-01
6.718751192092895508e-01
5.150526762008666992e-01
7.240820527076721191e-01
7.386134862899780273e-01
5.997768640518188477e-01
5.751290321350097656e-01
5.394182205200195312e-01
5.500647425651550293e-01
5.370788574218750000e-01
6.428413391113281250e-01
4.465922117233276367e-01
6.175315380096435547e-01
7.196788191795349121e-01
5.282931327819824219e-01
5.553458929061889648e-01
6.011980772018432617e-01
5.372880697250366211e-01
5.423092842102050781e-01
5.521272420883178711e-01
6.026051044464111328e-01
6.232326030731201172e-01
6.308016777038574219e-01
7.271473407745361328e-01
5.389346480369567871e-01
4.352812767028808594e-01
4.771510958671569824e-01
5.787596702575683594e-01
4.486952424049377441e-01
5.101746916770935059e-01
4.981335997581481934e-01
5.724809169769287109e-01
4.131481051445007324e-01
4.119899570941925049e-01
4.110578298568725586e-01
4.005492925643920898e-01
5.196650624275207520e-01
4.417938590049743652e-01
6.993290185928344727e-01
5.857570171356201172e-01
4.867809116840362549e-01
4.508893489837646484e-01
3.973506093025207520e-01
6.280261278152465820e-01
4.296450614929199219e-01
4.526590406894683838e-01
5.408603549003601074e-01
4.846749901771545410e-01
5.063853263854980469e-01
5.733401775360107422e-01
5.513362288475036621e-01
4.865185618400573730e-01
4.906059503555297852e-01
5.283631682395935059e-01
5.031049251556396484e-01
5.004763603210449219e-01
4.956232011318206787e-01
5.520167350769042969e-01
5.178874731063842773e-01
5.322341918945312500e-01
4.658337831497192383e-01
4.077005684375762939e-01
4.958302974700927734e-01
6.203217506408691406e-01
5.231918096542358398e-01
4.672878682613372803e-01
5.644429922103881836e-01
5.437554717063903809e-01
5.664322376251220703e-01
5.677877068519592285e-01
5.485572218894958496e-01
5.083546042442321777e-01
4.305714964866638184e-01
5.074623227119445801e-01
5.455502271652221680e-01
4.124725461006164551e-01
5.132422447204589844e-01
5.582182407379150391e-01
4.530333280563354492e-01
4.833965897560119629e-01
5.535812377929687500e-01
5.489511489868164062e-01
5.754673480987548828e-01
6.571781635284423828e-01
4.427951574325561523e-01
4.860624670982360840e-01
5.215763449668884277e-01
4.557139575481414795e-01
4.998465776443481445e-01
5.802236199378967285e-01
5.157304406166076660e-01
5.754427909851074219e-01
4.941135048866271973e-01
5.295079350471496582e-01
4.490991234779357910e-01
6.808296442031860352e-01
4.719812273979187012e-01
4.651200771331787109e-01
5.015937089920043945e-01
4.967883825302124023e-01
5.185495018959045410e-01
5.467526316642761230e-01
4.571304917335510254e-01
5.606106519699096680e-01
4.628865718841552734e-01
5.379207730293273926e-01
5.433255434036254883e-01
5.919138193130493164e-01
5.757552385330200195e-01
5.652108192443847656e-01
5.336903929710388184e-01
4.933458566665649414e-01
4.830522835254669189e-01
5.061217546463012695e-01
5.857170224189758301e-01
4.764437675476074219e-01
4.831525683403015137e-01
5.704551339149475098e-01
5.401786565780639648e-01
6.813256740570068359e-01
5.201483964920043945e-01
4.712425470352172852e-01
5.947273969650268555e-01
5.688102841377258301e-01
6.413907408714294434e-01
5.341314077377319336e-01
5.248460173606872559e-01
4.523471891880035400e-01
5.022570490837097168e-01
4.426250755786895752e-01
5.344132184982299805e-01
4.879283308982849121e-01
5.902878046035766602e-01
4.895966649055480957e-01
5.042629837989807129e-01
5.419046282768249512e-01
5.565407276153564453e-01
5.537685155868530273e-01
4.542271494865417480e-01
5.128512978553771973e-01
5.666589736938476562e-01
5.088932514190673828e-01
5.372672080993652344e-01
5.493519306182861328e-01
4.365077614784240723e-01
5.059295892715454102e-01
6.073935031890869141e-01
5.381416082382202148e-01
5.221718549728393555e-01
5.520225763320922852e-01
4.923222661018371582e-01
5.209162235260009766e-01
4.312103986740112305e-01
5.352774858474731445e-01
5.779279470443725586e-01
4.734364449977874756e-01
5.252619981765747070e-01
5.727326273918151855e-01
6.022530794143676758e-01
4.921623170375823975e-01
5.227794051170349121e-01
5.261713862419128418e-01
4.436053633689880371e-01
5.051578283309936523e-01
5.289547443389892578e-01
5.189545750617980957e-01
5.888121724128723145e-01
5.237213373184204102e-01
5.942133665084838867e-01
5.904784798622131348e-01
5.856889486312866211e-01
5.570374727249145508e-01
5.838184356689453125e-01
6.824924349784851074e-01
4.669642746448516846e-01
6.163677573204040527e-01
6.239646077156066895e-01
5.370814204216003418e-01
4.686436653137207031e-01
5.436529517173767090e-01
5.328142642974853516e-01
5.323185920715332031e-01
6.569973230361938477e-01
6.883849501609802246e-01
5.791435241699218750e-01
5.122542381286621094e-01
4.660074114799499512e-01
5.762598514556884766e-01
4.605969488620758057e-01
5.827327966690063477e-01
5.422602891921997070e-01
6.216294169425964355e-01
5.214935541152954102e-01
4.728583693504333496e-01
5.451149940490722656e-01
5.641934871673583984e-01
4.916492104530334473e-01
5.656006336212158203e-01
5.536350011825561523e-01
5.240973234176635742e-01
5.454067587852478027e-01
6.097848415374755859e-01
6.269038915634155273e-01
5.872398614883422852e-01
5.152494907379150391e-01
6.195783615112304688e-01
5.481491088867187500e-01
4.700319766998291016e-01
6.191332340240478516e-01
5.981325507164001465e-01
6.021361351013183594e-01
6.188725233078002930e-01
5.774969458580017090e-01
5.282757282257080078e-01
5.860960483551025391e-01
5.039968490600585938e-01
6.198607683181762695e-01
5.413564443588256836e-01
4.493135809898376465e-01
5.997732877731323242e-01
6.554862856864929199e-01
5.296313762664794922e-01
4.708493351936340332e-01
5.823967456817626953e-01
5.028083324432373047e-01
5.254466533660888672e-01
4.443491697311401367e-01
5.226225256919860840e-01
5.785987377166748047e-01
5.060775279998779297e-01
6.383129358291625977e-01
5.426914691925048828e-01
5.500908493995666504e-01
6.146274805068969727e-01
5.698768496513366699e-01
5.907655954360961914e-01
4.464559555053710938e-01
5.253062248229980469e-01
4.621414542198181152e-01
5.494256019592285156e-01
4.391264319419860840e-01
4.778702259063720703e-01
5.628467798233032227e-01
5.394748449325561523e-01
5.246646404266357422e-01
4.991647899150848389e-01
5.336323976516723633e-01
4.772655367851257324e-01
5.804905891418457031e-01
4.552420377731323242e-01
5.648976564407348633e-01
5.051658749580383301e-01
4.166120886802673340e-01
5.048369765281677246e-01
5.784125924110412598e-01
5.425420999526977539e-01
5.246685743331909180e-01
5.666147470474243164e-01
5.372306108474731445e-01
6.399707198143005371e-01
6.619896292686462402e-01
4.338373839855194092e-01
5.721904039382934570e-01
5.680629014968872070e-01
4.699970483779907227e-01
5.493969917297363281e-01
5.001800656318664551e-01
5.300631523132324219e-01
6.029549837112426758e-01
5.561178922653198242e-01
5.588915348052978516e-01
5.259123444557189941e-01
5.153296589851379395e-01
5.022194981575012207e-01
5.823662877082824707e-01
4.710529148578643799e-01
4.552522003650665283e-01
5.479789972305297852e-01
5.807987451553344727e-01
5.400398373603820801e-01
5.031975507736206055e-01
5.749503970146179199e-01
5.614088773727416992e-01
6.753804683685302734e-01
5.644393563270568848e-01
5.495191812515258789e-01
4.025392234325408936e-01
4.885606765747070312e-01
4.794779419898986816e-01
6.105707883834838867e-01
5.879004001617431641e-01
5.535901784896850586e-01
6.169276237487792969e-01
6.246060132980346680e-01
5.324944257736206055e-01
6.162345409393310547e-01
6.179483532905578613e-01
5.795851349830627441e-01
4.582753479480743408e-01
5.681346654891967773e-01
6.651627421379089355e-01
5.554315447807312012e-01
4.857038855552673340e-01
6.502244472503662109e-01
6.125102639198303223e-01
5.637389421463012695e-01
5.730484127998352051e-01
5.944538712501525879e-01
6.022662520408630371e-01
5.250899791717529297e-01
5.159966945648193359e-01
5.257391929626464844e-01
5.744128227233886719e-01
4.942699968814849854e-01
4.646207392215728760e-01
5.489041805267333984e-01
4.574885368347167969e-01
5.688345432281494141e-01
5.263644456863403320e-01
6.047437191009521484e-01
4.562605619430541992e-01
6.350377798080444336e-01
5.442010164260864258e-01
4.953679442405700684e-01
5.549761652946472168e-01
6.134493350982666016e-01
4.969312548637390137e-01
5.404847860336303711e-01
5.360442996025085449e-01
4.700772166252136230e-01
5.993047952651977539e-01
4.926502406597137451e-01
5.358837246894836426e-01
5.242728590965270996e-01
5.511556267738342285e-01
5.872604846954345703e-01
4.557407796382904053e-01
5.273649096488952637e-01
5.667046308517456055e-01
4.880626201629638672e-01
6.362563967704772949e-01
6.046305298805236816e-01
5.259897708892822266e-01
6.737396717071533203e-01
5.508383512496948242e-01
4.488147199153900146e-01
4.139705896377563477e-01
5.381960272789001465e-01
5.049389600753784180e-01
5.038301944732666016e-01
5.822629928588867188e-01
6.217169165611267090e-01
4.345404207706451416e-01
5.214792490005493164e-01
5.745197534561157227e-01
5.883367657661437988e-01
5.947059988975524902e-01
5.504171848297119141e-01
5.736409425735473633e-01
5.604806542396545410e-01
5.217078328132629395e-01
6.299625635147094727e-01
5.442205667495727539e-01
5.522719621658325195e-01
4.245625734329223633e-01
4.954453110694885254e-01
6.240051984786987305e-01
5.550334453582763672e-01
5.234045982360839844e-01
6.060827970504760742e-01
5.000825524330139160e-01
5.779558420181274414e-01
5.999144315719604492e-01
5.327752828598022461e-01
5.324211716651916504e-01
6.035705804824829102e-01
4.549361169338226318e-01
4.371176660060882568e-01
5.374965667724609375e-01
6.937226653099060059e-01
5.217528939247131348e-01
6.601729393005371094e-01
3.878927826881408691e-01
4.700824916362762451e-01
4.906931221485137939e-01
4.901206493377685547e-01
4.905173182487487793e-01
4.623418450355529785e-01
5.695931911468505859e-01
4.750268757343292236e-01
5.014943480491638184e-01
4.729822278022766113e-01
4.772883951663970947e-01
5.739588737487792969e-01
5.052833557128906250e-01
4.274220466613769531e-01
5.933368802070617676e-01
5.166643857955932617e-01
5.471686124801635742e-01
4.721610844135284424e-01
5.145989656448364258e-01
6.157659292221069336e-01
5.097525119781494141e-01
5.625776052474975586e-01
5.154470801353454590e-01
4.655497074127197266e-01
5.909656286239624023e-01
5.060035586357116699e-01
3.950377702713012695e-01
4.406750500202178955e-01
5.176417231559753418e-01
5.137495994567871094e-01
6.327056884765625000e-01
4.962955415248870850e-01
5.458543896675109863e-01
5.456249713897705078e-01
4.587582945823669434e-01
4.543168246746063232e-01
4.539383649826049805e-01
4.822380542755126953e-01
5.796184539794921875e-01
5.137541890144348145e-01
5.336702466011047363e-01
4.657331705093383789e-01
4.767020046710968018e-01
4.435225725173950195e-01
5.777540206909179688e-01
5.081510543823242188e-01
5.274999737739562988e-01
4.177783131599426270e-01
4.646496772766113281e-01
5.262976884841918945e-01
4.192417562007904053e-01
5.289582014083862305e-01
4.556128680706024170e-01
5.005024671554565430e-01
6.366536021232604980e-01
5.414494276046752930e-01
5.214059352874755859e-01
4.746370911598205566e-01
4.708663225173950195e-01
4.706390500068664551e-01
5.837699770927429199e-01
4.933665990829467773e-01
5.571142435073852539e-01
3.844274282455444336e-01
5.218999385833740234e-01
4.970560073852539062e-01
4.404612779617309570e-01
3.679908215999603271e-01
3.934163749217987061e-01
5.639797449111938477e-01
5.242548584938049316e-01
4.951049983501434326e-01
4.828573465347290039e-01
4.667808711528778076e-01
4.504820108413696289e-01
4.590994417667388916e-01
4.975788891315460205e-01
5.124741792678833008e-01
5.959753394126892090e-01
6.112543344497680664e-01
4.314429163932800293e-01
4.897962212562561035e-01
5.414807796478271484e-01
4.376939237117767334e-01
4.573263227939605713e-01
6.205481290817260742e-01
5.627677440643310547e-01
5.383284091949462891e-01
5.219788551330566406e-01
4.869271814823150635e-01
4.655548334121704102e-01
5.414375662803649902e-01
5.337355136871337891e-01
4.934318661689758301e-01
5.027826428413391113e-01
4.546032845973968506e-01
5.490083694458007812e-01
5.320165157318115234e-01
4.603523612022399902e-01
3.788358271121978760e-01
4.540473818778991699e-01
5.138276815414428711e-01
5.989980697631835938e-01
5.565307140350341797e-01
4.326502084732055664e-01
5.116847157478332520e-01
4.041519463062286377e-01
5.118515491485595703e-01
4.036363661289215088e-01
5.023413896560668945e-01
5.002482533454895020e-01
4.631805419921875000e-01
5.295956134796142578e-01
4.950845539569854736e-01
4.814851880073547363e-01
4.982761144638061523e-01
5.543504357337951660e-01
5.128980875015258789e-01
4.725035429000854492e-01
4.723297655582427979e-01
5.358016490936279297e-01
4.248943924903869629e-01
5.005213618278503418e-01
4.489999711513519287e-01
4.418644309043884277e-01
5.050196647644042969e-01
5.228300094604492188e-01
4.683676660060882568e-01
4.824304282665252686e-01
5.445568561553955078e-01
6.391496062278747559e-01
5.046895146369934082e-01
5.358477830886840820e-01
5.221489071846008301e-01
5.356277227401733398e-01
5.178637504577636719e-01
4.817404448986053467e-01
5.472315549850463867e-01
5.881698727607727051e-01
4.203400611877441406e-01
4.458517730236053467e-01
6.079840660095214844e-01
5.559762716293334961e-01
5.119134783744812012e-01
5.186673998832702637e-01
5.250616073608398438e-01
4.518212080001831055e-01
5.432504415512084961e-01
5.526220798492431641e-01
5.746206045150756836e-01
5.062229633331298828e-01
5.086122751235961914e-01
4.651150703430175781e-01
4.594040513038635254e-01
4.801314771175384521e-01
5.914535522460937500e-01
3.624947071075439453e-01
5.562809705734252930e-01
5.656450390815734863e-01
5.253809690475463867e-01
5.802299976348876953e-01
5.065482258796691895e-01
5.799988508224487305e-01
4.592056870460510254e-01
5.391893982887268066e-01
5.324263572692871094e-01
5.726852416992187500e-01
5.501589179039001465e-01
4.901071488857269287e-01
4.609944820404052734e-01
5.143523216247558594e-01
4.444905519485473633e-01
4.699263274669647217e-01
4.865614771842956543e-01
4.925211668014526367e-01
6.284165978431701660e-01
6.486212611198425293e-01
4.742275178432464600e-01
5.505180358886718750e-01
5.701875090599060059e-01
5.259485244750976562e-01
5.535813570022583008e-01
4.426876306533813477e-01
6.569969654083251953e-01
5.286466479301452637e-01
5.371174812316894531e-01
5.399539470672607422e-01
5.631392002105712891e-01
4.984140396118164062e-01
5.256924033164978027e-01
5.265771150588989258e-01
5.136610269546508789e-01
5.488264560699462891e-01
5.493634939193725586e-01
4.794238209724426270e-01
5.914182066917419434e-01
4.632340669631958008e-01
5.846101045608520508e-01
4.506631195545196533e-01
4.549153745174407959e-01
6.292369365692138672e-01
5.922902822494506836e-01
5.038591623306274414e-01
5.038883686065673828e-01
5.874875187873840332e-01
4.966133236885070801e-01
5.593680143356323242e-01
5.903186798095703125e-01
4.393238425254821777e-01
4.414575099945068359e-01
5.594347715377807617e-01
4.729555249214172363e-01
5.468857884407043457e-01
5.241385698318481445e-01
4.579524397850036621e-01
5.886359810829162598e-01
4.818770587444305420e-01
6.148141622543334961e-01
6.009691953659057617e-01
5.476709008216857910e-01
4.449402689933776855e-01
5.395122766494750977e-01
5.204595327377319336e-01
4.357226490974426270e-01
6.465013027191162109e-01
4.568136930465698242e-01
7.122622132301330566e-01
5.645798444747924805e-01
5.686049461364746094e-01
5.186901092529296875e-01
5.316824316978454590e-01
5.693640112876892090e-01
4.903653264045715332e-01
5.512138605117797852e-01
5.129445791244506836e-01
6.316730976104736328e-01
5.926150083541870117e-01
5.232434868812561035e-01
5.297545194625854492e-01
4.992038905620574951e-01
5.954145193099975586e-01
5.188791155815124512e-01
4.894664883613586426e-01
5.367594957351684570e-01
5.173797011375427246e-01
5.091347098350524902e-01
4.350188970565795898e-01
5.792153477668762207e-01
5.301158428192138672e-01
4.820152223110198975e-01
5.611436367034912109e-01
6.034186482429504395e-01
4.747000932693481445e-01
5.299206972122192383e-01
6.254978179931640625e-01
5.243994593620300293e-01
6.122397184371948242e-01
5.107308626174926758e-01
4.893352389335632324e-01
5.519602298736572266e-01
5.476217269897460938e-01
6.344604492187500000e-01
7.162984609603881836e-01
5.507341623306274414e-01
4.778932332992553711e-01
4.990684986114501953e-01
6.284752488136291504e-01
5.884600877761840820e-01
5.341508388519287109e-01
6.176597476005554199e-01
5.098011493682861328e-01
6.929661035537719727e-01
4.848645925521850586e-01
4.774868190288543701e-01
5.003230571746826172e-01
5.351607203483581543e-01
5.018029808998107910e-01
5.200566053390502930e-01
5.001078248023986816e-01
5.287418961524963379e-01
5.297523140907287598e-01
4.954833984375000000e-01
6.190807819366455078e-01
5.889267921447753906e-01
5.829120278358459473e-01
6.061732769012451172e-01
5.181483030319213867e-01
5.680884122848510742e-01
5.118451118469238281e-01
4.764687418937683105e-01
5.249091982841491699e-01
5.556825995445251465e-01
5.822443962097167969e-01
5.257902145385742188e-01
5.864283442497253418e-01
5.634777545928955078e-01
4.796481132507324219e-01
5.778423547744750977e-01
5.705342292785644531e-01
5.419544577598571777e-01
5.678794384002685547e-01
5.304313302040100098e-01
5.078825354576110840e-01
4.861210584640502930e-01
4.688825607299804688e-01
4.747103452682495117e-01
5.635644197463989258e-01
5.621466040611267090e-01
5.200442075729370117e-01
5.659642219543457031e-01
4.896214008331298828e-01
5.536541938781738281e-01
5.018489360809326172e-01
4.781970679759979248e-01
5.881941318511962891e-01
4.130327701568603516e-01
5.117801427841186523e-01
4.762332439422607422e-01
5.643231272697448730e-01
5.962254405021667480e-01
4.333601593971252441e-01
5.927181839942932129e-01
5.570027828216552734e-01
7.282031178474426270e-01
5.174552202224731445e-01
6.138150691986083984e-01
7.228012084960937500e-01
5.938753485679626465e-01
6.007654666900634766e-01
5.503653883934020996e-01
4.939011931419372559e-01
5.376588702201843262e-01
4.688995480537414551e-01
5.792856216430664062e-01
4.701941311359405518e-01
5.589363574981689453e-01
6.196179389953613281e-01
6.715711355209350586e-01
5.900124311447143555e-01
4.901970028877258301e-01
4.504458308219909668e-01
5.610208511352539062e-01
5.236837863922119141e-01
5.030562281608581543e-01
5.038994550704956055e-01
5.311044454574584961e-01
4.397637546062469482e-01
6.004936099052429199e-01
6.060421466827392578e-01
4.663207530975341797e-01
4.997417628765106201e-01
6.441440582275390625e-01
6.088316440582275391e-01
6.650173068046569824e-01
5.235674977302551270e-01
